order_item_id,order_id,product_id,quantity,unit_price
1,1,216,4,13600
2,1,34,1,87000
3,1,187,1,93000
4,1,112,1,225000
5,2,214,1,64000
6,2,182,1,210600
7,3,298,1,22400
8,3,171,1,91800
9,4,97,1,93000
10,4,295,3,51000
11,5,178,1,8000
12,5,268,1,83600
13,6,144,1,39000
14,6,122,2,54200
15,7,281,1,178600
16,8,9,1,55000
17,8,116,1,16000
18,8,268,1,74800
19,8,110,2,136000
20,9,59,1,36100
21,9,210,5,92700
22,9,51,1,122600
23,9,174,1,52200
24,10,208,2,72200
25,10,241,1,137700
26,11,217,1,102000
27,11,203,1,101600
28,11,261,1,43200
29,12,2,2,154800
30,12,131,3,82000
31,12,182,1,222300
32,12,278,1,53000
33,12,222,3,168000
34,13,247,2,46800
35,13,54,1,30600
36,13,271,2,108000
37,14,64,1,54000
38,14,288,2,68400
39,14,127,1,127300
40,15,49,2,16200
41,15,186,2,39900
42,16,62,1,245700
43,16,1,1,68000
44,16,142,1,172600
45,17,139,1,41800
46,17,118,5,33000
47,18,83,2,156000
48,19,166,1,30000
49,19,295,2,51000
50,19,200,2,125000
51,19,211,1,67000
52,19,19,1,45900
53,19,93,1,176000
54,20,112,1,212500
55,20,58,1,7600
56,20,291,2,226100
57,21,256,2,17100
58,21,204,2,6600
59,22,110,1,136000
60,22,100,3,42800
61,22,4,2,43000
62,22,94,1,69000
63,23,145,1,30400
64,23,225,1,5000
65,23,142,1,162400
66,23,281,2,178600
67,24,194,3,72200
68,25,192,1,325800
69,25,36,1,32300
70,25,248,5,105000
71,25,189,3,31000
72,25,126,1,13000
73,25,63,1,106000
74,26,243,3,163000
75,27,169,1,39600
76,27,76,1,10400
77,27,103,2,31400
78,28,110,1,136000
79,29,145,4,28800
80,29,275,2,55200
81,30,261,1,45600
82,30,234,1,10200
83,30,88,4,118800
84,30,285,1,18000
85,30,126,1,12400
86,31,33,1,31400
87,32,85,1,8500
88,33,226,3,26600
89,33,197,1,124400
90,33,205,2,28000
91,33,181,1,45600
92,33,123,3,132000
93,34,264,1,72000
94,34,233,1,19000
95,34,62,1,259400
96,34,287,1,62100
97,35,195,1,40500
98,35,143,5,99000
99,35,47,1,16000
100,35,15,1,65700
101,35,116,1,16000
102,36,67,2,72000
103,36,165,5,5000
104,36,41,2,35200
105,36,110,1,108800
106,36,53,1,32000
107,37,45,2,54000
108,38,201,2,69300
109,38,175,1,37400
110,39,98,1,107000
111,39,100,2,45000
112,39,20,1,83000
113,39,214,4,60800
114,39,278,2,45000
115,39,280,2,109800
116,40,279,1,22500
117,41,28,2,102600
118,41,14,1,49000
119,41,255,1,13500
120,42,171,1,102000
121,42,183,1,110700
122,43,116,1,14400
123,43,245,1,61200
124,44,159,1,16800
125,44,114,2,39100
126,44,139,1,44000
127,44,247,4,52200
128,45,131,1,77900
129,46,213,1,119700
130,46,258,4,90100
131,46,61,2,30600
132,47,88,1,125000
133,47,159,1,21000
134,48,1,1,64600
135,48,100,1,42800
136,48,165,1,4800
137,49,64,3,48600
138,49,141,1,64000
139,50,152,1,166200
140,50,161,4,172000
141,50,267,1,67500
142,51,49,3,14400
143,51,158,1,35200
144,52,163,1,128700
145,53,129,1,27000
146,53,3,1,22000
147,54,84,1,94000
148,54,55,1,23000
149,55,253,1,18400
150,55,6,1,36000
151,56,138,1,103500
152,57,239,2,46000
153,58,93,1,167200
154,58,294,1,16200
155,59,232,3,162400
156,59,172,4,328000
157,59,15,1,73000
158,59,85,1,8500
159,59,247,1,44000
160,59,253,1,23000
161,60,76,2,12400
162,60,102,1,226400
163,61,254,1,47700
164,62,264,1,57600
165,62,130,1,141600
166,62,109,2,8000
167,63,168,2,18900
168,63,294,2,15200
169,64,107,1,108000
170,64,76,1,11000
171,65,31,1,41400
172,66,224,1,82800
173,67,33,5,31400
174,67,294,2,19000
175,68,194,2,76500
176,69,33,5,26400
177,69,53,1,32000
178,69,285,1,16200
179,70,32,1,186300
180,70,161,1,146200
181,70,154,1,67000
182,71,34,3,87000
183,71,294,1,18000
184,71,235,1,21000
185,71,77,1,131400
186,71,114,1,41400
187,72,53,1,30400
188,73,233,1,19000
189,73,191,1,93000
190,74,291,3,214200
191,75,188,1,28000
192,75,212,3,307000
193,75,300,5,106200
194,76,73,2,68000
195,77,64,1,54000
196,77,163,4,143000
197,77,4,3,36600
198,77,83,1,156000
199,77,28,2,102600
200,78,241,1,137700
201,78,279,1,25000
202,79,120,1,134000
203,80,192,1,307700
204,80,226,2,25200
205,80,103,1,33300
206,81,72,2,119000
207,81,269,1,26100
208,81,278,2,53000
209,81,238,1,35200
210,82,40,5,95000
211,83,289,1,31200
212,83,3,1,22000
213,83,204,2,7000
214,83,279,1,22500
215,83,184,1,38000
216,84,72,1,140000
217,85,56,2,17000
218,86,281,2,188000
219,87,56,3,19000
220,88,131,1,82000
221,88,300,3,100300
222,88,281,1,178600
223,88,59,5,38000
224,88,188,1,33000
225,89,106,1,28000
226,89,29,1,13600
227,89,253,2,20700
228,90,259,1,8000
229,90,183,1,104600
230,91,291,1,214200
231,92,280,1,97600
232,92,241,1,137700
233,92,130,1,149000
234,93,144,1,39000
235,93,251,1,200400
236,93,124,2,25200
237,94,64,4,51300
238,95,225,1,4800
239,95,214,2,57600
240,96,298,1,25200
241,97,113,2,55200
242,97,243,2,163000
243,97,85,1,8500
244,98,161,1,154800
245,98,3,2,19800
246,98,163,1,143000
247,99,98,2,101600
248,100,123,1,118800
249,100,90,2,104400
250,100,59,1,38000
251,101,153,4,155800
252,101,126,1,13000
253,102,204,2,7000
254,102,190,2,66000
255,103,50,2,59000
256,104,154,1,63600
257,104,226,1,23800
258,105,281,2,169200
259,105,212,3,291600
260,106,175,1,39600
261,107,292,1,279300
262,108,1,3,68000
263,108,83,2,148200
264,108,198,2,23000
265,109,192,1,307700
266,109,277,1,79800
267,109,160,3,140000
268,110,24,3,47500
269,110,226,1,28000
270,110,180,1,45900
271,110,200,1,118800
272,111,200,1,118800
273,111,116,1,13600
274,112,34,1,78300
275,112,36,2,30600
276,113,128,1,74000
277,113,289,2,35100
278,114,183,1,110700
279,115,94,1,65600
280,116,144,1,39000
281,117,131,2,65600
282,118,258,1,100700
283,118,148,1,31500
284,119,253,1,23000
285,120,210,3,97800
286,120,92,2,173800
287,121,293,1,129200
288,121,133,3,168000
289,122,272,1,321100
290,122,161,1,163400
291,122,250,4,132000
292,122,176,1,23800
293,123,249,1,41000
294,124,72,1,119000
295,124,141,3,60800
296,124,209,3,3800
297,124,146,1,31000
298,124,181,1,54200
299,125,63,1,100700
300,126,152,1,175000
301,126,219,1,31500
302,127,265,4,27600
303,127,247,1,55000
304,127,231,2,168800
305,128,140,2,31200
306,129,272,1,338000
307,129,161,1,154800
308,129,182,1,234000
309,130,47,4,13600
310,131,33,1,33000
311,131,264,1,72000
312,131,236,1,27900
313,131,120,1,120600
314,131,286,1,10400
315,132,172,1,328000
316,133,26,1,9600
317,134,201,1,73200
318,135,290,2,20000
319,136,122,1,48400
320,136,14,1,41600
321,136,191,1,88400
322,137,132,1,23800
323,137,293,5,129200
324,137,24,1,47500
325,137,157,1,126000
326,137,63,1,106000
327,138,34,1,74000
328,138,268,4,70400
329,138,46,1,17100
330,138,270,2,92700
331,138,147,2,99000
332,139,170,1,103600
333,139,212,2,276300
334,139,157,2,126000
335,140,12,1,149600
336,140,92,1,164700
337,140,38,1,103500
338,140,71,1,142000
339,141,226,1,28000
340,141,91,1,63000
341,141,173,1,148000
342,141,71,1,127800
343,142,184,1,34000
344,142,78,1,55800
345,143,141,2,64000
346,144,108,2,68000
347,145,186,1,42000
348,145,274,1,78400
349,145,148,3,33200
350,146,240,1,96800
351,146,146,1,24800
352,146,163,1,128700
353,147,207,1,49400
354,147,215,1,64000
355,148,236,1,29400
356,148,86,2,19800
357,149,150,1,32400
358,150,194,2,72200
359,150,284,2,61000
360,150,181,2,48400
361,151,242,1,253000
362,151,131,3,82000
363,151,143,1,94000
364,152,269,1,29000
365,153,197,1,131000
366,153,190,1,56100
367,154,57,1,20900
368,154,202,1,241000
369,154,244,1,43200
370,154,197,3,131000
371,155,161,1,163400
372,156,1,1,57800
373,156,238,1,35200
374,157,152,2,175000
375,157,182,1,187200
376,158,11,1,100000
377,158,54,2,34000
378,159,164,3,19000
379,160,49,1,17000
380,160,283,1,138000
381,160,103,1,37000
382,161,274,2,93100
383,161,28,2,108000
384,162,273,1,174000
385,162,27,2,38000
386,163,114,1,46000
387,163,4,1,40800
388,164,169,2,44000
389,164,175,1,41800
390,164,80,3,95400
391,164,179,2,17000
392,164,83,1,140400
393,164,22,1,210000
394,165,290,1,20000
395,166,107,1,91800
396,166,263,2,59800
397,166,187,1,79000
398,166,271,2,108000
399,167,243,2,154800
400,167,205,2,25200
401,168,193,1,28000
402,169,297,3,35200
403,169,291,2,238000
404,170,180,1,54000
405,171,41,1,37000
406,171,115,2,60800
407,171,204,2,6000
408,171,173,1,140600
409,172,112,2,212500
410,172,66,2,25500
411,172,269,1,29000
412,173,290,3,25000
413,173,271,1,97200
414,174,43,1,143200
415,174,189,1,27900
416,174,157,1,119700
417,175,193,3,25200
418,175,5,2,46400
419,175,234,3,10200
420,175,19,2,45900
421,175,83,1,148200
422,175,214,2,54400
423,176,65,1,43400
424,176,234,1,12000
425,176,46,2,15300
426,176,121,1,16200
427,177,73,1,80000
428,177,14,1,39200
429,177,254,3,50400
430,178,273,1,156600
431,178,218,1,32000
432,178,101,2,107000
433,178,134,1,24000
434,179,245,1,68000
435,179,125,4,42800
436,179,134,1,22800
437,180,264,1,72000
438,180,197,1,117900
439,180,143,2,89100
440,181,61,2,34000
441,181,31,1,43700
442,182,104,1,22500
443,183,240,1,121000
444,183,263,2,59800
445,184,200,1,106200
446,184,266,1,30000
447,184,194,4,76500
448,184,18,1,99000
449,185,127,2,134000
450,185,183,1,123000
451,186,240,2,121000
452,186,217,1,114000
453,186,214,2,60800
454,186,97,5,93000
455,187,283,1,131100
456,187,174,5,55000
457,188,50,1,50200
458,189,241,4,153000
459,189,183,2,116800
460,190,224,5,92000
461,191,296,1,22000
462,191,265,1,24600
463,191,21,1,80000
464,191,277,1,79800
465,192,13,2,88000
466,193,131,1,73800
467,193,5,3,58000
468,194,181,1,54200
469,195,242,2,202400
470,195,164,3,17000
471,196,101,1,101600
472,196,187,2,79000
473,196,173,2,133200
474,196,238,1,33300
475,197,203,1,96300
476,197,172,3,295200
477,197,77,2,131400
478,197,179,3,15300
479,197,188,1,33000
480,197,63,1,100700
481,198,136,2,28800
482,198,131,1,69700
483,199,121,1,17100
484,199,186,2,39900
485,199,252,1,267300
486,200,297,3,29600
487,200,74,1,74100
488,200,220,1,71000
489,200,253,2,21800
490,201,164,1,18000
491,201,4,1,43000
492,201,231,1,211000
493,201,79,1,26100
494,201,252,1,267300
495,202,135,2,45900
496,202,212,1,291600
497,202,268,1,74800
498,202,103,1,33300
499,203,281,1,188000
500,203,170,2,103600
501,204,227,2,69300
502,204,75,2,65000
503,204,143,1,99000
504,204,54,1,32300
505,204,151,1,33000
506,205,180,2,43200
507,206,57,2,18700
508,206,134,1,22800
509,207,290,1,25000
510,207,196,1,24000
511,207,296,1,22000
512,207,56,1,20000
513,207,254,1,45000
514,208,195,3,40500
515,208,277,1,71400
516,209,66,1,27000
517,209,235,3,18900
518,209,237,1,24300
519,209,244,1,48000
520,209,182,4,198900
521,210,169,2,41800
522,210,66,1,27000
523,211,83,4,132600
524,212,153,2,155800
525,212,243,2,146700
526,213,253,1,19600
527,214,65,2,40800
528,214,85,1,9000
529,214,191,1,88400
530,215,168,1,21000
531,215,41,3,33300
532,215,173,1,148000
533,215,294,2,18000
534,216,5,1,55100
535,216,207,3,46800
536,217,44,1,12400
537,217,247,1,55000
538,218,72,1,133000
539,219,48,5,58000
540,219,225,1,5000
541,220,1,1,64600
542,220,99,1,23800
543,220,4,1,43000
544,221,208,1,72200
545,222,73,2,80000
546,222,13,1,88000
547,223,184,2,40000
548,223,16,2,18000
549,223,178,2,8000
550,224,152,1,148800
551,224,114,1,41400
552,224,171,1,102000
553,225,49,1,17000
554,226,297,1,37000
555,226,180,2,54000
556,226,85,1,8500
557,226,214,1,57600
558,226,281,1,169200
559,227,44,1,11700
560,228,91,4,59500
561,228,265,2,29000
562,228,34,2,87000
563,228,83,1,140400
564,229,175,4,39600
565,229,270,2,92700
566,229,247,3,44000
567,230,160,1,140000
568,230,297,2,37000
569,230,26,2,11400
570,231,195,1,45000
571,231,111,2,137800
572,231,213,1,119700
573,231,214,1,60800
574,231,26,1,11400
575,231,158,4,31400
576,232,83,1,132600
577,233,126,1,11700
578,233,235,1,20000
579,233,206,3,30000
580,234,144,1,35100
581,234,77,1,146000
582,235,118,2,29700
583,235,239,1,36800
584,236,211,1,67000
585,236,30,1,32300
586,237,144,4,39000
587,237,73,1,76000
588,237,283,1,124200
589,237,166,1,28500
590,238,72,1,126000
591,238,280,1,122000
592,238,46,1,17100
593,238,70,3,141000
594,239,243,1,138600
595,239,53,1,30400
596,239,110,2,136000
597,239,95,1,70300
598,240,162,1,149200
599,241,104,3,25000
600,241,229,2,40500
601,242,230,1,89300
602,242,295,2,45900
603,243,24,1,42500
604,244,61,1,30600
605,244,252,2,267300
606,244,45,1,48600
607,244,247,1,52200
608,245,54,1,34000
609,246,219,2,29800
610,246,85,2,9000
611,247,113,1,58500
612,247,132,1,25000
613,247,173,3,148000
614,248,102,4,254700
615,249,105,1,43000
616,249,178,2,8000
617,249,263,1,56700
618,250,51,2,129000
619,250,255,1,13500
620,251,230,3,94000
621,251,207,1,49400
622,252,145,1,28800
623,252,161,2,146200
624,252,37,2,23800
625,252,70,1,141000
626,253,120,1,134000
627,253,75,4,61800
628,253,204,1,6300
629,253,270,3,87600
630,254,5,1,49300
631,254,198,3,20700
632,254,71,1,142000
633,254,108,2,80000
634,254,205,1,28000
635,254,215,1,57600
636,255,161,5,172000
637,256,256,2,19000
638,256,215,1,64000
639,257,257,1,134000
640,258,258,1,106000
641,259,186,2,35700
642,259,282,1,352400
643,259,85,2,10000
644,259,15,1,58400
645,260,225,1,4500
646,260,153,1,155800
647,260,103,1,31400
648,261,101,5,91000
649,261,55,2,21800
650,262,171,1,102000
651,262,221,1,24000
652,262,158,1,37000
653,263,124,1,25200
654,263,188,4,31400
655,264,80,2,106000
656,264,110,1,136000
657,265,11,2,125000
658,265,108,1,76000
659,265,38,1,115000
660,266,144,1,35100
661,266,124,1,28000
662,267,233,4,19000
663,267,5,2,55100
664,268,162,1,157000
665,268,15,1,65700
666,268,246,5,16000
667,268,215,2,64000
668,268,151,2,33000
669,269,29,1,17000
670,270,264,2,68400
671,270,195,1,45000
672,271,137,1,78300
673,271,266,3,27000
674,271,242,2,227700
675,271,25,1,25000
676,272,216,1,16000
677,272,285,2,18000
678,272,239,1,46000
679,273,284,1,61000
680,273,7,2,92700
681,274,52,1,364000
682,274,135,1,48600
683,275,192,4,362000
684,275,128,1,62900
685,275,237,1,27000
686,275,245,1,64600
687,275,92,1,183000
688,276,263,1,50400
689,277,94,3,69000
690,278,192,2,362000
691,278,153,1,155800
692,279,33,1,28000
693,279,162,1,149200
694,279,111,1,145000
695,279,144,2,39000
696,279,183,2,116800
697,280,106,2,33200
698,280,83,1,124800
699,280,22,1,189000
700,281,173,4,133200
701,282,202,4,192800
702,282,126,1,11700
703,282,94,2,69000
704,282,207,1,52000
705,283,295,1,51000
706,284,152,2,175000
707,284,17,2,107000
708,284,202,1,216900
709,284,13,4,79200
710,285,29,2,17000
711,286,158,2,29600
712,286,94,2,69000
713,287,32,1,186300
714,287,165,1,5000
715,288,172,1,328000
716,288,31,2,43700
717,289,265,1,27600
718,289,53,1,28800
719,289,253,3,23000
720,289,263,1,63000
721,290,228,1,110500
722,290,260,1,43000
723,290,176,4,22400
724,290,274,2,93100
725,290,252,1,267300
726,291,273,3,174000
727,291,282,4,333900
728,291,163,3,135800
729,292,35,3,60800
730,292,143,1,94000
731,292,56,2,17000
732,292,31,2,43700
733,292,63,1,106000
734,293,193,1,28000
735,293,181,1,45600
736,293,223,1,100000
737,294,97,3,88400
738,294,171,1,86700
739,294,132,1,23800
740,295,187,2,79000
741,295,76,2,13000
742,295,223,1,100000
743,296,206,5,30000
744,297,140,2,31200
745,297,127,1,120600
746,297,103,1,31400
747,298,282,1,333900
748,298,213,1,119700
749,298,198,2,21800
750,298,47,1,14400
751,299,156,1,37000
752,299,260,2,43000
753,299,289,1,33200
754,300,175,1,44000
755,301,203,1,96300
756,301,236,3,27900
757,302,276,1,12600
758,302,214,3,57600
759,303,96,2,25500
760,303,1,1,68000
761,303,261,3,43200
762,303,297,1,33300
763,303,53,2,25600
764,303,149,1,24300
765,304,203,2,107000
766,304,94,1,58600
767,304,151,4,26400
768,305,282,2,315400
769,305,299,1,49000
770,305,187,1,83700
771,305,135,1,51300
772,306,184,5,36000
773,306,145,1,30400
774,307,167,1,135200
775,307,298,1,23800
776,307,140,2,39000
777,307,143,2,89100
778,308,3,1,18700
779,308,147,1,99000
780,308,21,1,80000
781,309,168,1,20000
782,309,1,1,57800
783,309,296,1,22000
784,309,44,1,11700
785,310,4,1,40800
786,310,245,1,68000
787,311,96,3,27000
788,311,114,1,43700
789,311,198,2,21800
790,311,63,1,106000
791,312,248,1,89200
792,312,57,1,20900
793,312,243,4,163000
794,312,22,1,199500
795,313,208,1,72200
796,313,50,1,59000
797,313,211,1,63600
798,314,265,1,29000
799,315,170,1,103600
800,316,70,1,141000
801,316,300,2,118000
802,316,181,1,54200
803,316,54,1,32300
804,316,120,1,120600
805,317,295,1,43400
806,317,72,1,140000
807,317,276,1,14000
808,317,57,1,20900
809,317,124,1,28000
810,318,177,2,120000
811,319,1,3,61200
812,320,52,2,291200
813,321,32,2,196600
814,322,184,1,38000
815,322,205,1,25200
816,323,140,2,39000
817,323,36,1,27200
818,323,183,1,104600
819,324,164,1,20000
820,324,188,2,29700
821,324,269,1,24600
822,324,130,1,134100
823,325,284,3,51800
824,325,22,1,168000
825,326,218,1,30400
826,326,253,2,20700
827,326,39,1,52200
828,327,36,1,30600
829,328,38,1,115000
830,329,41,3,37000
831,329,234,1,12000
832,329,74,1,66300
833,329,250,2,139000
834,329,187,1,79000
835,330,76,1,13000
836,330,285,1,18000
837,331,184,1,38000
838,331,186,5,39900
839,331,144,1,31200
840,332,24,1,47500
841,332,162,1,125600
842,332,42,1,153900
843,332,131,1,77900
844,333,195,2,42800
845,333,164,3,17000
846,333,132,2,23800
847,333,105,1,40800
848,333,170,2,92600
849,333,143,2,99000
850,334,270,3,103000
851,335,103,1,33300
852,336,115,1,64000
853,336,116,2,14400
854,336,86,1,22000
855,337,129,2,25600
856,337,187,1,88400
857,338,192,1,307700
858,338,38,1,109200
859,339,242,2,253000
860,340,184,2,40000
861,340,243,3,154800
862,340,215,1,54400
863,341,47,1,16000
864,342,184,2,36000
865,342,212,1,245600
866,342,245,1,54400
867,342,231,1,179400
868,343,14,1,44100
869,344,272,1,304200
870,344,173,1,125800
871,344,263,3,53600
872,345,170,1,103600
873,345,255,2,15000
874,346,108,1,80000
875,346,93,1,167200
876,347,8,3,121000
877,348,157,1,126000
878,348,31,1,41400
879,349,113,1,52000
880,349,211,3,63600
881,349,164,1,20000
882,349,231,1,179400
883,350,25,4,25000
884,350,261,1,48000
885,351,233,2,19000
886,351,261,5,40800
887,352,106,1,35000
888,352,23,1,86400
889,353,184,1,38000
890,353,291,1,238000
891,353,284,3,54900
892,353,109,4,8500
893,354,112,2,250000
894,354,181,1,51300
895,355,43,4,179000
896,355,30,1,36100
897,355,255,1,14200
898,356,193,4,23800
899,357,185,4,6000
900,357,215,3,57600
901,358,111,2,130500
902,358,272,1,270400
903,358,213,1,106400
904,358,183,1,116800
905,358,63,1,100700
906,359,256,1,16200
907,360,72,1,126000
908,360,95,1,74000
909,361,3,1,22000
910,361,155,2,40000
911,361,28,1,97200
912,362,97,1,83700
913,362,100,1,45000
914,362,278,3,53000
915,362,60,1,79200
916,363,36,1,32300
917,364,130,1,141600
918,364,75,1,65000
919,364,292,1,294000
920,365,66,3,30000
921,365,110,1,115600
922,366,217,1,114000
923,367,48,1,51800
924,368,202,3,216900
925,369,73,2,76000
926,369,233,1,18000
927,369,213,1,119700
928,369,230,3,94000
929,370,194,1,80800
930,370,294,1,15200
931,370,105,1,43000
932,370,234,2,10800
933,370,275,5,62100
934,371,19,1,48400
935,372,101,2,101600
936,372,295,1,45900
937,373,125,1,45000
938,373,171,1,91800
939,373,27,1,36100
940,373,213,1,126400
941,374,145,1,32000
942,374,157,2,126000
943,374,22,2,210000
944,375,33,1,33000
945,375,124,2,26600
946,376,67,5,76000
947,376,261,1,48000
948,376,110,1,115600
949,376,270,1,92700
950,376,59,1,36100
951,377,198,1,21800
952,377,14,3,46600
953,377,143,1,99000
954,377,214,1,60800
955,377,253,1,21800
956,378,5,1,49300
957,378,108,1,68000
958,378,142,1,192800
959,378,208,1,76000
960,378,242,2,227700
961,379,260,1,40800
962,380,248,2,99800
963,381,259,1,7200
964,381,156,3,37000
965,382,165,1,4500
966,383,36,2,30600
967,383,71,1,142000
968,384,73,1,76000
969,384,60,2,83600
970,385,198,1,23000
971,386,216,3,15200
972,386,4,1,34400
973,386,38,1,103500
974,387,115,1,54400
975,387,44,1,11700
976,387,211,1,63600
977,388,151,2,31400
978,389,280,1,115900
979,389,203,1,107000
980,389,111,1,145000
981,390,41,1,33300
982,390,233,1,17100
983,390,21,1,72000
984,390,214,2,51200
985,390,27,2,34200
986,391,96,1,28500
987,391,118,1,33000
988,391,55,2,23000
989,392,216,3,14400
990,392,250,1,139000
991,392,79,1,29000
992,393,250,2,132000
993,393,199,2,10400
994,394,250,2,118200
995,394,20,2,74700
996,394,150,1,34200
997,394,55,1,18400
998,395,152,1,166200
999,395,300,3,100300
1000,396,221,3,25500
1001,396,35,4,57600
1002,396,172,2,328000
1003,396,45,1,43200
1004,397,297,2,35200
1005,397,3,1,20900
1006,397,265,2,26100
1007,398,169,2,44000
1008,398,185,1,5100
1009,398,174,1,44000
1010,399,177,1,102000
1011,399,161,1,154800
1012,399,116,1,16000
1013,400,57,2,18700
1014,400,44,2,13000
1015,401,41,1,35200
1016,401,238,1,33300
1017,401,143,1,89100
1018,402,272,1,287300
1019,403,182,1,234000
1020,403,286,1,8800
1021,404,75,1,58500
1022,404,283,1,124200
1023,404,77,2,124100
1024,404,55,1,20700
1025,405,53,1,30400
1026,405,173,1,148000
1027,406,96,1,25500
1028,406,193,5,25200
1029,406,284,1,61000
1030,407,234,1,11400
1031,407,21,1,76000
1032,407,25,1,25000
1033,407,250,1,132000
1034,407,155,1,36000
1035,408,12,1,176000
1036,408,207,2,52000
1037,409,160,1,140000
1038,409,101,1,101600
1039,409,135,1,51300
1040,410,26,1,10200
1041,411,116,1,16000
1042,411,113,4,55200
1043,411,11,1,100000
1044,411,156,4,39000
1045,412,185,1,6000
1046,412,297,1,37000
1047,413,258,1,106000
1048,413,46,1,14400
1049,414,121,1,18000
1050,414,173,2,148000
1051,415,33,1,29700
1052,415,279,2,25000
1053,416,260,1,40800
1054,416,103,1,37000
1055,416,111,1,130500
1056,417,55,1,19600
1057,417,15,4,65700
1058,418,10,1,112100
1059,419,45,1,54000
1060,420,4,1,34400
1061,420,277,1,79800
1062,421,89,1,41400
1063,421,17,1,96300
1064,421,294,1,19000
1065,422,91,2,59500
1066,423,98,1,101600
1067,423,268,1,88000
1068,423,248,2,94500
1069,423,122,4,51300
1070,423,124,2,28000
1071,424,109,2,10000
1072,424,251,1,211000
1073,424,141,4,57600
1074,425,89,1,46000
1075,426,183,1,110700
1076,426,243,1,154800
1077,426,141,1,60800
1078,426,55,1,20700
1079,427,75,2,52000
1080,427,155,1,40000
1081,427,182,2,198900
1082,428,73,1,80000
1083,428,153,1,155800
1084,428,163,1,135800
1085,428,227,2,73200
1086,429,294,1,16200
1087,430,200,1,112500
1088,430,106,3,29800
1089,430,227,1,65400
1090,431,129,3,27000
1091,431,123,2,118800
1092,431,95,2,70300
1093,432,218,1,28800
1094,432,166,1,27000
1095,432,183,3,123000
1096,433,124,2,26600
1097,433,13,1,88000
1098,434,257,1,127300
1099,434,103,2,37000
1100,434,20,1,74700
1101,434,186,1,39900
1102,434,126,1,11700
1103,435,101,2,107000
1104,435,165,1,4500
1105,436,297,1,31400
1106,436,115,1,54400
1107,437,249,1,36900
1108,437,290,1,23800
1109,438,195,1,45000
1110,439,275,2,55200
1111,440,192,2,289600
1112,441,47,1,13600
1113,442,264,1,68400
1114,442,240,1,115000
1115,442,13,1,74800
1116,442,192,1,362000
1117,443,137,1,87000
1118,444,183,2,123000
1119,445,193,3,23800
1120,445,98,1,91000
1121,445,1,5,68000
1122,445,292,4,279300
1123,445,33,2,26400
1124,445,183,4,123000
1125,446,299,2,46600
1126,446,19,1,43400
1127,446,205,1,28000
1128,447,297,2,37000
1129,448,128,2,70300
1130,448,152,3,175000
1131,449,144,4,33200
1132,449,85,2,9000
1133,450,192,1,307700
1134,450,270,1,97800
1135,451,201,1,77000
1136,451,34,1,78300
1137,452,194,1,85000
1138,452,52,1,364000
1139,453,152,1,157500
1140,453,153,1,164000
1141,453,20,2,78800
1142,453,93,2,167200
1143,454,145,2,32000
1144,455,74,4,70200
1145,455,294,2,19000
1146,456,143,1,84200
1147,457,56,3,18000
1148,457,242,5,202400
1149,457,10,1,100300
1150,457,239,3,41400
1151,458,297,1,35200
1152,459,197,4,111400
1153,459,167,1,143100
1154,459,77,1,146000
1155,459,241,2,137700
1156,459,183,2,116800
1157,459,120,1,127300
1158,460,247,1,52200
1159,461,293,1,108800
1160,461,237,1,23000
1161,462,216,2,15200
1162,462,163,4,128700
1163,463,59,2,32300
1164,464,2,2,146700
1165,464,3,1,20900
1166,464,41,1,35200
1167,464,173,2,125800
1168,464,81,1,25000
1169,464,50,1,50200
1170,465,241,2,153000
1171,465,300,1,100300
1172,466,42,2,153900
1173,466,87,1,69000
1174,467,215,1,64000
1175,468,24,3,47500
1176,468,41,4,37000
1177,469,265,1,27600
1178,469,236,1,27900
1179,469,207,1,44200
1180,469,153,2,147600
1181,469,57,1,20900
1182,470,135,3,51300
1183,471,280,1,109800
1184,471,194,4,68000
1185,471,171,1,102000
1186,471,76,1,11700
1187,472,202,1,216900
1188,472,2,2,146700
1189,472,18,1,89100
1190,472,6,1,40000
1191,473,288,1,68400
1192,473,116,2,16000
1193,474,291,1,238000
1194,474,100,2,45000
1195,475,250,2,132000
1196,475,295,2,51000
1197,476,105,1,40800
1198,476,193,2,25200
1199,476,241,1,153000
1200,477,91,1,56000
1201,477,76,3,12400
1202,477,118,1,33000
1203,478,174,2,46800
1204,478,55,1,19600
1205,479,152,2,175000
1206,479,165,2,4500
1207,480,241,2,145400
1208,480,74,1,78000
1209,480,141,2,64000
1210,480,207,2,44200
1211,481,56,4,20000
1212,481,244,1,45600
1213,482,283,2,131100
1214,482,62,2,245700
1215,483,139,1,41800
1216,483,46,1,17100
1217,484,174,1,46800
1218,484,271,2,108000
1219,485,113,1,58500
1220,485,5,2,58000
1221,485,133,1,151200
1222,486,282,2,352400
1223,486,171,1,102000
1224,487,33,2,26400
1225,488,152,1,166200
1226,488,103,1,31400
1227,489,205,2,28000
1228,489,6,1,36000
1229,489,157,2,119700
1230,490,13,1,88000
1231,490,116,1,16000
1232,490,221,3,30000
1233,491,122,2,51300
1234,491,127,5,120600
1235,492,265,2,26100
1236,492,124,1,28000
1237,492,206,2,27000
1238,493,24,1,50000
1239,494,280,1,115900
1240,494,214,1,54400
1241,494,160,2,112000
1242,494,215,5,60800
1243,495,4,2,36600
1244,496,36,2,34000
1245,496,134,1,24000
1246,496,147,2,99000
1247,496,182,2,234000
1248,496,31,1,46000
1249,497,37,1,22500
1250,497,38,1,115000
1251,497,41,1,33300
1252,497,236,1,27900
1253,497,94,2,62100
1254,498,14,1,44100
1255,499,26,1,12000
1256,500,158,2,37000
1257,501,32,1,207000
1258,501,116,1,16000
1259,502,260,1,43000
1260,503,208,2,64600
1261,504,152,1,166200
1262,504,17,1,96300
1263,505,128,1,59200
1264,505,81,1,22500
1265,505,243,2,146700
1266,506,67,2,80000
1267,507,291,3,214200
1268,507,175,4,44000
1269,508,63,2,106000
1270,509,121,3,17100
1271,510,168,1,18900
1272,510,201,1,77000
1273,510,42,1,145400
1274,510,74,1,70200
1275,510,140,1,37000
1276,510,152,1,166200
1277,511,292,1,294000
1278,511,263,2,59800
1279,511,175,3,44000
1280,512,104,4,25000
1281,512,113,2,58500
1282,512,146,1,27900
1283,512,235,2,20000
1284,513,180,1,51300
1285,514,74,2,70200
1286,514,59,1,36100
1287,515,45,1,48600
1288,516,273,4,156600
1289,516,181,2,57000
1290,516,215,1,64000
1291,517,128,2,70300
1292,517,113,1,58500
1293,517,296,3,19800
1294,517,164,2,19000
1295,518,128,1,66600
1296,519,256,1,19000
1297,519,225,2,5000
1298,519,2,1,154800
1299,519,79,1,23200
1300,519,91,1,63000
1301,520,26,1,10800
1302,520,250,1,118200
1303,521,291,1,238000
1304,521,285,2,19000
1305,521,263,1,50400
1306,522,104,3,25000
1307,522,81,1,20000
1308,522,155,1,34000
1309,523,192,2,307700
1310,523,21,4,76000
1311,523,205,1,26600
1312,524,21,1,72000
1313,525,126,1,12400
1314,526,145,4,30400
1315,527,21,1,68000
1316,527,205,1,28000
1317,528,176,1,26600
1318,528,110,2,136000
1319,529,33,1,33000
1320,529,65,1,48400
1321,529,131,1,77900
1322,529,272,1,338000
1323,529,83,1,132600
1324,530,179,1,16200
1325,530,22,2,210000
1326,531,261,3,45600
1327,531,95,1,74000
1328,532,48,1,61000
1329,532,186,1,42000
1330,532,12,1,176000
1331,533,81,1,21200
1332,533,50,2,59000
1333,533,27,2,34200
1334,533,270,3,103000
1335,534,96,1,30000
1336,534,79,2,29000
1337,535,225,1,5000
1338,535,227,1,61600
1339,535,223,1,100000
1340,536,105,2,38700
1341,536,229,1,42800
1342,536,94,1,69000
1343,537,184,5,40000
1344,538,41,1,35200
1345,538,108,4,76000
1346,538,292,1,279300
1347,538,103,1,35200
1348,539,55,1,21800
1349,540,104,2,23800
1350,540,58,1,8600
1351,540,119,1,13300
1352,541,104,1,25000
1353,541,33,1,31400
1354,541,219,1,35000
1355,541,188,2,33000
1356,542,137,1,87000
1357,542,99,1,23800
1358,543,1,4,64600
1359,543,129,3,27000
1360,543,237,1,25600
1361,544,264,1,68400
1362,544,137,2,74000
1363,544,196,1,24000
1364,545,202,2,216900
1365,545,293,2,136000
1366,546,136,2,36000
1367,546,81,1,23800
1368,546,75,3,65000
1369,547,265,1,24600
1370,548,264,2,64800
1371,548,146,1,31000
1372,549,120,1,134000
1373,549,170,1,103600
1374,549,179,1,14400
1375,549,175,1,44000
1376,550,171,1,91800
1377,551,33,1,29700
1378,551,211,1,60300
1379,551,285,2,18000
1380,552,290,1,22500
1381,553,16,1,17100
1382,554,11,1,118800
1383,554,237,2,21600
1384,554,191,2,88400
1385,555,217,1,114000
1386,555,186,1,42000
1387,555,214,3,57600
1388,556,80,1,95400
1389,556,293,1,136000
1390,557,171,2,96900
1391,557,135,1,45900
1392,558,162,4,149200
1393,559,208,4,76000
1394,559,247,3,46800
1395,560,161,1,154800
1396,561,171,1,96900
1397,561,109,1,9000
1398,562,54,1,30600
1399,563,80,2,100700
1400,563,34,1,74000
1401,564,101,1,96300
1402,565,64,2,48600
1403,565,211,1,67000
1404,565,207,1,49400
1405,566,256,2,19000
1406,567,215,2,57600
1407,567,291,1,238000
1408,567,261,1,40800
1409,567,231,1,211000
1410,568,204,1,6600
1411,568,71,2,127800
1412,569,293,1,108800
1413,570,282,2,352400
1414,570,254,1,50400
1415,571,72,2,140000
1416,571,235,1,18900
1417,572,51,1,122600
1418,572,295,1,51000
1419,573,221,3,27000
1420,574,183,1,123000
1421,575,27,3,32300
1422,575,87,2,58600
1423,575,91,1,63000
1424,575,92,1,164700
1425,575,61,1,32300
1426,576,217,1,102000
1427,576,93,1,176000
1428,577,281,1,150400
1429,578,242,1,253000
1430,578,11,1,125000
1431,578,159,1,21000
1432,579,144,1,33200
1433,579,267,1,75000
1434,579,91,1,56000
1435,579,93,1,176000
1436,580,291,3,190400
1437,581,57,2,19800
1438,581,228,1,130000
1439,581,79,1,29000
1440,582,38,1,115000
1441,582,78,1,52700
1442,582,55,1,23000
1443,583,160,1,140000
1444,584,35,2,60800
1445,584,68,3,104000
1446,584,277,1,75600
1447,585,137,1,78300
1448,585,181,3,57000
1449,586,234,1,10800
1450,587,181,1,57000
1451,588,296,1,20900
1452,588,91,2,63000
1453,588,204,1,6300
1454,589,275,1,69000
1455,590,186,3,42000
1456,590,132,1,25000
1457,591,230,2,89300
1458,592,251,5,189900
1459,593,35,1,57600
1460,593,196,1,24000
1461,593,31,1,46000
1462,593,183,1,116800
1463,594,256,1,16200
1464,594,121,1,16200
1465,594,93,1,176000
1466,594,191,1,93000
1467,595,43,2,143200
1468,595,260,1,43000
1469,595,203,2,107000
1470,596,290,5,25000
1471,596,11,2,112500
1472,596,44,4,13000
1473,596,142,1,172600
1474,597,290,1,23800
1475,597,174,1,44000
1476,597,245,1,68000
1477,597,22,1,178500
1478,598,56,1,20000
1479,598,25,1,25000
1480,598,44,1,13000
1481,599,212,1,307000
1482,600,208,1,60800
1483,600,115,2,64000
1484,600,46,3,18000
1485,600,286,2,11000
1486,601,192,1,325800
1487,601,204,1,6000
1488,601,140,1,39000
1489,601,13,1,79200
1490,601,48,3,51800
1491,602,64,2,54000
1492,602,95,1,70300
1493,603,42,2,162400
1494,603,268,3,88000
1495,603,238,4,33300
1496,604,277,1,75600
1497,604,143,2,89100
1498,605,2,1,163000
1499,606,64,2,51300
1500,606,291,1,238000
1501,606,67,1,80000
1502,606,261,1,38400
1503,606,18,2,94000
1504,607,211,1,63600
1505,607,181,1,57000
1506,607,175,3,39600
1507,608,2,1,154800
1508,608,83,2,156000
1509,608,236,2,27900
1510,608,207,3,46800
1511,609,164,1,16000
1512,609,247,1,52200
1513,610,144,2,35100
1514,610,5,4,52200
1515,610,215,1,51200
1516,611,49,4,17000
1517,612,13,1,88000
1518,613,143,1,99000
1519,614,294,1,17100
1520,614,23,4,86400
1521,615,83,2,156000
1522,616,227,4,77000
1523,616,181,1,54200
1524,616,214,2,60800
1525,617,130,1,134100
1526,617,103,1,37000
1527,618,75,1,65000
1528,618,211,3,60300
1529,618,276,1,11200
1530,619,140,4,33200
1531,620,272,1,304200
1532,620,108,1,72000
1533,621,32,1,207000
1534,622,203,2,96300
1535,622,4,1,36600
1536,622,182,1,210600
1537,623,124,1,28000
1538,623,295,3,45900
1539,624,155,1,40000
1540,625,96,2,27000
1541,625,122,1,57000
1542,625,52,1,364000
1543,625,46,1,14400
1544,626,291,1,238000
1545,626,265,2,26100
1546,626,213,1,119700
1547,626,151,1,29700
1548,626,152,2,157500
1549,627,51,3,122600
1550,627,141,1,57600
1551,627,54,4,30600
1552,627,175,1,39600
1553,628,254,1,47700
1554,628,238,3,33300
1555,629,84,3,79900
1556,629,174,3,52200
1557,629,295,1,51000
1558,630,130,3,141600
1559,630,147,2,84200
1560,630,269,2,29000
1561,631,146,1,24800
1562,631,275,1,69000
1563,631,188,1,33000
1564,632,202,1,229000
1565,632,171,1,96900
1566,632,172,2,311600
1567,632,271,4,97200
1568,632,191,1,88400
1569,633,86,1,22000
1570,634,283,1,131100
1571,634,278,1,50400
1572,635,287,1,58600
1573,636,41,1,37000
1574,637,247,1,55000
1575,638,251,1,211000
1576,638,135,1,43200
1577,639,104,1,22500
1578,639,41,2,35200
1579,639,180,1,48600
1580,640,70,1,119800
1581,641,51,2,129000
1582,642,262,3,90100
1583,643,153,1,155800
1584,643,182,1,234000
1585,644,289,1,35100
1586,644,196,1,21600
1587,644,245,2,68000
1588,645,81,1,25000
1589,646,236,1,27900
1590,646,221,2,30000
1591,647,154,1,67000
1592,648,131,2,65600
1593,648,30,1,38000
1594,649,102,2,240600
1595,649,279,1,22500
1596,650,36,1,27200
1597,651,162,2,141300
1598,652,80,1,95400
1599,652,94,2,69000
1600,653,263,1,63000
1601,653,103,2,37000
1602,653,271,5,97200
1603,653,178,1,6400
1604,653,92,2,173800
1605,654,292,1,249900
1606,654,40,1,90000
1607,654,211,1,67000
1608,654,152,4,166200
1609,654,191,1,88400
1610,655,21,1,80000
1611,656,195,2,42800
1612,656,213,2,106400
1613,656,278,1,53000
1614,657,282,1,333900
1615,657,21,1,64000
1616,657,55,1,23000
1617,658,64,1,43200
1618,658,165,2,4500
1619,658,150,2,30600
1620,659,41,2,37000
1621,659,238,1,35200
1622,660,104,2,22500
1623,661,136,1,32400
1624,661,282,1,352400
1625,661,132,1,22500
1626,662,239,2,39100
1627,662,204,1,5600
1628,662,222,3,134400
1629,662,215,1,60800
1630,663,133,1,159600
1631,664,172,1,278800
1632,664,108,1,80000
1633,664,118,1,29700
1634,664,183,1,104600
1635,665,265,1,27600
1636,665,275,2,55200
1637,665,94,1,58600
1638,665,273,1,174000
1639,666,204,1,7000
1640,666,109,2,9500
1641,667,216,1,14400
1642,668,60,2,79200
1643,669,33,2,31400
1644,670,24,1,50000
1645,670,239,1,43700
1646,670,103,1,31400
1647,671,174,1,55000
1648,671,23,2,86400
1649,672,88,1,112500
1650,672,2,1,138600
1651,672,119,2,14000
1652,673,124,1,25200
1653,673,18,1,99000
1654,673,284,1,61000
1655,673,184,1,34000
1656,674,226,1,25200
1657,674,188,1,31400
1658,674,58,1,7200
1659,675,200,1,125000
1660,675,93,1,140800
1661,676,149,1,23000
1662,676,173,1,140600
1663,676,157,1,126000
1664,676,63,2,100700
1665,677,106,1,35000
1666,677,83,2,132600
1667,677,188,2,29700
1668,677,190,2,62700
1669,678,232,1,171000
1670,678,108,1,76000
1671,679,215,1,54400
1672,680,194,1,85000
1673,680,293,3,122400
1674,680,269,2,26100
1675,681,267,1,75000
1676,682,88,2,118800
1677,682,241,1,130000
1678,682,287,2,55200
1679,683,294,1,19000
1680,684,145,1,32000
1681,685,231,1,189900
1682,685,41,1,35200
1683,685,148,4,35000
1684,685,56,1,20000
1685,685,95,4,59200
1686,686,129,1,23000
1687,686,258,1,95400
1688,686,171,1,96900
1689,686,140,2,39000
1690,686,155,3,34000
1691,687,217,1,114000
1692,688,127,1,134000
1693,688,15,2,69400
1694,689,291,1,214200
1695,689,75,1,55200
1696,689,140,2,37000
1697,689,47,3,13600
1698,689,191,1,83700
1699,690,19,1,45900
1700,691,93,2,167200
1701,691,14,2,44100
1702,692,65,1,51000
1703,692,274,3,98000
1704,692,84,3,94000
1705,693,160,1,126000
1706,693,94,1,69000
1707,694,223,3,100000
1708,694,83,2,132600
1709,694,47,4,16000
1710,695,240,1,102800
1711,695,132,1,21200
1712,695,12,1,149600
1713,695,292,3,264600
1714,696,281,1,188000
1715,696,14,2,44100
1716,696,271,1,97200
1717,697,2,2,138600
1718,697,275,2,69000
1719,698,159,1,18900
1720,698,33,1,28000
1721,698,19,3,48400
1722,698,151,1,33000
1723,699,121,4,18000
1724,699,22,1,210000
1725,700,131,1,82000
1726,700,143,1,94000
1727,701,217,2,114000
1728,702,104,1,23800
1729,702,131,1,82000
1730,702,95,1,66600
1731,703,216,1,13600
1732,703,41,1,37000
1733,703,201,2,77000
1734,704,74,1,78000
1735,704,283,1,138000
1736,704,181,1,54200
1737,705,200,2,125000
1738,705,249,2,39000
1739,705,221,3,30000
1740,706,224,1,92000
1741,706,3,1,19800
1742,706,38,2,109200
1743,706,137,2,87000
1744,706,170,2,98100
1745,706,201,5,65400
1746,707,243,1,163000
1747,707,118,4,31400
1748,708,46,2,14400
1749,708,79,1,29000
1750,709,112,4,250000
1751,709,259,2,8000
1752,709,43,1,179000
1753,710,114,1,41400
1754,711,155,3,40000
1755,712,283,1,138000
1756,712,53,1,28800
1757,713,208,1,76000
1758,713,105,1,43000
1759,713,85,5,9000
1760,713,295,1,40800
1761,714,214,2,57600
1762,715,166,1,30000
1763,716,166,1,30000
1764,716,182,1,234000
1765,716,294,1,19000
1766,717,192,1,325800
1767,717,83,1,140400
1768,717,260,1,38700
1769,718,194,5,68000
1770,719,243,1,130400
1771,719,79,1,23200
1772,719,87,1,55200
1773,720,109,2,8000
1774,721,195,1,36000
1775,721,253,5,20700
1776,721,46,1,14400
1777,721,95,2,66600
1778,722,54,2,28900
1779,722,137,3,82600
1780,722,190,2,66000
1781,723,73,2,68000
1782,723,268,1,79200
1783,723,15,1,73000
1784,723,253,3,23000
1785,723,221,2,25500
1786,724,123,1,112200
1787,724,85,1,9000
1788,725,4,1,38700
1789,725,134,1,24000
1790,725,167,1,159000
1791,726,272,1,304200
1792,726,201,1,73200
1793,726,190,2,66000
1794,726,255,1,12800
1795,727,74,2,70200
1796,727,252,1,297000
1797,727,70,1,134000
1798,728,281,1,169200
1799,728,268,1,74800
1800,728,55,1,21800
1801,729,149,1,24300
1802,730,96,1,27000
1803,730,227,1,77000
1804,731,254,1,53000
1805,732,96,1,24000
1806,732,34,1,74000
1807,732,92,1,164700
1808,732,110,2,129200
1809,733,87,2,65600
1810,734,35,3,64000
1811,735,128,1,70300
1812,735,130,1,134100
1813,736,54,1,34000
1814,736,71,1,127800
1815,737,60,2,70400
1816,737,53,1,30400
1817,738,171,2,96900
1818,739,83,3,132600
1819,739,150,3,34200
1820,740,4,2,43000
1821,741,124,3,28000
1822,741,241,2,137700
1823,741,153,2,139400
1824,741,76,2,12400
1825,742,88,1,118800
1826,742,149,2,27000
1827,743,227,2,73200
1828,743,101,1,101600
1829,743,203,2,101600
1830,743,181,3,54200
1831,743,63,1,95400
1832,744,88,1,125000
1833,744,157,1,119700
1834,745,145,1,32000
1835,745,159,2,18900
1836,746,116,2,16000
1837,746,182,1,198900
1838,747,25,1,25000
1839,747,182,5,234000
1840,748,108,1,76000
1841,749,1,1,68000
1842,749,116,1,15200
1843,749,173,3,125800
1844,749,121,2,17100
1845,750,170,1,109000
1846,750,276,2,13300
1847,750,278,2,53000
1848,751,259,2,8000
1849,751,187,1,93000
1850,751,294,1,18000
1851,752,143,3,79200
1852,753,166,1,25500
1853,754,264,1,72000
1854,754,46,1,17100
1855,755,57,1,22000
1856,756,51,1,116100
1857,756,229,1,40500
1858,757,180,1,45900
1859,757,142,1,182700
1860,757,47,3,15200
1861,758,119,1,11900
1862,759,234,1,10800
1863,759,131,1,73800
1864,759,124,2,25200
1865,759,20,1,83000
1866,760,226,1,25200
1867,760,103,1,33300
1868,760,80,1,95400
1869,760,146,2,31000
1870,760,276,1,12600
1871,761,73,1,76000
1872,761,57,1,20900
1873,761,196,1,24000
1874,761,181,1,57000
1875,762,192,1,362000
1876,762,97,1,93000
1877,763,285,1,18000
1878,763,269,2,26100
1879,764,156,1,37000
1880,765,103,1,37000
1881,765,274,2,93100
1882,765,83,1,148200
1883,765,211,1,57000
1884,765,89,1,43700
1885,766,80,1,106000
1886,766,54,2,30600
1887,767,50,1,56000
1888,767,95,1,66600
1889,768,114,2,41400
1890,769,43,1,152200
1891,769,195,2,40500
1892,769,228,1,117000
1893,770,135,1,45900
1894,771,17,1,107000
1895,772,287,1,62100
1896,772,41,2,37000
1897,772,174,1,55000
1898,772,54,1,27200
1899,772,23,1,77400
1900,772,255,1,14200
1901,773,64,1,48600
1902,773,164,1,17000
1903,774,209,1,3600
1904,774,226,1,25200
1905,774,20,1,78800
1906,775,280,1,109800
1907,775,73,1,64000
1908,775,28,2,108000
1909,775,152,1,175000
1910,776,152,1,166200
1911,776,106,1,33200
1912,776,235,1,21000
1913,776,37,1,22500
1914,777,109,2,9500
1915,778,10,2,100300
1916,778,142,1,203000
1917,778,14,1,49000
1918,779,133,1,151200
1919,780,2,2,138600
1920,780,300,1,94400
1921,780,44,2,13000
1922,780,206,1,30000
1923,780,217,4,120000
1924,780,285,1,19000
1925,781,92,1,164700
1926,782,73,5,72000
1927,782,58,3,7200
1928,782,30,2,38000
1929,782,295,1,51000
1930,783,81,1,23800
1931,783,60,2,88000
1932,784,296,1,17600
1933,784,192,1,362000
1934,785,153,1,164000
1935,786,165,1,4200
1936,786,9,4,55000
1937,786,234,1,10800
1938,786,179,1,16200
1939,786,25,2,22500
1940,786,127,2,134000
1941,787,297,2,33300
1942,788,162,1,157000
1943,788,14,3,41600
1944,788,71,1,120700
1945,789,100,1,42800
1946,789,191,1,93000
1947,790,193,1,23800
1948,790,148,1,28000
1949,791,208,1,76000
1950,791,86,2,22000
1951,791,135,2,51300
1952,792,181,1,57000
1953,792,143,3,99000
1954,793,108,3,80000
1955,793,164,1,18000
1956,793,263,3,63000
1957,793,287,3,62100
1958,794,272,1,304200
1959,794,46,1,18000
1960,795,11,2,125000
1961,796,154,1,67000
1962,797,132,2,25000
1963,797,59,1,32300
1964,797,124,2,23800
1965,798,112,1,250000
1966,798,152,2,148800
1967,798,93,1,176000
1968,799,74,2,70200
1969,799,51,2,122600
1970,799,228,1,130000
1971,799,52,1,364000
1972,800,194,1,72200
1973,800,283,1,138000
1974,801,165,1,4000
1975,801,232,2,145400
1976,801,201,3,77000
1977,801,79,1,26100
1978,801,121,1,17100
1979,802,122,1,51300
1980,802,55,2,21800
1981,803,255,1,13500
1982,803,222,5,142800
1983,803,23,2,77400
1984,804,200,1,106200
1985,804,300,2,100300
1986,804,287,1,62100
1987,805,69,1,5700
1988,805,173,1,118400
1989,805,239,1,46000
1990,806,24,2,45000
1991,807,33,2,28000
1992,807,220,1,67400
1993,807,207,1,49400
1994,808,139,1,41800
1995,808,109,1,8500
1996,808,145,1,27200
1997,808,153,1,155800
1998,808,92,1,183000
1999,809,253,1,23000
2000,809,14,2,49000
2001,809,239,1,39100
2002,810,180,2,54000
2003,810,63,2,100700
2004,811,25,2,22500
2005,812,252,1,297000
2006,812,181,1,45600
2007,812,119,1,12600
2008,813,43,2,143200
2009,813,36,1,34000
2010,814,173,1,148000
2011,815,218,2,25600
2012,815,116,1,15200
2013,816,213,1,133000
2014,817,120,3,127300
2015,817,201,1,69300
2016,817,141,1,64000
2017,817,247,2,55000
2018,818,193,1,26600
2019,818,268,1,79200
2020,819,98,5,91000
2021,819,155,1,32000
2022,819,110,1,122400
2023,819,245,4,64600
2024,819,117,1,84600
2025,819,251,1,200400
2026,820,67,2,72000
2027,821,171,2,91800
2028,821,204,1,6600
2029,821,144,1,39000
2030,821,113,1,58500
2031,821,149,1,24300
2032,822,65,1,48400
2033,822,213,2,126400
2034,823,243,1,130400
2035,823,214,3,57600
2036,824,98,2,107000
2037,824,300,1,106200
2038,824,284,1,58000
2039,825,144,1,33200
2040,825,136,1,34200
2041,826,156,1,37000
2042,826,183,2,123000
2043,827,11,1,112500
2044,827,100,2,36000
2045,827,93,1,176000
2046,828,120,1,134000
2047,828,215,1,64000
2048,829,45,1,48600
2049,829,111,1,145000
2050,830,204,3,7000
2051,831,92,4,164700
2052,832,65,1,48400
2053,832,290,1,25000
2054,832,153,2,164000
2055,832,298,1,23800
2056,833,273,2,147900
2057,834,64,4,54000
2058,835,65,1,51000
2059,835,91,3,70000
2060,835,4,1,40800
2061,836,146,2,27900
2062,836,85,1,8500
2063,836,190,1,56100
2064,837,120,1,113900
2065,837,89,1,46000
2066,837,213,1,126400
2067,838,234,1,10800
2068,838,285,1,18000
2069,839,205,5,23800
2070,839,109,2,10000
2071,839,238,3,35200
2072,840,50,3,56000
2073,840,179,1,15300
2074,840,124,1,23800
2075,841,50,1,59000
2076,841,268,2,88000
2077,841,37,1,23800
2078,842,75,1,52000
2079,842,286,3,10400
2080,842,219,1,31500
2081,842,231,2,211000
2082,843,104,2,25000
2083,843,81,1,21200
2084,843,4,1,40800
2085,844,195,1,45000
2086,844,6,1,40000
2087,844,75,2,52000
2088,844,113,1,65000
2089,844,122,1,54200
2090,845,184,1,36000
2091,845,145,2,28800
2092,845,18,4,89100
2093,845,135,1,51300
2094,846,204,1,6300
2095,847,65,1,51000
2096,848,171,5,96900
2097,848,53,3,28800
2098,848,21,1,72000
2099,849,217,2,108000
2100,849,60,4,79200
2101,849,277,2,84000
2102,850,72,1,119000
2103,850,194,4,85000
2104,850,114,1,46000
2105,850,196,3,24000
2106,851,170,1,103600
2107,851,130,2,141600
2108,851,234,1,11400
2109,852,249,1,34800
2110,852,149,1,25600
2111,853,6,3,32000
2112,853,135,1,54000
2113,853,40,1,80000
2114,853,9,3,49500
2115,853,175,2,44000
2116,853,181,1,57000
2117,854,239,1,46000
2118,855,227,1,65400
2119,855,44,2,11700
2120,855,55,2,18400
2121,856,193,1,26600
2122,856,21,1,76000
2123,857,185,3,5700
2124,858,153,1,155800
2125,859,154,2,57000
2126,859,139,2,37400
2127,859,179,1,13600
2128,860,203,1,107000
2129,860,53,1,28800
2130,860,198,1,20700
2131,861,145,2,32000
2132,861,209,1,3400
2133,862,51,1,109600
2134,862,52,2,364000
2135,863,294,1,17100
2136,863,7,1,103000
2137,864,65,1,45900
2138,864,2,1,163000
2139,864,11,1,112500
2140,864,1,1,68000
2141,865,83,1,156000
2142,865,284,4,61000
2143,865,174,1,49500
2144,866,165,2,5000
2145,866,94,1,55200
2146,866,175,1,37400
2147,867,294,5,17100
2148,868,43,2,179000
2149,868,222,1,168000
2150,868,23,1,86400
2151,869,299,1,49000
2152,869,91,1,66500
2153,869,77,1,138700
2154,869,198,2,21800
2155,870,61,1,30600
2156,871,88,1,125000
2157,871,114,1,43700
2158,871,108,1,68000
2159,872,268,1,83600
2160,873,248,1,105000
2161,873,151,1,28000
2162,874,40,2,90000
2163,874,291,4,226100
2164,874,197,1,124400
2165,874,270,2,92700
2166,875,83,1,132600
2167,876,139,1,35200
2168,877,98,1,107000
2169,877,261,1,43200
2170,877,264,1,61200
2171,877,9,3,49500
2172,877,142,2,203000
2173,877,215,2,60800
2174,878,232,1,153900
2175,878,243,1,163000
2176,879,209,3,3600
2177,879,13,1,79200
2178,880,290,5,20000
2179,880,4,1,34400
2180,881,185,2,5400
2181,881,97,3,83700
2182,881,227,3,77000
2183,881,110,3,129200
2184,882,160,1,126000
2185,882,239,1,41400
2186,883,143,1,99000
2187,883,195,1,42800
2188,883,156,1,35100
2189,883,175,2,41800
2190,884,24,1,47500
2191,884,149,3,23000
2192,885,51,2,109600
2193,885,14,1,41600
2194,886,167,1,143100
2195,887,227,1,65400
2196,887,92,1,164700
2197,887,29,1,15300
2198,887,239,2,43700
2199,888,225,2,5000
2200,889,257,1,134000
2201,889,51,1,122600
2202,889,85,1,10000
2203,889,21,4,76000
2204,889,23,2,77400
2205,889,189,1,24800
2206,890,103,2,33300
2207,890,44,1,10400
2208,890,19,2,48400
2209,890,155,1,38000
2210,890,63,1,106000
2211,891,134,1,24000
2212,892,252,2,267300
2213,893,168,2,21000
2214,893,210,1,87600
2215,893,143,3,99000
2216,894,51,1,129000
2217,895,275,2,65600
2218,896,120,2,134000
2219,897,152,1,140000
2220,898,265,2,26100
2221,898,67,1,76000
2222,898,243,2,138600
2223,898,51,2,122600
2224,899,34,1,82600
2225,899,108,1,64000
2226,899,269,1,29000
2227,900,16,1,15300
2228,900,177,1,120000
2229,900,85,3,10000
2230,901,287,1,65600
2231,902,136,1,30600
2232,902,55,2,20700
2233,903,169,2,39600
2234,903,54,1,34000
2235,904,64,1,54000
2236,904,169,2,41800
2237,905,250,1,125100
2238,905,44,2,13000
2239,905,29,2,17000
2240,906,282,4,371000
2241,907,240,1,108900
2242,907,21,1,76000
2243,907,110,2,136000
2244,908,155,3,38000
2245,909,280,1,109800
2246,909,218,1,28800
2247,909,263,4,53600
2248,909,239,3,43700
2249,910,145,2,30400
2250,910,214,1,64000
2251,911,39,4,55000
2252,911,238,4,33300
2253,911,15,1,73000
2254,911,120,2,127300
2255,911,252,1,252400
2256,911,30,1,36100
2257,912,4,1,43000
2258,912,294,2,17100
2259,912,106,1,35000
2260,912,11,1,100000
2261,912,84,1,94000
2262,912,217,4,108000
2263,913,296,1,20900
2264,914,163,2,143000
2265,915,194,1,72200
2266,915,171,2,102000
2267,915,221,2,30000
2268,916,25,1,23800
2269,917,184,1,38000
2270,917,256,1,18000
2271,917,13,4,88000
2272,918,193,2,28000
2273,918,18,1,89100
2274,918,211,1,57000
2275,919,147,1,89100
2276,920,34,2,87000
2277,920,269,1,29000
2278,920,206,2,30000
2279,920,239,3,46000
2280,920,111,2,137800
2281,921,225,1,4800
2282,921,101,2,96300
2283,922,192,3,362000
2284,922,261,1,48000
2285,922,94,2,62100
2286,923,179,2,16200
2287,924,235,1,21000
2288,924,173,4,125800
2289,924,113,2,65000
2290,924,278,3,53000
2291,924,55,1,18400
2292,925,194,4,80800
2293,925,42,2,171000
2294,925,165,2,4500
2295,925,190,2,66000
2296,926,65,1,48400
2297,926,155,2,38000
2298,926,133,1,142800
2299,926,55,1,23000
2300,927,186,1,37800
2301,928,168,1,21000
2302,928,53,3,32000
2303,928,55,2,23000
2304,929,44,2,12400
2305,929,39,1,52200
2306,930,188,5,28000
2307,931,224,2,82800
2308,931,154,1,57000
2309,931,83,3,124800
2310,931,236,1,29400
2311,932,85,1,10000
2312,932,230,2,94000
2313,933,272,1,321100
2314,933,2,2,138600
2315,934,291,1,190400
2316,934,142,1,182700
2317,935,236,1,29400
2318,936,251,4,200400
2319,936,196,2,21600
2320,936,190,1,66000
2321,937,280,2,115900
2322,937,202,4,241000
2323,937,255,1,14200
2324,938,72,1,133000
2325,938,83,1,148200
2326,938,239,1,46000
2327,939,146,2,29400
2328,939,133,1,134400
2329,940,281,1,188000
2330,940,261,2,43200
2331,940,31,1,43700
2332,941,240,2,108900
2333,941,55,1,21800
2334,942,2,3,163000
2335,942,95,1,74000
2336,943,232,1,145400
2337,943,194,2,80800
2338,943,283,1,138000
2339,943,60,2,79200
2340,944,168,1,17800
2341,944,204,2,6300
2342,944,86,1,19800
2343,945,163,1,128700
2344,945,95,1,70300
2345,946,104,1,25000
2346,946,170,1,109000
2347,947,128,1,59200
2348,947,1,4,61200
2349,947,195,1,36000
2350,947,201,1,73200
2351,947,251,1,211000
2352,948,73,2,68000
2353,949,96,5,25500
2354,949,65,2,51000
2355,949,162,2,157000
2356,949,212,2,245600
2357,950,104,1,25000
2358,950,241,1,137700
2359,951,170,2,109000
2360,951,102,1,268800
2361,951,54,1,27200
2362,952,141,1,64000
2363,953,281,3,150400
2364,953,213,4,119700
2365,953,54,1,30600
2366,954,25,1,21200
2367,954,103,3,37000
2368,954,127,1,134000
2369,955,8,1,121000
2370,955,21,3,80000
2371,955,91,2,70000
2372,955,5,1,55100
2373,956,267,2,71200
2374,956,22,1,189000
2375,957,26,5,10800
2376,958,168,1,17800
2377,958,181,1,48400
2378,959,294,3,19000
2379,959,57,1,20900
2380,959,94,4,65600
2381,960,85,2,10000
2382,961,66,1,30000
2383,961,231,5,211000
2384,961,115,2,64000
2385,961,186,1,39900
2386,961,283,1,138000
2387,962,267,1,67500
2388,963,207,1,46800
2389,964,101,2,101600
2390,965,74,2,74100
2391,966,112,1,212500
2392,966,273,3,147900
2393,966,34,1,87000
2394,967,194,1,85000
2395,967,59,2,36100
2396,968,233,1,18000
2397,968,215,1,64000
2398,969,135,1,51300
2399,969,38,1,97800
2400,969,103,2,35200
2401,970,91,1,63000
2402,970,196,1,22800
2403,970,71,2,142000
2404,970,23,1,77400
2405,971,152,3,175000
2406,971,128,1,74000
2407,972,106,1,33200
2408,973,89,1,46000
2409,973,141,1,60800
2410,973,39,3,55000
2411,974,113,1,58500
2412,975,1,1,57800
2413,975,134,2,20400
2414,976,6,2,38000
2415,976,230,1,79900
2416,976,231,1,179400
2417,976,137,1,78300
2418,976,149,3,24300
2419,977,125,2,40500
2420,977,75,1,58500
2421,977,141,1,60800
2422,978,196,2,24000
2423,979,241,2,153000
2424,979,180,1,54000
2425,980,233,1,17100
2426,980,166,1,28500
2427,981,7,1,103000
2428,982,84,1,89300
2429,982,101,3,91000
2430,983,160,1,133000
2431,983,9,2,49500
2432,983,10,2,112100
2433,983,181,3,48400
2434,984,69,1,6000
2435,984,63,1,106000
2436,985,48,3,61000
2437,985,103,2,29600
2438,986,276,2,13300
2439,986,13,2,88000
2440,986,102,1,254700
2441,986,103,1,37000
2442,987,217,2,102000
2443,987,29,1,13600
2444,988,54,2,34000
2445,989,281,1,188000
2446,990,120,1,127300
2447,990,17,3,96300
2448,990,243,1,154800
2449,991,104,1,22500
2450,991,116,2,13600
2451,992,174,1,52200
2452,993,156,1,33200
2453,994,264,1,68400
2454,994,45,2,45900
2455,994,274,2,93100
2456,994,86,1,20900
2457,994,120,3,120600
2458,995,281,1,178600
2459,995,198,1,21800
2460,996,83,3,156000
2461,996,143,1,99000
2462,997,200,1,118800
2463,997,65,1,51000
2464,997,6,1,40000
2465,998,81,2,23800
2466,999,203,1,96300
2467,999,255,3,13500
2468,1000,233,2,19000
2469,1000,75,1,55200
2470,1000,171,2,96900
2471,1001,112,1,250000
2472,1001,89,2,36800
2473,1002,200,2,125000
2474,1002,25,1,22500
2475,1002,104,1,22500
2476,1003,80,2,95400
2477,1003,267,1,63800
2478,1003,231,1,211000
2479,1004,89,4,46000
2480,1004,225,1,5000
2481,1004,61,1,34000
2482,1004,265,2,29000
2483,1005,260,2,36600
2484,1006,129,3,25600
2485,1006,172,1,295200
2486,1007,32,1,176000
2487,1007,2,1,146700
2488,1008,93,1,158400
2489,1008,254,5,53000
2490,1008,47,1,15200
2491,1009,101,1,101600
2492,1009,229,1,40500
2493,1010,74,1,74100
2494,1010,101,1,96300
2495,1010,69,1,5400
2496,1010,149,2,27000
2497,1011,282,1,352400
2498,1011,103,2,37000
2499,1012,153,1,139400
2500,1012,214,1,60800
2501,1013,30,1,34200
2502,1014,216,3,15200
2503,1015,264,1,64800
2504,1015,281,1,178600
2505,1015,186,1,39900
2506,1015,198,1,23000
2507,1016,297,3,37000
2508,1016,113,1,61800
2509,1017,164,1,20000
2510,1017,70,3,141000
2511,1017,42,1,136800
2512,1017,204,1,6300
2513,1017,12,1,140800
2514,1017,181,3,51300
2515,1018,49,1,17000
2516,1018,170,1,98100
2517,1018,12,1,167200
2518,1019,35,1,64000
2519,1019,92,1,155600
2520,1019,53,1,30400
2521,1019,270,1,97800
2522,1020,273,1,165300
2523,1021,169,1,41800
2524,1021,15,1,73000
2525,1022,73,1,68000
2526,1023,195,1,45000
2527,1023,111,1,123200
2528,1024,290,1,25000
2529,1024,223,2,100000
2530,1025,61,1,30600
2531,1025,229,2,36000
2532,1026,43,4,161100
2533,1026,107,1,102600
2534,1026,300,1,118000
2535,1026,295,1,51000
2536,1027,161,1,163400
2537,1027,244,4,48000
2538,1027,93,1,176000
2539,1027,174,2,55000
2540,1028,91,2,59500
2541,1028,269,3,29000
2542,1029,108,2,80000
2543,1029,92,1,164700
2544,1030,18,2,84200
2545,1030,165,1,5000
2546,1031,61,1,30600
2547,1032,241,2,130000
2548,1032,185,1,5400
2549,1032,179,1,17000
2550,1033,2,1,154800
2551,1033,169,3,44000
2552,1033,213,2,119700
2553,1033,184,1,40000
2554,1033,122,1,57000
2555,1034,77,2,131400
2556,1035,156,1,39000
2557,1035,29,3,16200
2558,1035,166,1,30000
2559,1036,64,1,54000
2560,1036,84,2,84600
2561,1036,118,1,28000
2562,1036,121,1,16200
2563,1036,284,2,51800
2564,1037,297,2,37000
2565,1037,51,3,129000
2566,1038,96,1,30000
2567,1038,222,1,142800
2568,1039,111,2,145000
2569,1040,72,1,140000
2570,1041,294,1,19000
2571,1041,207,1,49400
2572,1042,122,1,57000
2573,1042,31,1,39100
2574,1043,3,1,18700
2575,1043,262,1,95400
2576,1043,232,1,162400
2577,1043,264,1,64800
2578,1043,140,1,39000
2579,1044,38,1,115000
2580,1045,66,1,30000
2581,1045,211,1,60300
2582,1045,253,1,23000
2583,1046,184,2,40000
2584,1046,33,2,26400
2585,1046,134,2,20400
2586,1046,286,2,9400
2587,1047,144,1,35100
2588,1047,83,1,132600
2589,1047,300,2,106200
2590,1048,81,2,22500
2591,1048,93,1,149600
2592,1049,126,1,11700
2593,1050,248,1,94500
2594,1050,115,5,64000
2595,1050,116,1,16000
2596,1051,172,2,278800
2597,1051,21,1,80000
2598,1051,111,2,123200
2599,1052,73,2,80000
2600,1052,4,1,43000
2601,1052,244,1,40800
2602,1053,287,1,62100
2603,1054,72,1,119000
2604,1054,175,2,35200
2605,1055,120,1,120600
2606,1056,133,1,151200
2607,1057,234,1,10800
2608,1057,61,1,34000
2609,1058,144,2,31200
2610,1058,74,1,70200
2611,1058,96,1,27000
2612,1058,176,3,28000
2613,1059,191,1,83700
2614,1060,183,1,116800
2615,1061,255,1,15000
2616,1062,225,3,5000
2617,1062,115,4,64000
2618,1062,4,2,43000
2619,1062,231,2,211000
2620,1063,160,1,126000
2621,1063,109,1,8000
2622,1063,206,2,28500
2623,1063,17,1,107000
2624,1063,277,2,84000
2625,1064,184,3,32000
2626,1064,228,1,130000
2627,1064,174,1,46800
2628,1065,296,1,22000
2629,1065,194,2,85000
2630,1065,291,1,214200
2631,1065,238,2,37000
2632,1066,184,1,40000
2633,1066,137,1,87000
2634,1066,97,1,88400
2635,1067,240,1,115000
2636,1067,109,1,10000
2637,1067,30,1,32300
2638,1068,268,1,70400
2639,1069,101,1,96300
2640,1070,33,4,33000
2641,1070,284,1,61000
2642,1070,246,1,13600
2643,1071,133,1,168000
2644,1071,263,1,56700
2645,1071,20,1,83000
2646,1071,53,2,30400
2647,1071,91,1,63000
2648,1071,94,1,69000
2649,1072,43,1,161100
2650,1073,194,1,80800
2651,1073,10,1,118000
2652,1073,114,2,41400
2653,1074,147,1,94000
2654,1075,145,1,27200
2655,1075,254,3,50400
2656,1076,249,2,41000
2657,1077,49,1,13600
2658,1077,154,1,67000
2659,1077,21,4,80000
2660,1077,295,1,51000
2661,1078,82,1,197600
2662,1078,139,1,41800
2663,1078,70,1,141000
2664,1079,274,4,88200
2665,1079,282,3,315400
2666,1079,43,1,179000
2667,1079,213,1,133000
2668,1080,282,3,352400
2669,1080,110,5,115600
2670,1080,158,1,33300
2671,1081,124,1,25200
2672,1082,2,2,163000
2673,1082,124,3,25200
2674,1083,108,1,72000
2675,1083,223,1,100000
2676,1084,112,1,200000
2677,1085,126,2,12400
2678,1086,81,3,25000
2679,1086,185,1,5100
2680,1086,146,1,31000
2681,1086,164,2,20000
2682,1087,281,1,188000
2683,1088,152,1,175000
2684,1088,227,1,61600
2685,1088,180,1,54000
2686,1089,175,1,44000
2687,1090,217,3,120000
2688,1091,38,1,115000
2689,1092,241,1,145400
2690,1092,135,1,54000
2691,1093,112,1,225000
2692,1093,192,2,325800
2693,1094,96,3,25500
2694,1094,236,2,29400
2695,1094,133,2,168000
2696,1094,44,5,13000
2697,1095,10,1,112100
2698,1095,226,5,26600
2699,1096,153,1,155800
2700,1096,103,3,29600
2701,1097,50,1,59000
2702,1097,229,1,45000
2703,1098,32,1,207000
2704,1098,83,3,156000
2705,1098,28,1,108000
2706,1098,150,1,36000
2707,1099,295,2,43400
2708,1099,143,2,99000
2709,1100,234,1,10800
2710,1100,212,1,307000
2711,1100,24,1,50000
2712,1100,186,1,37800
2713,1100,190,4,66000
2714,1101,294,1,19000
2715,1102,290,2,21200
2716,1102,213,1,133000
2717,1102,215,2,64000
2718,1103,204,4,6600
2719,1103,261,3,48000
2720,1104,231,2,200400
2721,1105,38,1,103500
2722,1105,110,3,108800
2723,1105,178,1,8000
2724,1105,179,2,17000
2725,1105,283,2,131100
2726,1105,254,1,45000
2727,1106,64,1,48600
2728,1106,242,2,240400
2729,1106,93,1,158400
2730,1107,245,1,61200
2731,1108,98,4,107000
2732,1108,135,1,51300
2733,1108,75,1,55200
2734,1108,140,2,39000
2735,1108,212,2,276300
2736,1108,123,1,125400
2737,1109,256,1,18000
2738,1109,162,4,125600
2739,1110,17,3,91000
2740,1110,275,2,69000
2741,1110,92,3,183000
2742,1111,104,1,23800
2743,1112,212,3,307000
2744,1113,104,1,23800
2745,1113,291,2,238000
2746,1114,210,1,97800
2747,1114,158,1,35200
2748,1115,195,1,42800
2749,1115,265,1,26100
2750,1115,75,2,58500
2751,1115,183,1,110700
2752,1115,253,1,20700
2753,1116,75,2,65000
2754,1116,181,5,54200
2755,1117,241,2,137700
2756,1117,93,1,140800
2757,1117,118,1,26400
2758,1118,206,3,30000
2759,1118,151,1,26400
2760,1119,274,1,88200
2761,1119,36,1,32300
2762,1120,115,2,54400
2763,1120,172,1,295200
2764,1121,181,1,48400
2765,1122,136,1,36000
2766,1122,109,1,9500
2767,1123,83,3,148200
2768,1123,179,4,17000
2769,1124,187,1,93000
2770,1124,117,3,94000
2771,1124,133,3,151200
2772,1125,70,1,126900
2773,1126,226,1,23800
2774,1126,165,2,4800
2775,1126,266,1,27000
2776,1126,173,1,140600
2777,1126,214,1,64000
2778,1127,257,1,120600
2779,1127,227,1,73200
2780,1127,204,2,6600
2781,1128,168,1,21000
2782,1128,152,1,175000
2783,1128,164,2,19000
2784,1128,133,1,168000
2785,1129,10,1,106200
2786,1129,93,3,158400
2787,1129,223,5,85000
2788,1130,56,1,19000
2789,1130,3,4,22000
2790,1130,245,1,54400
2791,1131,289,1,35100
2792,1131,136,1,36000
2793,1131,181,1,51300
2794,1131,60,1,83600
2795,1131,63,1,84800
2796,1132,114,2,41400
2797,1132,53,2,27200
2798,1132,215,1,57600
2799,1133,83,1,156000
2800,1134,124,4,26600
2801,1134,295,1,51000
2802,1135,237,3,21600
2803,1136,283,1,110400
2804,1137,289,1,39000
2805,1137,67,2,80000
2806,1137,188,1,31400
2807,1138,231,1,200400
2808,1138,269,1,27600
2809,1138,158,1,35200
2810,1138,103,1,35200
2811,1139,160,4,140000
2812,1139,97,4,83700
2813,1139,128,1,66600
2814,1139,136,1,36000
2815,1139,61,2,27200
2816,1140,17,1,107000
2817,1140,299,1,41600
2818,1141,236,1,26400
2819,1141,205,1,23800
2820,1141,19,1,51000
2821,1141,179,1,13600
2822,1141,52,2,364000
2823,1142,234,1,10800
2824,1142,70,2,126900
2825,1143,70,4,141000
2826,1144,294,1,18000
2827,1144,296,2,22000
2828,1144,272,1,338000
2829,1144,114,1,43700
2830,1144,223,1,85000
2831,1145,101,1,107000
2832,1146,250,1,118200
2833,1147,196,1,24000
2834,1148,33,1,33000
2835,1148,165,1,4500
2836,1148,234,1,12000
2837,1148,243,5,130400
2838,1148,93,1,167200
2839,1149,126,1,11700
2840,1149,115,1,57600
2841,1149,195,2,42800
2842,1150,192,2,343900
2843,1150,102,5,240600
2844,1150,231,1,200400
2845,1150,235,3,21000
2846,1150,81,2,25000
2847,1151,274,2,93100
2848,1151,219,1,35000
2849,1151,69,5,5100
2850,1151,243,5,138600
2851,1152,240,1,115000
2852,1153,56,1,19000
2853,1153,81,1,25000
2854,1153,84,1,84600
2855,1154,240,1,115000
2856,1154,294,1,16200
2857,1155,18,2,89100
2858,1156,72,1,119000
2859,1156,177,1,120000
2860,1156,1,1,54400
2861,1156,208,1,76000
2862,1157,33,1,33000
2863,1157,104,2,25000
2864,1157,169,1,41800
2865,1157,141,1,57600
2866,1157,52,1,364000
2867,1158,91,4,66500
2868,1158,292,1,264600
2869,1159,290,2,22500
2870,1159,202,1,216900
2871,1159,145,1,30400
2872,1159,61,1,34000
2873,1159,284,1,48800
2874,1159,253,1,20700
2875,1160,112,1,250000
2876,1160,23,2,77400
2877,1161,291,1,238000
2878,1161,130,1,126600
2879,1161,27,1,32300
2880,1162,80,1,95400
2881,1162,262,3,106000
2882,1162,207,2,49400
2883,1163,299,1,44100
2884,1164,35,1,57600
2885,1164,143,2,99000
2886,1165,14,1,41600
2887,1166,7,3,103000
2888,1166,203,2,96300
2889,1166,280,1,103700
2890,1166,90,1,110200
2891,1166,91,2,66500
2892,1167,94,1,62100
2893,1168,65,2,45900
2894,1168,9,1,52200
2895,1168,38,1,115000
2896,1169,258,5,106000
2897,1169,203,2,96300
2898,1169,213,4,126400
2899,1170,64,2,54000
2900,1170,5,3,58000
2901,1170,202,1,216900
2902,1170,171,1,91800
2903,1170,80,1,84800
2904,1171,221,5,30000
2905,1171,137,1,78300
2906,1171,236,1,27900
2907,1171,12,3,167200
2908,1172,115,3,64000
2909,1172,141,2,64000
2910,1172,190,1,62700
2911,1173,91,1,63000
2912,1173,269,1,26100
2913,1174,203,2,96300
2914,1174,164,1,20000
2915,1174,52,3,345800
2916,1174,7,3,103000
2917,1175,18,3,99000
2918,1175,251,1,211000
2919,1176,256,3,17100
2920,1177,274,2,83300
2921,1177,247,2,55000
2922,1178,145,1,32000
2923,1178,282,2,352400
2924,1178,167,1,151000
2925,1179,271,1,102600
2926,1180,274,1,93100
2927,1180,111,2,130500
2928,1181,115,2,64000
2929,1181,213,1,113000
2930,1181,214,1,51200
2931,1181,183,1,110700
2932,1182,132,1,22500
2933,1182,101,1,101600
2934,1182,170,1,109000
2935,1182,206,2,27000
2936,1182,14,3,44100
2937,1183,288,1,68400
2938,1183,213,2,119700
2939,1183,295,1,43400
2940,1184,286,5,10400
2941,1185,179,1,17000
2942,1185,188,2,31400
2943,1186,265,1,27600
2944,1186,166,1,28500
2945,1186,278,1,45000
2946,1187,178,1,6800
2947,1187,166,2,30000
2948,1188,298,3,28000
2949,1188,235,2,21000
2950,1189,208,1,76000
2951,1189,211,1,67000
2952,1190,170,4,98100
2953,1191,261,1,45600
2954,1192,72,1,140000
2955,1192,178,1,7600
2956,1192,95,3,70300
2957,1193,264,1,72000
2958,1193,34,1,87000
2959,1193,295,3,51000
2960,1194,227,2,77000
2961,1195,197,2,124400
2962,1196,136,1,36000
2963,1196,195,3,42800
2964,1197,293,2,129200
2965,1198,75,2,65000
2966,1199,214,2,60800
2967,1200,152,1,175000
2968,1200,204,5,7000
2969,1200,276,1,14000
2970,1200,118,1,26400
2971,1201,131,2,82000
2972,1201,52,2,345800
2973,1201,221,3,30000
2974,1202,224,2,92000
2975,1202,153,3,155800
2976,1202,67,3,76000
2977,1202,59,1,38000
2978,1203,2,1,146700
2979,1203,298,2,25200
2980,1203,133,4,142800
2981,1204,64,2,51300
2982,1204,21,1,68000
2983,1205,40,1,100000
2984,1205,70,1,141000
2985,1206,75,2,65000
2986,1206,20,1,83000
2987,1206,213,2,133000
2988,1207,210,2,92700
2989,1207,52,1,345800
2990,1208,297,1,35200
2991,1209,163,2,143000
2992,1209,103,1,37000
2993,1210,239,1,43700
2994,1210,167,2,159000
2995,1211,180,1,45900
2996,1211,199,1,9900
2997,1212,67,1,80000
2998,1212,103,2,35200
2999,1212,239,1,46000
3000,1212,49,2,15300
3001,1212,284,2,61000
3002,1213,24,2,45000
3003,1213,11,1,106200
3004,1213,276,1,11200
3005,1213,21,1,72000
3006,1214,104,2,25000
3007,1214,74,1,74100
3008,1215,152,1,166200
3009,1216,258,4,84800
3010,1216,223,2,100000
3011,1216,205,1,25200
3012,1216,142,1,182700
3013,1216,191,1,93000
3014,1217,229,1,36000
3015,1217,82,2,208000
3016,1217,59,1,38000
3017,1217,181,1,51300
3018,1218,241,2,137700
3019,1218,178,5,7600
3020,1218,82,2,208000
3021,1219,254,1,50400
3022,1220,175,1,44000
3023,1221,11,3,112500
3024,1221,294,1,16200
3025,1222,281,1,188000
3026,1222,213,2,133000
3027,1223,258,1,106000
3028,1223,50,1,53100
3029,1223,277,1,71400
3030,1223,285,1,17100
3031,1224,203,1,107000
3032,1224,125,1,40500
3033,1224,295,1,45900
3034,1225,35,1,57600
3035,1225,285,1,18000
3036,1226,264,2,72000
3037,1226,244,1,40800
3038,1226,192,1,325800
3039,1226,183,1,116800
3040,1227,201,1,69300
3041,1227,20,1,70600
3042,1227,277,4,84000
3043,1228,186,1,42000
3044,1228,158,3,29600
3045,1229,41,5,35200
3046,1229,260,1,38700
3047,1229,7,1,92700
3048,1229,215,2,60800
3049,1230,32,1,176000
3050,1230,161,1,172000
3051,1230,130,4,126600
3052,1230,225,1,5000
3053,1230,146,2,26400
3054,1231,241,1,145400
3055,1231,179,1,16200
3056,1231,151,2,29700
3057,1232,129,1,23000
3058,1232,7,2,97800
3059,1233,160,1,140000
3060,1234,11,2,125000
3061,1235,34,1,78300
3062,1235,20,1,83000
3063,1235,183,1,110700
3064,1236,186,3,42000
3065,1236,63,1,100700
3066,1236,39,2,55000
3067,1237,277,1,84000
3068,1238,73,2,76000
3069,1239,232,1,136800
3070,1239,25,3,21200
3071,1239,114,1,41400
3072,1239,161,1,172000
3073,1240,18,3,89100
3074,1240,268,1,88000
3075,1240,246,1,16000
3076,1241,216,2,14400
3077,1241,169,3,44000
3078,1241,263,1,56700
3079,1242,248,1,84000
3080,1242,194,2,72200
3081,1242,243,2,146700
3082,1243,164,1,19000
3083,1243,277,1,84000
3084,1244,299,1,44100
3085,1244,108,4,64000
3086,1245,199,3,10400
3087,1246,169,1,39600
3088,1247,161,1,163400
3089,1247,209,4,3800
3090,1247,297,1,33300
3091,1247,84,1,94000
3092,1248,136,3,36000
3093,1248,21,1,76000
3094,1249,25,1,21200
3095,1249,34,4,74000
3096,1250,289,1,39000
3097,1250,260,1,43000
3098,1251,267,2,75000
3099,1251,99,1,21200
3100,1251,229,4,45000
3101,1252,128,1,66600
3102,1252,140,2,31200
3103,1252,223,1,95000
3104,1253,40,2,95000
3105,1253,160,1,140000
3106,1254,152,1,166200
3107,1254,33,1,31400
3108,1254,297,1,37000
3109,1255,102,1,268800
3110,1256,59,1,38000
3111,1256,211,1,53600
3112,1257,272,1,338000
3113,1257,193,1,26600
3114,1257,294,1,16200
3115,1257,111,2,145000
3116,1258,185,3,5100
3117,1259,186,1,42000
3118,1259,300,1,118000
3119,1260,256,5,17100
3120,1260,18,1,99000
3121,1260,204,4,6600
3122,1260,142,1,182700
3123,1261,244,3,43200
3124,1262,210,2,103000
3125,1262,244,2,38400
3126,1262,183,1,123000
3127,1263,58,2,9000
3128,1264,221,3,28500
3129,1264,144,5,33200
3130,1264,293,1,136000
3131,1265,205,2,26600
3132,1265,221,2,30000
3133,1265,255,3,15000
3134,1266,40,1,100000
3135,1266,235,1,21000
3136,1266,239,2,39100
3137,1267,144,1,37000
3138,1267,164,1,17000
3139,1267,156,1,39000
3140,1268,147,2,99000
3141,1269,192,1,362000
3142,1269,2,2,163000
3143,1269,233,2,19000
3144,1269,44,1,11700
3145,1269,208,1,60800
3146,1269,113,5,61800
3147,1270,80,1,100700
3148,1270,124,1,28000
3149,1270,213,1,106400
3150,1271,163,1,143000
3151,1271,174,2,55000
3152,1271,215,1,64000
3153,1272,137,1,78300
3154,1272,202,3,204800
3155,1272,35,1,64000
3156,1273,266,1,27000
3157,1274,75,1,65000
3158,1274,239,1,36800
3159,1274,19,3,45900
3160,1274,51,4,109600
3161,1274,61,1,34000
3162,1275,273,1,174000
3163,1275,29,1,15300
3164,1276,25,1,25000
3165,1276,266,4,28500
3166,1277,48,1,58000
3167,1277,261,1,38400
3168,1277,166,4,28500
3169,1278,132,1,22500
3170,1278,165,1,5000
3171,1278,74,2,74100
3172,1278,171,1,96900
3173,1278,204,1,7000
3174,1278,173,3,125800
3175,1279,46,1,14400
3176,1280,143,1,99000
3177,1281,104,2,22500
3178,1282,272,1,338000
3179,1282,277,1,71400
3180,1283,288,2,76000
3181,1283,36,1,32300
3182,1284,169,1,41800
3183,1284,227,1,69300
3184,1285,223,1,100000
3185,1285,146,4,27900
3186,1285,155,2,34000
3187,1285,207,1,52000
3188,1286,124,2,26600
3189,1287,57,2,22000
3190,1287,211,1,63600
3191,1287,61,1,27200
3192,1287,151,1,29700
3193,1288,2,1,154800
3194,1288,4,2,34400
3195,1288,262,3,106000
3196,1289,208,1,68400
3197,1289,201,2,65400
3198,1289,175,1,44000
3199,1289,111,1,116000
3200,1290,41,1,37000
3201,1290,267,1,67500
3202,1290,242,1,215000
3203,1290,244,1,48000
3204,1290,58,1,9000
3205,1291,98,3,85600
3206,1291,28,2,86400
3207,1292,33,1,29700
3208,1292,114,1,36800
3209,1292,133,1,159600
3210,1293,223,1,90000
3211,1294,11,2,106200
3212,1295,145,1,27200
3213,1295,18,1,99000
3214,1295,91,3,70000
3215,1296,61,1,34000
3216,1297,259,3,6400
3217,1297,140,2,39000
3218,1297,253,4,21800
3219,1298,193,1,26600
3220,1298,104,2,25000
3221,1298,203,1,96300
3222,1298,92,1,164700
3223,1298,250,2,139000
3224,1298,252,1,267300
3225,1299,35,1,57600
3226,1300,22,1,178500
3227,1301,4,1,43000
3228,1301,213,1,113000
3229,1302,114,4,41400
3230,1302,4,4,38700
3231,1303,233,1,19000
3232,1303,141,1,57600
3233,1304,166,3,30000
3234,1305,247,2,49500
3235,1306,28,1,97200
3236,1307,89,1,43700
3237,1307,250,1,118200
3238,1308,144,1,39000
3239,1308,73,1,80000
3240,1308,51,1,109600
3241,1308,295,3,51000
3242,1309,36,1,32300
3243,1309,166,1,27000
3244,1309,39,1,49500
3245,1310,33,1,33000
3246,1311,196,2,19200
3247,1312,120,1,107200
3248,1312,25,1,22500
3249,1313,162,1,157000
3250,1314,91,1,59500
3251,1314,164,2,19000
3252,1315,25,2,25000
3253,1315,178,1,7200
3254,1315,164,2,20000
3255,1316,153,1,164000
3256,1316,243,1,163000
3257,1316,172,3,295200
3258,1316,163,1,143000
3259,1317,25,1,22500
3260,1317,213,2,113000
3261,1318,295,1,45900
3262,1319,152,2,157500
3263,1319,8,1,108900
3264,1319,115,5,64000
3265,1320,107,1,102600
3266,1320,61,1,27200
3267,1320,151,1,26400
3268,1321,67,1,72000
3269,1321,37,1,23800
3270,1321,215,1,64000
3271,1322,242,1,253000
3272,1322,84,2,94000
3273,1322,165,1,4200
3274,1323,141,1,64000
3275,1324,10,1,118000
3276,1324,13,1,88000
3277,1324,221,2,25500
3278,1325,91,1,63000
3279,1325,133,2,151200
3280,1326,4,1,36600
3281,1327,152,2,148800
3282,1327,201,3,73200
3283,1327,259,3,7600
3284,1328,192,1,362000
3285,1328,185,1,5400
3286,1328,2,2,138600
3287,1328,253,3,20700
3288,1329,249,1,39000
3289,1330,2,1,163000
3290,1331,130,1,134100
3291,1332,202,2,241000
3292,1332,206,1,27000
3293,1333,241,2,130000
3294,1333,35,2,60800
3295,1333,212,1,245600
3296,1333,198,1,21800
3297,1334,36,3,32300
3298,1334,87,2,69000
3299,1335,120,1,120600
3300,1335,21,2,80000
3301,1335,6,2,40000
3302,1335,175,1,39600
3303,1336,4,1,43000
3304,1336,5,2,58000
3305,1337,224,3,82800
3306,1337,259,2,7600
3307,1338,143,2,84200
3308,1339,116,1,15200
3309,1339,95,4,74000
3310,1340,195,1,45000
3311,1340,23,1,86400
3312,1341,197,2,124400
3313,1341,166,2,24000
3314,1342,74,1,62400
3315,1342,245,2,68000
3316,1343,132,1,22500
3317,1343,253,2,23000
3318,1344,234,2,12000
3319,1344,268,1,79200
3320,1345,85,4,8500
3321,1345,141,4,60800
3322,1345,175,3,44000
3323,1346,144,2,39000
3324,1346,19,1,43400
3325,1346,270,2,103000
3326,1347,290,1,23800
3327,1347,196,1,22800
3328,1348,55,2,20700
3329,1349,281,1,178600
3330,1349,193,1,28000
3331,1349,165,1,5000
3332,1349,63,2,95400
3333,1350,42,2,162400
3334,1350,81,1,22500
3335,1350,277,1,79800
3336,1350,217,1,102000
3337,1350,59,1,38000
3338,1351,175,1,39600
3339,1352,248,4,105000
3340,1352,225,1,4000
3341,1352,290,1,25000
3342,1352,157,1,107100
3343,1353,143,2,94000
3344,1354,114,1,43700
3345,1354,10,1,94400
3346,1354,220,1,56800
3347,1354,295,2,51000
3348,1355,255,2,15000
3349,1356,6,3,40000
3350,1357,247,1,55000
3351,1357,179,4,14400
3352,1357,127,1,113900
3353,1358,264,3,72000
3354,1358,65,1,51000
3355,1359,288,1,72200
3356,1359,167,1,143100
3357,1359,12,1,140800
3358,1359,274,1,98000
3359,1359,60,1,83600
3360,1359,63,1,100700
3361,1360,174,1,55000
3362,1361,295,2,51000
3363,1362,209,1,3400
3364,1362,214,5,64000
3365,1363,161,1,146200
3366,1363,25,1,21200
3367,1364,166,1,25500
3368,1364,136,1,32400
3369,1364,44,1,12400
3370,1364,53,1,30400
3371,1364,31,2,43700
3372,1365,232,1,136800
3373,1365,289,1,39000
3374,1365,291,1,214200
3375,1366,64,1,51300
3376,1366,13,1,88000
3377,1366,191,3,74400
3378,1367,282,1,371000
3379,1367,204,4,6000
3380,1367,85,1,8500
3381,1367,134,5,22800
3382,1368,264,1,68400
3383,1368,153,3,164000
3384,1369,294,1,19000
3385,1369,106,1,35000
3386,1369,270,1,97800
3387,1369,115,1,51200
3388,1369,221,1,25500
3389,1369,63,1,95400
3390,1370,205,3,28000
3391,1370,182,1,187200
3392,1371,161,2,154800
3393,1371,193,1,26600
3394,1371,111,1,123200
3395,1372,178,1,7600
3396,1373,17,5,96300
3397,1374,159,1,17800
3398,1375,191,1,93000
3399,1376,215,2,64000
3400,1376,132,1,21200
3401,1376,55,1,19600
3402,1377,233,3,18000
3403,1377,220,1,67400
3404,1377,215,2,64000
3405,1378,64,1,54000
3406,1378,113,1,61800
3407,1378,215,2,51200
3408,1379,191,2,83700
3409,1379,60,1,88000
3410,1379,271,1,97200
3411,1380,81,1,21200
3412,1380,193,4,26600
3413,1380,115,1,57600
3414,1381,265,1,26100
3415,1381,211,1,60300
3416,1382,49,1,17000
3417,1382,50,1,56000
3418,1382,62,2,245700
3419,1382,31,1,43700
3420,1383,146,1,29400
3421,1384,73,1,80000
3422,1384,153,2,131200
3423,1384,41,2,37000
3424,1385,131,1,73800
3425,1386,253,1,21800
3426,1387,257,1,120600
3427,1387,294,2,19000
3428,1387,55,2,20700
3429,1388,236,2,31000
3430,1389,282,1,352400
3431,1390,148,1,35000
3432,1390,12,1,158400
3433,1390,69,1,5700
3434,1390,223,4,85000
3435,1391,276,4,12600
3436,1392,98,1,107000
3437,1392,214,1,54400
3438,1392,47,4,15200
3439,1393,194,1,72200
3440,1393,220,1,63900
3441,1394,82,1,208000
3442,1394,43,1,179000
3443,1395,297,1,37000
3444,1395,109,2,10000
3445,1396,57,1,17600
3446,1397,144,2,35100
3447,1397,241,1,145400
3448,1398,79,3,29000
3449,1398,159,1,21000
3450,1399,131,2,82000
3451,1399,70,3,119800
3452,1400,291,3,226100
3453,1400,133,2,159600
3454,1401,96,1,28500
3455,1402,131,1,82000
3456,1402,101,2,101600
3457,1402,78,1,52700
3458,1402,243,1,163000
3459,1403,240,1,121000
3460,1403,243,1,154800
3461,1403,212,1,291600
3462,1403,149,1,27000
3463,1403,25,1,25000
3464,1404,190,1,59400
3465,1405,291,1,202300
3466,1405,201,1,69300
3467,1405,42,1,171000
3468,1405,271,1,108000
3469,1405,177,1,114000
3470,1406,160,1,140000
3471,1406,238,1,33300
3472,1406,192,1,362000
3473,1407,66,2,28500
3474,1408,112,1,200000
3475,1408,190,1,66000
3476,1409,177,2,114000
3477,1410,202,1,241000
3478,1410,253,5,21800
3479,1410,223,1,100000
3480,1411,229,1,45000
3481,1412,193,2,28000
3482,1412,213,2,113000
3483,1413,287,1,55200
3484,1414,120,1,120600
3485,1414,250,1,125100
3486,1415,299,1,39200
3487,1415,222,1,168000
3488,1415,111,2,145000
3489,1416,19,2,48400
3490,1416,187,1,88400
3491,1417,113,1,58500
3492,1417,99,5,23800
3493,1417,148,3,33200
3494,1417,55,1,23000
3495,1418,81,2,23800
3496,1419,75,2,61800
3497,1420,120,1,113900
3498,1420,209,1,4000
3499,1420,44,1,12400
3500,1421,12,1,140800
3501,1421,111,1,130500
3502,1421,144,1,39000
3503,1421,24,2,45000
3504,1421,223,2,90000
3505,1422,203,1,96300
3506,1423,191,1,83700
3507,1424,241,1,122400
3508,1425,200,1,118800
3509,1425,143,2,99000
3510,1426,128,3,70300
3511,1426,283,1,131100
3512,1426,14,1,49000
3513,1427,233,1,17100
3514,1427,92,1,146400
3515,1427,263,1,63000
3516,1428,217,2,120000
3517,1428,220,1,71000
3518,1428,230,1,89300
3519,1429,275,2,62100
3520,1429,141,1,51200
3521,1429,207,2,46800
3522,1430,132,1,20000
3523,1431,150,1,34200
3524,1432,121,3,16200
3525,1432,293,1,129200
3526,1432,261,2,43200
3527,1432,247,1,55000
3528,1433,167,2,159000
3529,1434,242,1,253000
3530,1434,26,1,10200
3531,1434,158,5,37000
3532,1435,267,4,63800
3533,1435,54,1,32300
3534,1436,14,3,46600
3535,1437,90,1,116000
3536,1437,27,2,38000
3537,1437,118,1,33000
3538,1437,55,1,23000
3539,1438,177,2,96000
3540,1438,163,1,128700
3541,1438,219,2,33200
3542,1439,3,1,18700
3543,1439,12,1,158400
3544,1440,114,1,43700
3545,1440,38,2,115000
3546,1441,243,1,163000
3547,1441,53,1,28800
3548,1442,200,1,106200
3549,1442,16,3,14400
3550,1442,275,1,65600
3551,1442,24,2,45000
3552,1442,154,2,63600
3553,1443,21,1,64000
3554,1444,80,1,90100
3555,1444,61,1,30600
3556,1445,288,4,64600
3557,1445,184,1,34000
3558,1445,167,1,143100
3559,1446,129,1,21600
3560,1446,38,2,115000
3561,1446,141,1,57600
3562,1446,54,2,34000
3563,1446,191,1,74400
3564,1447,245,2,54400
3565,1447,287,2,62100
3566,1448,218,2,30400
3567,1448,282,4,371000
3568,1448,101,1,91000
3569,1449,25,1,23800
3570,1449,44,2,13000
3571,1449,103,1,31400
3572,1449,263,2,56700
3573,1450,215,3,64000
3574,1450,178,1,8000
3575,1450,19,5,48400
3576,1450,143,2,79200
3577,1451,288,1,72200
3578,1451,132,1,23800
3579,1451,45,2,51300
3580,1451,94,1,69000
3581,1451,89,1,46000
3582,1451,286,1,11000
3583,1452,190,3,59400
3584,1453,134,1,24000
3585,1453,229,1,42800
3586,1453,286,1,9400
3587,1453,271,1,108000
3588,1454,124,2,28000
3589,1454,268,3,79200
3590,1454,191,2,79000
3591,1455,18,2,99000
3592,1455,123,1,112200
3593,1456,112,3,237500
3594,1456,108,1,72000
3595,1456,181,2,51300
3596,1456,222,2,168000
3597,1457,96,1,24000
3598,1457,158,1,33300
3599,1457,192,1,362000
3600,1458,232,1,171000
3601,1458,2,1,154800
3602,1459,198,1,23000
3603,1459,158,1,31400
3604,1459,191,1,88400
3605,1460,123,1,112200
3606,1461,180,1,45900
3607,1461,134,4,22800
3608,1462,129,1,27000
3609,1462,223,1,90000
3610,1462,191,1,83700
3611,1462,103,3,35200
3612,1463,98,2,101600
3613,1463,215,2,60800
3614,1464,216,2,15200
3615,1464,105,2,38700
3616,1464,19,1,40800
3617,1464,201,4,77000
3618,1465,210,1,82400
3619,1465,58,2,9000
3620,1466,233,1,17100
3621,1466,82,1,208000
3622,1466,257,3,113900
3623,1467,144,1,35100
3624,1468,268,2,79200
3625,1469,167,2,151000
3626,1470,61,1,28900
3627,1471,293,3,136000
3628,1471,6,2,38000
3629,1472,65,2,48400
3630,1472,146,1,31000
3631,1473,147,1,99000
3632,1473,92,1,183000
3633,1473,84,1,75200
3634,1474,168,2,21000
3635,1475,120,1,113900
3636,1475,64,1,54000
3637,1476,49,1,17000
3638,1476,210,3,97800
3639,1476,44,2,13000
3640,1477,139,2,41800
3641,1477,277,4,79800
3642,1478,115,5,64000
3643,1478,141,1,64000
3644,1479,112,1,212500
3645,1479,133,2,142800
3646,1480,104,2,25000
3647,1480,83,2,124800
3648,1480,268,3,88000
3649,1481,187,1,83700
3650,1482,291,1,190400
3651,1482,40,1,100000
3652,1482,202,1,216900
3653,1482,54,1,34000
3654,1482,156,1,39000
3655,1483,33,1,31400
3656,1483,249,1,41000
3657,1483,165,1,4800
3658,1483,113,1,58500
3659,1484,14,2,49000
3660,1485,246,5,15200
3661,1485,103,1,35200
3662,1486,219,1,35000
3663,1486,141,3,57600
3664,1486,62,2,245700
3665,1487,44,1,13000
3666,1488,107,1,97200
3667,1489,233,1,19000
3668,1490,291,1,226100
3669,1490,292,2,279300
3670,1490,233,1,16200
3671,1490,214,1,64000
3672,1490,280,1,103700
3673,1491,6,1,34000
3674,1491,78,3,55800
3675,1491,85,1,10000
3676,1491,54,1,32300
3677,1491,214,2,57600
3678,1491,184,5,34000
3679,1492,168,4,16800
3680,1492,11,1,125000
3681,1493,187,1,83700
3682,1493,230,1,79900
3683,1494,99,2,21200
3684,1495,140,1,35100
3685,1495,4,1,43000
3686,1495,191,3,93000
3687,1496,165,1,5000
3688,1497,91,2,66500
3689,1498,115,1,57600
3690,1499,46,1,16200
3691,1500,145,2,30400
3692,1500,191,2,88400
3693,1501,200,2,125000
3694,1501,121,1,18000
3695,1501,223,1,95000
3696,1502,187,1,79000
3697,1502,237,2,27000
3698,1503,3,1,20900
3699,1503,31,3,46000
3700,1504,51,2,122600
3701,1505,134,3,20400
3702,1505,270,1,97800
3703,1506,84,3,94000
3704,1506,55,1,21800
3705,1507,67,1,76000
3706,1507,227,1,69300
3707,1507,295,1,48400
3708,1507,12,2,158400
3709,1507,117,2,89300
3710,1508,149,1,27000
3711,1508,262,2,95400
3712,1508,255,3,14200
3713,1509,16,1,17100
3714,1509,74,1,70200
3715,1510,33,1,28000
3716,1510,121,1,18000
3717,1511,89,4,43700
3718,1511,26,1,11400
3719,1511,214,2,60800
3720,1511,54,1,34000
3721,1512,209,1,3800
3722,1512,215,1,64000
3723,1513,87,5,55200
3724,1514,16,3,18000
3725,1514,1,2,68000
3726,1514,25,1,22500
3727,1514,254,2,50400
3728,1515,210,2,103000
3729,1515,26,3,11400
3730,1515,94,3,69000
3731,1515,95,2,74000
3732,1516,152,3,166200
3733,1516,171,1,102000
3734,1517,140,5,37000
3735,1518,153,1,155800
3736,1518,164,2,18000
3737,1518,285,1,19000
3738,1519,250,4,125100
3739,1519,237,1,23000
3740,1520,108,1,80000
3741,1520,44,1,13000
3742,1520,262,1,100700
3743,1521,243,1,138600
3744,1521,125,1,40500
3745,1521,230,2,94000
3746,1521,47,2,16000
3747,1522,127,2,120600
3748,1523,214,1,57600
3749,1524,113,3,61800
3750,1524,91,1,63000
3751,1525,120,2,134000
3752,1525,270,1,103000
3753,1526,94,2,58600
3754,1526,215,1,64000
3755,1527,136,1,32400
3756,1527,209,2,3200
3757,1527,183,3,116800
3758,1528,220,3,71000
3759,1529,121,2,18000
3760,1529,258,1,95400
3761,1530,141,4,51200
3762,1530,87,1,62100
3763,1531,224,4,92000
3764,1531,108,1,76000
3765,1532,200,1,125000
3766,1532,265,1,24600
3767,1533,124,2,26600
3768,1533,262,1,90100
3769,1534,84,2,94000
3770,1534,62,4,259400
3771,1535,224,1,82800
3772,1535,204,1,6600
3773,1535,213,1,126400
3774,1536,17,1,107000
3775,1536,190,1,66000
3776,1537,272,1,287300
3777,1537,25,1,25000
3778,1537,284,2,51800
3779,1537,37,1,21200
3780,1538,293,2,122400
3781,1539,112,1,237500
3782,1539,13,2,88000
3783,1540,104,4,22500
3784,1540,32,1,186300
3785,1540,261,1,48000
3786,1540,79,2,24600
3787,1541,64,1,45900
3788,1541,37,2,22500
3789,1541,262,2,84800
3790,1542,281,1,188000
3791,1542,221,3,27000
3792,1542,25,2,23800
3793,1543,227,2,73200
3794,1544,75,1,65000
3795,1544,286,5,11000
3796,1545,178,1,7200
3797,1545,294,2,16200
3798,1545,47,1,13600
3799,1546,197,1,104800
3800,1546,234,3,10800
3801,1546,236,2,26400
3802,1546,184,2,36000
3803,1546,284,2,61000
3804,1547,201,1,77000
3805,1547,251,1,189900
3806,1547,225,1,5000
3807,1548,138,1,109200
3808,1548,213,1,113000
3809,1548,271,1,108000
3810,1549,66,2,30000
3811,1550,257,1,120600
3812,1551,224,2,92000
3813,1551,177,1,120000
3814,1551,26,3,11400
3815,1551,144,3,37000
3816,1552,160,1,126000
3817,1553,26,1,9600
3818,1553,283,1,138000
3819,1553,220,3,60400
3820,1554,153,1,155800
3821,1555,225,2,4200
3822,1555,122,4,57000
3823,1555,283,1,131100
3824,1555,13,1,79200
3825,1556,129,1,25600
3826,1557,159,1,17800
3827,1557,34,1,69600
3828,1557,269,2,24600
3829,1557,151,2,26400
3830,1558,165,1,4500
3831,1559,273,1,174000
3832,1559,5,1,55100
3833,1559,38,3,92000
3834,1560,266,2,28500
3835,1560,275,1,69000
3836,1561,124,1,23800
3837,1561,148,1,29800
3838,1561,15,1,73000
3839,1562,66,1,25500
3840,1562,69,1,5100
3841,1562,122,1,45600
3842,1563,242,1,240400
3843,1564,219,1,29800
3844,1565,233,2,17100
3845,1566,113,1,65000
3846,1566,250,1,125100
3847,1567,263,2,50400
3848,1567,189,1,29400
3849,1567,254,2,53000
3850,1567,31,1,41400
3851,1568,136,1,32400
3852,1568,121,1,18000
3853,1568,246,1,16000
3854,1568,15,1,73000
3855,1569,33,1,33000
3856,1570,80,1,106000
3857,1570,266,1,30000
3858,1570,294,1,19000
3859,1570,71,1,134900
3860,1571,166,2,30000
3861,1571,233,1,17100
3862,1571,174,1,55000
3863,1571,21,2,72000
3864,1571,94,1,55200
3865,1572,233,2,16200
3866,1572,60,2,79200
3867,1573,42,1,153900
3868,1573,234,2,11400
3869,1574,65,3,48400
3870,1574,190,1,62700
3871,1575,243,1,138600
3872,1576,264,1,64800
3873,1577,27,1,34200
3874,1578,97,2,93000
3875,1578,104,3,23800
3876,1578,75,1,58500
3877,1578,13,1,79200
3878,1578,29,1,14400
3879,1579,74,1,74100
3880,1579,189,3,29400
3881,1580,107,1,91800
3882,1580,73,4,80000
3883,1580,3,2,22000
3884,1581,167,1,143100
3885,1581,171,1,81600
3886,1581,235,1,21000
3887,1582,112,1,212500
3888,1582,284,1,48800
3889,1583,73,1,72000
3890,1584,74,2,70200
3891,1585,196,1,21600
3892,1585,165,1,4800
3893,1585,54,1,34000
3894,1585,87,1,69000
3895,1585,282,1,352400
3896,1585,91,2,70000
3897,1586,64,1,54000
3898,1587,282,3,371000
3899,1587,226,1,28000
3900,1588,256,2,19000
3901,1588,65,1,51000
3902,1588,259,1,7600
3903,1588,135,1,48600
3904,1589,117,2,94000
3905,1590,181,1,51300
3906,1591,160,1,140000
3907,1591,275,2,69000
3908,1591,277,2,84000
3909,1591,278,1,45000
3910,1591,25,1,23800
3911,1592,179,1,14400
3912,1592,220,2,67400
3913,1592,157,3,113400
3914,1593,8,1,121000
3915,1593,143,4,94000
3916,1594,241,1,153000
3917,1594,143,2,99000
3918,1595,132,2,25000
3919,1596,205,1,25200
3920,1596,174,3,46800
3921,1596,287,1,65600
3922,1597,106,1,28000
3923,1597,211,1,60300
3924,1597,4,1,36600
3925,1597,189,3,31000
3926,1598,228,1,117000
3927,1598,110,3,115600
3928,1599,201,1,77000
3929,1599,93,2,176000
3930,1599,141,1,64000
3931,1600,213,2,126400
3932,1601,143,1,79200
3933,1601,35,1,54400
3934,1601,278,1,50400
3935,1601,55,2,23000
3936,1602,223,3,80000
3937,1603,132,1,22500
3938,1604,16,2,15300
3939,1604,25,1,25000
3940,1604,124,1,25200
3941,1604,270,1,97800
3942,1605,91,5,59500
3943,1605,139,1,44000
3944,1606,274,3,78400
3945,1606,92,1,155600
3946,1606,142,1,182700
3947,1607,233,2,18000
3948,1608,48,2,61000
3949,1608,56,1,17000
3950,1608,74,1,74100
3951,1608,123,1,105600
3952,1609,264,1,68400
3953,1609,150,5,36000
3954,1609,167,2,151000
3955,1610,261,2,43200
3956,1611,291,2,214200
3957,1611,195,2,45000
3958,1612,41,1,29600
3959,1613,210,1,82400
3960,1613,274,1,88200
3961,1613,93,2,158400
3962,1614,83,2,156000
3963,1614,237,1,25600
3964,1615,269,2,29000
3965,1615,206,1,27000
3966,1616,64,2,45900
3967,1616,36,1,28900
3968,1616,158,1,37000
3969,1617,77,1,124100
3970,1617,247,2,52200
3971,1618,83,2,156000
3972,1618,196,2,22800
3973,1618,70,1,141000
3974,1619,61,1,32300
3975,1619,254,1,50400
3976,1620,137,1,78300
3977,1621,34,1,87000
3978,1621,39,1,52200
3979,1621,73,1,68000
3980,1621,16,1,16200
3981,1621,63,4,106000
3982,1622,131,3,69700
3983,1623,206,1,27000
3984,1624,101,3,107000
3985,1624,173,1,148000
3986,1625,146,1,31000
3987,1625,292,1,294000
3988,1625,277,1,79800
3989,1625,78,1,58900
3990,1626,226,1,26600
3991,1626,76,3,10400
3992,1626,86,1,22000
3993,1627,248,1,94500
3994,1627,24,1,45000
3995,1627,133,1,142800
3996,1628,186,1,33600
3997,1628,13,5,79200
3998,1629,186,5,33600
3999,1630,226,2,26600
4000,1630,239,2,46000
4001,1631,202,1,216900
4002,1631,83,2,140400
4003,1631,53,2,32000
4004,1632,224,3,73600
4005,1632,185,1,6000
4006,1632,182,1,210600
4007,1633,32,1,186300
4008,1633,225,4,4000
4009,1633,292,1,294000
4010,1633,101,1,107000
4011,1633,264,1,68400
4012,1634,193,2,26600
4013,1634,129,2,25600
4014,1634,3,1,22000
4015,1634,131,1,77900
4016,1634,79,1,27600
4017,1634,244,1,45600
4018,1635,273,1,156600
4019,1635,20,1,83000
4020,1636,135,1,48600
4021,1637,288,1,64600
4022,1637,186,4,35700
4023,1637,31,2,46000
4024,1637,15,1,69400
4025,1638,256,1,17100
4026,1638,272,1,321100
4027,1639,108,2,76000
4028,1639,181,1,54200
4029,1639,173,1,148000
4030,1640,211,1,63600
4031,1640,101,2,91000
4032,1640,70,2,126900
4033,1640,87,2,58600
4034,1641,144,2,31200
4035,1641,49,1,15300
4036,1641,166,1,28500
4037,1642,134,1,21600
4038,1643,129,1,24300
4039,1643,297,1,29600
4040,1643,242,1,227700
4041,1643,114,2,41400
4042,1643,219,3,35000
4043,1644,203,1,96300
4044,1644,45,1,54000
4045,1644,71,5,142000
4046,1645,4,1,43000
4047,1645,203,1,91000
4048,1645,110,1,122400
4049,1645,211,1,57000
4050,1645,61,4,28900
4051,1646,120,1,107200
4052,1646,221,1,30000
4053,1646,3,1,22000
4054,1646,181,5,48400
4055,1647,241,2,153000
4056,1647,142,1,203000
4057,1647,33,1,33000
4058,1648,159,1,18900
4059,1649,243,1,163000
4060,1650,280,1,115900
4061,1650,241,2,137700
4062,1650,250,3,132000
4063,1651,193,1,25200
4064,1651,5,1,52200
4065,1651,110,2,122400
4066,1652,195,3,45000
4067,1653,227,1,69300
4068,1653,68,1,93600
4069,1653,78,2,62000
4070,1653,214,1,51200
4071,1653,93,1,149600
4072,1654,56,1,20000
4073,1654,41,1,37000
4074,1654,231,1,179400
4075,1655,145,1,30400
4076,1655,135,1,48600
4077,1656,267,1,67500
4078,1656,93,5,158400
4079,1656,181,2,45600
4080,1657,92,5,146400
4081,1658,258,2,106000
4082,1658,73,1,72000
4083,1658,9,2,52200
4084,1658,210,4,103000
4085,1658,54,1,28900
4086,1658,247,1,55000
4087,1659,3,3,22000
4088,1659,13,2,79200
4089,1659,181,3,51300
4090,1660,119,1,14000
4091,1660,47,2,16000
4092,1661,64,1,48600
4093,1661,241,3,130000
4094,1662,108,2,72000
4095,1663,152,1,166200
4096,1663,189,2,31000
4097,1663,254,1,50400
4098,1663,287,1,55200
4099,1664,200,2,112500
4100,1664,113,1,65000
4101,1664,215,1,60800
4102,1665,87,1,69000
4103,1665,31,2,46000
4104,1666,130,4,149000
4105,1667,113,2,65000
4106,1668,40,3,90000
4107,1668,59,1,36100
4108,1668,132,1,25000
4109,1668,141,4,54400
4110,1669,72,1,140000
4111,1669,261,3,45600
4112,1670,54,3,30600
4113,1670,167,3,143100
4114,1671,180,2,54000
4115,1672,69,1,6000
4116,1672,263,1,59800
4117,1673,73,3,80000
4118,1673,173,1,148000
4119,1673,270,2,92700
4120,1674,280,2,115900
4121,1674,130,2,119200
4122,1674,176,1,25200
4123,1674,255,1,15000
4124,1675,33,2,33000
4125,1675,213,2,133000
4126,1675,231,3,211000
4127,1676,27,3,32300
4128,1677,152,1,140000
4129,1677,25,1,22500
4130,1677,83,2,148200
4131,1677,167,1,159000
4132,1678,153,1,131200
4133,1678,282,1,352400
4134,1678,203,2,107000
4135,1678,265,1,23200
4136,1679,217,1,120000
4137,1679,92,2,183000
4138,1679,292,4,264600
4139,1679,148,2,35000
4140,1680,224,1,92000
4141,1680,288,3,68400
4142,1680,163,1,135800
4143,1680,5,1,55100
4144,1680,16,1,16200
4145,1680,62,1,259400
4146,1681,93,3,158400
4147,1681,247,1,55000
4148,1682,194,2,72200
4149,1682,67,2,68000
4150,1683,245,1,68000
4151,1683,45,3,43200
4152,1684,255,4,14200
4153,1685,53,1,30400
4154,1685,110,1,136000
4155,1685,223,1,100000
4156,1686,162,1,157000
4157,1686,214,1,54400
4158,1687,163,3,121600
4159,1687,140,1,37000
4160,1687,118,4,33000
4161,1688,103,1,33300
4162,1688,174,2,55000
4163,1688,243,1,163000
4164,1688,213,1,126400
4165,1688,94,1,55200
4166,1689,51,1,129000
4167,1690,265,1,23200
4168,1691,32,1,186300
4169,1691,242,1,253000
4170,1691,261,2,48000
4171,1691,141,1,64000
4172,1692,255,1,13500
4173,1693,41,3,33300
4174,1693,110,2,136000
4175,1694,201,1,61600
4176,1694,195,4,40500
4177,1694,141,1,64000
4178,1694,174,2,55000
4179,1695,133,2,159600
4180,1695,151,1,31400
4181,1696,181,1,51300
4182,1696,70,1,141000
4183,1697,192,1,325800
4184,1697,83,2,156000
4185,1697,78,1,62000
4186,1698,133,1,134400
4187,1699,198,1,23000
4188,1700,23,3,91000
4189,1701,259,1,7200
4190,1702,281,4,159800
4191,1702,117,2,94000
4192,1703,11,1,118800
4193,1703,174,3,49500
4194,1703,52,1,364000
4195,1703,124,3,23800
4196,1703,223,1,90000
4197,1704,256,1,18000
4198,1704,16,2,14400
4199,1704,244,2,43200
4200,1704,213,1,133000
4201,1704,255,1,15000
4202,1705,272,1,304200
4203,1705,188,1,33000
4204,1705,135,2,51300
4205,1706,194,2,76500
4206,1706,259,1,6800
4207,1707,223,1,90000
4208,1708,273,1,174000
4209,1708,157,1,113400
4210,1709,136,2,36000
4211,1710,83,1,156000
4212,1711,153,1,155800
4213,1712,91,2,56000
4214,1712,211,1,60300
4215,1713,65,1,40800
4216,1713,161,1,172000
4217,1713,241,1,153000
4218,1714,292,1,294000
4219,1715,21,1,80000
4220,1716,283,2,131100
4221,1716,52,1,364000
4222,1716,253,2,23000
4223,1717,56,1,20000
4224,1717,87,1,58600
4225,1718,224,4,92000
4226,1718,2,1,154800
4227,1718,36,1,34000
4228,1718,198,1,21800
4229,1718,7,2,92700
4230,1718,147,1,99000
4231,1719,102,1,254700
4232,1719,63,2,95400
4233,1720,164,1,20000
4234,1720,237,1,23000
4235,1721,194,2,80800
4236,1721,111,2,145000
4237,1722,12,1,176000
4238,1722,182,1,222300
4239,1722,47,1,14400
4240,1723,210,1,92700
4241,1723,2,1,163000
4242,1723,181,2,54200
4243,1724,4,1,38700
4244,1725,19,1,45900
4245,1726,265,1,27600
4246,1726,84,1,94000
4247,1727,33,1,29700
4248,1727,218,1,30400
4249,1727,92,2,155600
4250,1727,61,4,28900
4251,1727,287,1,69000
4252,1728,142,1,192800
4253,1729,133,1,142800
4254,1730,232,2,162400
4255,1730,265,5,29000
4256,1731,40,3,90000
4257,1731,253,1,20700
4258,1732,63,1,106000
4259,1732,263,2,59800
4260,1732,221,3,27000
4261,1732,287,2,65600
4262,1733,265,2,27600
4263,1733,202,1,241000
4264,1733,231,1,211000
4265,1734,146,1,31000
4266,1734,92,1,183000
4267,1735,246,1,16000
4268,1735,286,5,11000
4269,1736,210,1,103000
4270,1737,215,1,57600
4271,1738,3,4,22000
4272,1738,21,1,80000
4273,1738,279,1,25000
4274,1739,97,1,93000
4275,1739,292,1,294000
4276,1739,171,1,102000
4277,1739,206,2,28500
4278,1739,286,1,10400
4279,1740,206,1,25500
4280,1740,31,1,41400
4281,1741,297,1,37000
4282,1742,232,4,136800
4283,1742,230,2,84600
4284,1742,262,1,90100
4285,1743,82,1,187200
4286,1743,154,1,67000
4287,1743,183,1,104600
4288,1744,137,1,87000
4289,1744,205,1,26600
4290,1745,38,3,115000
4291,1745,199,1,11000
4292,1745,263,2,59800
4293,1745,142,1,162400
4294,1745,243,2,130400
4295,1746,137,1,87000
4296,1746,297,4,35200
4297,1746,34,1,87000
4298,1746,91,1,63000
4299,1747,232,1,171000
4300,1747,251,1,168800
4301,1747,157,1,119700
4302,1747,23,2,81900
4303,1748,41,1,37000
4304,1748,91,2,66500
4305,1749,272,2,304200
4306,1749,133,2,151200
4307,1749,141,1,54400
4308,1749,7,2,92700
4309,1750,50,1,50200
4310,1750,124,2,28000
4311,1751,99,1,21200
4312,1752,188,2,31400
4313,1753,256,1,18000
4314,1754,283,1,138000
4315,1755,289,1,31200
4316,1756,160,2,140000
4317,1756,292,2,294000
4318,1756,158,3,33300
4319,1757,80,2,90100
4320,1757,108,1,68000
4321,1757,247,1,52200
4322,1758,233,1,17100
4323,1758,187,4,79000
4324,1758,101,2,96300
4325,1759,216,1,15200
4326,1759,16,2,18000
4327,1759,185,1,4800
4328,1760,292,3,264600
4329,1760,119,3,14000
4330,1761,89,4,43700
4331,1761,276,2,12600
4332,1761,103,2,33300
4333,1762,72,1,119000
4334,1762,91,1,59500
4335,1763,96,1,28500
4336,1763,57,1,19800
4337,1763,230,4,89300
4338,1764,128,1,62900
4339,1764,289,1,39000
4340,1765,241,2,145400
4341,1765,181,1,51300
4342,1766,121,1,15300
4343,1766,30,1,38000
4344,1766,39,2,55000
4345,1767,272,4,338000
4346,1767,3,1,22000
4347,1767,252,1,297000
4348,1768,289,1,39000
4349,1768,138,1,109200
4350,1768,204,1,5600
4351,1769,68,2,93600
4352,1769,38,2,97800
4353,1770,2,1,163000
4354,1770,171,1,96900
4355,1770,69,1,5400
4356,1771,261,1,48000
4357,1771,182,1,210600
4358,1771,103,2,31400
4359,1772,57,1,17600
4360,1772,263,1,59800
4361,1773,236,1,31000
4362,1773,13,1,74800
4363,1774,10,1,100300
4364,1774,5,1,52200
4365,1775,76,3,12400
4366,1775,181,3,57000
4367,1775,36,1,28900
4368,1776,196,1,22800
4369,1776,101,2,107000
4370,1776,105,2,38700
4371,1776,142,1,182700
4372,1776,84,1,79900
4373,1777,112,1,250000
4374,1778,54,1,30600
4375,1778,110,2,115600
4376,1779,161,1,146200
4377,1779,35,1,57600
4378,1779,113,4,58500
4379,1779,277,1,71400
4380,1779,215,1,54400
4381,1780,10,2,100300
4382,1780,107,1,108000
4383,1780,171,1,81600
4384,1781,204,1,6600
4385,1781,214,4,64000
4386,1782,100,2,45000
4387,1782,236,3,29400
4388,1782,191,1,88400
4389,1783,49,1,14400
4390,1783,109,2,10000
4391,1783,181,1,54200
4392,1784,111,1,137800
4393,1785,21,1,72000
4394,1785,207,2,46800
4395,1786,208,1,76000
4396,1786,90,2,104400
4397,1786,205,4,23800
4398,1787,184,2,34000
4399,1788,32,4,196600
4400,1789,38,1,103500
4401,1790,111,2,130500
4402,1790,269,4,24600
4403,1790,103,3,33300
4404,1791,76,1,13000
4405,1791,197,1,124400
4406,1791,166,1,28500
4407,1791,175,2,39600
4408,1792,229,1,45000
4409,1793,11,2,100000
4410,1793,63,1,95400
4411,1794,33,2,29700
4412,1794,263,2,63000
4413,1794,271,1,91800
4414,1794,181,3,54200
4415,1794,185,2,5700
4416,1794,188,2,29700
4417,1795,179,2,17000
4418,1795,231,1,200400
4419,1796,72,1,119000
4420,1797,295,1,43400
4421,1797,41,1,33300
4422,1797,204,1,6600
4423,1797,215,1,64000
4424,1797,279,1,21200
4425,1798,122,1,57000
4426,1798,261,1,48000
4427,1798,183,3,104600
4428,1799,38,1,115000
4429,1800,204,1,6600
4430,1801,146,2,31000
4431,1801,45,2,51300
4432,1801,214,2,60800
4433,1801,143,2,94000
4434,1802,197,1,131000
4435,1802,63,1,84800
4436,1803,234,1,12000
4437,1803,113,2,58500
4438,1803,54,1,28900
4439,1803,182,2,234000
4440,1803,26,1,12000
4441,1803,286,1,9400
4442,1804,109,1,9000
4443,1805,41,1,37000
4444,1805,290,1,23800
4445,1805,91,1,70000
4446,1805,1,2,61200
4447,1806,179,1,17000
4448,1807,221,1,30000
4449,1807,125,2,45000
4450,1807,31,2,43700
4451,1808,162,2,141300
4452,1808,93,2,149600
4453,1808,173,5,148000
4454,1808,262,2,95400
4455,1809,161,2,172000
4456,1810,205,2,25200
4457,1810,165,1,4800
4458,1810,7,1,92700
4459,1811,224,4,82800
4460,1811,169,1,41800
4461,1811,98,1,96300
4462,1811,245,1,68000
4463,1812,169,2,44000
4464,1812,299,2,46600
4465,1812,171,1,102000
4466,1812,271,1,97200
4467,1812,283,1,131100
4468,1812,223,2,85000
4469,1813,293,1,136000
4470,1813,174,1,55000
4471,1814,96,1,30000
4472,1814,90,1,104400
4473,1814,11,1,106200
4474,1815,131,1,82000
4475,1816,209,3,3800
4476,1816,287,3,69000
4477,1817,195,1,40500
4478,1817,269,1,29000
4479,1817,295,2,51000
4480,1818,105,2,43000
4481,1818,139,1,44000
4482,1818,241,2,153000
4483,1818,54,1,30600
4484,1818,284,1,61000
4485,1818,223,1,90000
4486,1819,139,1,35200
4487,1819,125,3,45000
4488,1820,151,1,33000
4489,1821,154,2,60300
4490,1822,300,1,106200
4491,1823,35,1,64000
4492,1823,20,1,74700
4493,1823,29,2,15300
4494,1824,64,3,51300
4495,1825,231,1,211000
4496,1826,5,1,58000
4497,1826,243,2,163000
4498,1826,197,3,131000
4499,1827,205,3,25200
4500,1828,155,1,38000
4501,1828,101,1,107000
4502,1829,10,1,94400
4503,1829,204,2,6300
4504,1830,197,1,124400
4505,1830,239,1,39100
4506,1831,71,2,127800
4507,1831,12,1,167200
4508,1831,142,2,203000
4509,1831,20,1,74700
4510,1831,246,1,16000
4511,1832,299,1,46600
4512,1833,203,1,101600
4513,1833,285,1,19000
4514,1834,48,1,54900
4515,1835,176,2,28000
4516,1835,217,3,120000
4517,1835,202,1,216900
4518,1835,159,1,20000
4519,1836,280,1,103700
4520,1837,23,3,81900
4521,1838,124,1,26600
4522,1838,252,1,267300
4523,1839,6,1,34000
4524,1840,248,1,105000
4525,1840,161,1,137600
4526,1840,271,4,102600
4527,1841,168,1,20000
4528,1841,261,2,43200
4529,1841,133,4,151200
4530,1842,153,5,155800
4531,1842,215,1,60800
4532,1843,248,2,89200
4533,1843,269,2,27600
4534,1843,197,1,117900
4535,1844,267,2,75000
4536,1844,261,1,43200
4537,1844,95,1,70300
4538,1844,215,2,57600
4539,1845,64,2,51300
4540,1845,75,1,61800
4541,1845,239,3,39100
4542,1845,281,2,178600
4543,1845,29,2,15300
4544,1846,16,1,16200
4545,1846,257,2,134000
4546,1846,127,1,107200
4547,1847,124,1,26600
4548,1848,295,1,45900
4549,1849,130,1,134100
4550,1849,67,3,80000
4551,1849,35,1,60800
4552,1849,270,1,103000
4553,1849,117,2,94000
4554,1850,269,2,29000
4555,1850,286,1,11000
4556,1851,280,3,122000
4557,1851,59,3,38000
4558,1852,4,2,34400
4559,1852,228,2,117000
4560,1853,85,3,10000
4561,1854,256,1,16200
4562,1854,243,2,138600
4563,1855,153,2,139400
4564,1855,124,1,28000
4565,1855,46,2,17100
4566,1856,58,1,8600
4567,1856,171,2,102000
4568,1857,214,3,57600
4569,1857,294,1,18000
4570,1858,52,1,364000
4571,1858,79,1,27600
4572,1859,161,2,146200
4573,1859,35,1,54400
4574,1859,6,2,34000
4575,1859,233,3,19000
4576,1859,45,1,54000
4577,1860,184,1,40000
4578,1860,232,1,145400
4579,1861,221,1,24000
4580,1862,121,1,16200
4581,1862,66,3,28500
4582,1862,11,1,125000
4583,1863,51,1,116100
4584,1864,209,1,3800
4585,1864,142,2,172600
4586,1865,25,1,25000
4587,1866,205,1,28000
4588,1866,29,2,17000
4589,1867,185,1,6000
4590,1867,11,1,112500
4591,1868,195,1,45000
4592,1868,87,1,62100
4593,1869,88,1,125000
4594,1870,191,1,79000
4595,1870,95,2,74000
4596,1871,261,1,43200
4597,1871,134,1,24000
4598,1871,38,1,115000
4599,1871,40,1,100000
4600,1871,263,2,59800
4601,1872,294,2,19000
4602,1872,87,1,69000
4603,1873,146,2,27900
4604,1873,245,2,61200
4605,1874,113,4,52000
4606,1874,2,1,146700
4607,1874,46,1,18000
4608,1875,48,1,54900
4609,1875,207,3,46800
4610,1876,121,1,16200
4611,1876,284,1,61000
4612,1877,226,1,26600
4613,1877,270,1,87600
4614,1878,57,2,20900
4615,1878,218,5,30400
4616,1878,71,2,142000
4617,1879,64,1,45900
4618,1879,27,1,34200
4619,1879,152,2,175000
4620,1880,142,1,203000
4621,1880,111,1,145000
4622,1881,41,4,33300
4623,1881,286,1,9400
4624,1882,179,1,16200
4625,1882,293,1,129200
4626,1883,164,2,20000
4627,1884,281,2,188000
4628,1884,283,2,138000
4629,1884,116,1,13600
4630,1884,223,1,100000
4631,1885,75,1,65000
4632,1885,207,1,52000
4633,1886,65,1,45900
4634,1886,166,1,25500
4635,1887,235,2,17800
4636,1888,164,2,19000
4637,1888,294,2,17100
4638,1888,6,2,36000
4639,1888,141,3,54400
4640,1888,245,1,61200
4641,1889,89,4,43700
4642,1889,11,2,112500
4643,1890,206,1,24000
4644,1891,200,1,106200
4645,1892,69,4,6000
4646,1892,232,2,145400
4647,1892,43,3,152200
4648,1892,146,1,29400
4649,1892,21,3,72000
4650,1892,217,1,114000
4651,1893,73,2,68000
4652,1893,226,1,26600
4653,1893,105,1,34400
4654,1894,177,1,114000
4655,1894,20,1,74700
4656,1895,32,1,196600
4657,1895,225,3,4800
4658,1895,164,2,20000
4659,1896,224,1,82800
4660,1896,26,1,10800
4661,1896,29,1,16200
4662,1896,184,1,38000
4663,1897,110,1,122400
4664,1898,46,2,15300
4665,1898,102,2,283000
4666,1898,143,1,89100
4667,1899,182,2,210600
4668,1899,151,1,29700
4669,1900,256,1,17100
4670,1900,83,1,132600
4671,1900,28,1,108000
4672,1900,181,2,57000
4673,1901,222,1,168000
4674,1901,77,1,146000
4675,1901,134,1,22800
4676,1902,57,2,20900
4677,1902,182,2,234000
4678,1903,80,1,100700
4679,1903,76,2,12400
4680,1903,173,3,148000
4681,1904,275,1,69000
4682,1904,196,1,22800
4683,1905,209,2,3400
4684,1905,39,3,55000
4685,1905,127,2,113900
4686,1906,58,1,7600
4687,1906,182,1,234000
4688,1907,33,1,31400
4689,1907,221,3,24000
4690,1907,55,2,23000
4691,1908,64,1,45900
4692,1908,284,3,51800
4693,1909,171,2,102000
4694,1910,264,3,68400
4695,1910,115,1,60800
4696,1910,238,1,37000
4697,1910,243,1,146700
4698,1911,47,1,15200
4699,1912,75,2,61800
4700,1912,239,3,39100
4701,1912,154,2,60300
4702,1912,284,1,58000
4703,1912,127,3,134000
4704,1913,66,2,30000
4705,1913,187,1,83700
4706,1914,160,2,126000
4707,1914,174,4,55000
4708,1915,42,3,162400
4709,1915,261,1,48000
4710,1915,71,1,127800
4711,1915,295,2,48400
4712,1916,134,2,24000
4713,1917,220,3,67400
4714,1917,180,2,45900
4715,1918,281,1,178600
4716,1918,233,2,19000
4717,1919,4,1,40800
4718,1919,198,1,21800
4719,1920,240,1,96800
4720,1920,51,1,129000
4721,1921,110,1,136000
4722,1922,103,1,37000
4723,1923,61,1,30600
4724,1923,175,1,41800
4725,1924,283,1,138000
4726,1924,251,4,211000
4727,1924,183,1,110700
4728,1925,277,1,84000
4729,1926,131,1,77900
4730,1927,186,3,35700
4731,1927,219,1,29800
4732,1927,181,1,57000
4733,1928,184,4,40000
4734,1928,242,1,227700
4735,1929,9,2,44000
4736,1929,82,4,166400
4737,1930,25,1,23800
4738,1930,181,3,57000
4739,1930,199,2,8800
4740,1931,248,2,89200
4741,1931,76,4,11000
4742,1931,53,1,32000
4743,1932,19,2,48400
4744,1933,293,2,136000
4745,1933,299,5,44100
4746,1933,12,2,149600
4747,1933,273,2,147900
4748,1933,114,1,46000
4749,1933,52,4,345800
4750,1934,10,1,112100
4751,1934,110,2,136000
4752,1934,78,1,62000
4753,1934,52,2,345800
4754,1934,247,1,46800
4755,1935,232,2,171000
4756,1935,89,1,41400
4757,1935,207,2,52000
4758,1935,215,1,64000
4759,1936,10,2,106200
4760,1936,230,1,75200
4761,1937,132,1,25000
4762,1937,18,2,89100
4763,1937,187,2,74400
4764,1937,124,2,25200
4765,1938,16,2,16200
4766,1938,289,1,39000
4767,1938,91,2,59500
4768,1938,243,1,146700
4769,1939,121,1,17100
4770,1940,208,1,76000
4771,1940,146,1,29400
4772,1940,132,1,22500
4773,1940,168,1,16800
4774,1941,32,1,207000
4775,1941,7,2,92700
4776,1941,143,1,99000
4777,1941,271,2,102600
4778,1941,248,1,84000
4779,1941,158,5,37000
4780,1942,128,1,70300
4781,1942,138,2,115000
4782,1942,115,1,57600
4783,1942,53,4,27200
4784,1943,275,1,62100
4785,1944,101,1,107000
4786,1944,255,2,13500
4787,1945,88,3,112500
4788,1946,42,1,153900
4789,1946,90,1,104400
4790,1946,157,3,113400
4791,1946,247,1,49500
4792,1947,92,1,173800
4793,1947,39,1,44000
4794,1948,201,1,77000
4795,1948,295,2,51000
4796,1948,55,4,19600
4797,1949,91,1,70000
4798,1949,286,1,11000
4799,1950,17,1,107000
4800,1950,47,1,16000
4801,1951,104,1,22500
4802,1951,34,5,87000
4803,1951,188,1,28000
4804,1952,299,1,44100
4805,1952,251,1,179400
4806,1952,245,1,68000
4807,1953,133,1,151200
4808,1953,294,1,19000
4809,1953,106,1,35000
4810,1953,80,2,106000
4811,1953,181,2,51300
4812,1954,185,2,6000
4813,1955,226,1,25200
4814,1955,181,2,45600
4815,1956,58,2,8100
4816,1956,268,1,88000
4817,1956,61,1,28900
4818,1957,280,1,103700
4819,1957,145,1,30400
4820,1957,209,1,3800
4821,1957,69,1,5400
4822,1958,265,1,29000
4823,1958,235,2,20000
4824,1958,13,2,83600
4825,1959,168,3,21000
4826,1959,11,3,106200
4827,1959,118,1,31400
4828,1960,90,2,110200
4829,1960,22,2,189000
4830,1961,258,1,84800
4831,1961,22,1,199500
4832,1962,192,5,289600
4833,1963,259,2,6400
4834,1964,10,1,118000
4835,1964,29,1,15300
4836,1965,164,2,20000
4837,1965,60,2,88000
4838,1965,95,1,70300
4839,1966,103,1,37000
4840,1967,265,5,26100
4841,1967,43,2,143200
4842,1967,21,2,76000
4843,1967,55,1,23000
4844,1968,143,2,94000
4845,1969,154,1,67000
4846,1970,104,1,25000
4847,1970,228,1,130000
4848,1970,223,1,95000
4849,1971,154,2,53600
4850,1971,205,2,25200
4851,1972,96,1,30000
4852,1973,248,1,89200
4853,1973,267,3,67500
4854,1973,20,1,83000
4855,1973,44,2,12400
4856,1974,135,1,54000
4857,1974,255,4,15000
4858,1975,274,1,88200
4859,1976,80,5,106000
4860,1976,198,1,20700
4861,1977,121,2,15300
4862,1977,132,1,25000
4863,1978,133,2,168000
4864,1978,199,2,10400
4865,1978,77,1,146000
4866,1978,243,1,163000
4867,1978,148,1,31500
4868,1978,186,1,35700
4869,1979,101,2,85600
4870,1980,108,1,68000
4871,1980,133,2,168000
4872,1981,291,4,214200
4873,1981,84,3,75200
4874,1982,146,1,27900
4875,1983,104,1,23800
4876,1983,123,1,132000
4877,1984,32,1,196600
4878,1985,82,1,197600
4879,1985,195,1,42800
4880,1985,246,1,16000
4881,1986,80,1,106000
4882,1986,237,3,25600
4883,1987,289,1,33200
4884,1988,56,1,18000
4885,1988,137,1,78300
4886,1988,170,1,109000
4887,1988,33,1,28000
4888,1989,91,1,63000
4889,1990,210,1,97800
4890,1990,124,1,25200
4891,1991,75,1,65000
4892,1991,247,2,49500
4893,1992,291,2,238000
4894,1992,252,3,252400
4895,1993,67,1,76000
4896,1993,228,1,123500
4897,1993,126,2,13000
4898,1994,249,2,41000
4899,1994,107,1,97200
4900,1994,252,1,297000
4901,1995,35,1,64000
4902,1995,133,1,159600
4903,1995,204,3,7000
4904,1995,16,4,16200
4905,1995,281,1,159800
4906,1995,188,2,31400
4907,1996,16,4,18000
4908,1997,64,1,45900
4909,1997,38,4,109200
4910,1998,233,1,15200
4911,1998,55,1,21800
4912,1999,296,1,19800
4913,1999,113,4,61800
4914,1999,54,1,32300
4915,2000,114,3,43700
4916,2000,181,1,54200
4917,2001,262,1,106000
4918,2002,213,1,113000
4919,2002,261,1,48000
4920,2003,290,1,25000
4921,2003,212,1,261000
4922,2004,4,3,43000
4923,2004,264,1,68400
4924,2004,13,1,88000
4925,2004,79,1,27600
4926,2004,209,1,3400
4927,2005,136,1,36000
4928,2006,192,1,325800
4929,2006,121,1,16200
4930,2006,60,3,70400
4931,2007,181,1,57000
4932,2007,63,2,90100
4933,2008,179,1,17000
4934,2009,225,1,5000
4935,2009,86,1,20900
4936,2009,143,3,89100
4937,2010,179,5,14400
4938,2010,47,1,16000
4939,2011,101,3,91000
4940,2012,215,1,60800
4941,2013,85,1,10000
4942,2013,102,1,283000
4943,2014,88,1,125000
4944,2014,115,1,64000
4945,2014,13,1,88000
4946,2014,183,2,104600
4947,2015,73,2,76000
4948,2015,235,1,18900
4949,2015,143,1,99000
4950,2015,49,2,14400
4951,2015,282,2,352400
4952,2016,177,5,120000
4953,2017,213,1,113000
4954,2018,172,3,328000
4955,2019,97,1,88400
4956,2019,186,1,37800
4957,2019,300,1,118000
4958,2020,266,1,28500
4959,2021,101,1,96300
4960,2022,256,1,18000
4961,2022,211,2,67000
4962,2023,125,1,42800
4963,2023,133,3,168000
4964,2023,215,1,54400
4965,2024,24,1,50000
4966,2024,18,1,84200
4967,2024,187,1,88400
4968,2024,203,1,91000
4969,2025,64,1,48600
4970,2025,275,1,69000
4971,2025,34,1,82600
4972,2025,259,1,6400
4973,2026,220,1,63900
4974,2026,293,1,136000
4975,2027,144,1,35100
4976,2027,217,3,114000
4977,2027,46,1,16200
4978,2027,1,2,61200
4979,2028,95,2,66600
4980,2029,225,3,4500
4981,2029,173,1,133200
4982,2029,94,1,58600
4983,2030,147,1,99000
4984,2031,41,2,33300
4985,2031,182,3,187200
4986,2031,1,1,68000
4987,2031,71,1,142000
4988,2032,180,2,51300
4989,2032,86,1,20900
4990,2033,192,2,325800
4991,2033,174,1,55000
4992,2034,83,1,124800
4993,2034,187,1,83700
4994,2034,171,1,102000
4995,2035,85,1,10000
4996,2036,73,4,80000
4997,2036,275,1,69000
4998,2037,275,1,65600
4999,2037,223,2,85000
5000,2038,115,4,57600
5001,2038,173,1,140600
5002,2039,106,2,33200
5003,2039,119,3,14000
5004,2039,253,2,19600
5005,2039,175,1,44000
5006,2040,33,2,33000
5007,2040,36,2,32300
5008,2040,159,1,20000
5009,2041,130,3,149000
5010,2041,237,1,27000
5011,2042,89,1,39100
5012,2042,95,1,59200
5013,2043,253,1,19600
5014,2044,121,3,18000
5015,2044,45,1,48600
5016,2045,111,1,145000
5017,2046,202,1,204800
5018,2046,74,3,74100
5019,2046,115,1,51200
5020,2046,21,4,76000
5021,2046,254,2,53000
5022,2046,255,1,13500
5023,2047,289,1,39000
5024,2047,211,1,63600
5025,2048,291,1,238000
5026,2048,293,1,129200
5027,2048,111,2,116000
5028,2048,148,4,29800
5029,2048,21,4,80000
5030,2049,283,2,124200
5031,2049,231,1,211000
5032,2050,64,1,45900
5033,2050,183,1,116800
5034,2051,218,1,32000
5035,2051,130,2,149000
5036,2051,291,1,214200
5037,2051,109,2,10000
5038,2052,221,2,30000
5039,2052,115,2,64000
5040,2052,197,2,117900
5041,2053,33,1,33000
5042,2053,219,1,29800
5043,2053,15,1,73000
5044,2054,142,1,192800
5045,2055,34,1,87000
5046,2055,243,1,163000
5047,2055,181,1,54200
5048,2056,34,2,74000
5049,2056,229,1,45000
5050,2056,167,5,143100
5051,2057,16,1,18000
5052,2057,297,1,31400
5053,2057,206,2,28500
5054,2057,23,1,77400
5055,2058,42,2,162400
5056,2059,54,1,34000
5057,2060,188,2,31400
5058,2060,165,1,4800
5059,2060,84,1,89300
5060,2061,164,1,17000
5061,2062,258,1,100700
5062,2063,140,1,37000
5063,2063,101,1,91000
5064,2064,16,2,17100
5065,2064,293,1,136000
5066,2065,257,1,134000
5067,2065,84,3,94000
5068,2065,269,1,26100
5069,2066,241,1,130000
5070,2067,233,1,15200
5071,2067,241,2,145400
5072,2067,166,1,30000
5073,2068,21,1,76000
5074,2069,57,2,20900
5075,2070,280,1,109800
5076,2070,210,1,92700
5077,2070,122,2,54200
5078,2071,280,1,122000
5079,2071,121,1,17100
5080,2071,25,1,22500
5081,2072,273,1,156600
5082,2072,185,1,5100
5083,2072,241,1,145400
5084,2072,103,1,37000
5085,2073,4,1,38700
5086,2073,132,1,20000
5087,2073,203,5,107000
5088,2073,207,1,46800
5089,2073,212,1,307000
5090,2073,189,2,26400
5091,2074,97,2,93000
5092,2074,170,1,92600
5093,2074,251,1,211000
5094,2075,94,1,69000
5095,2076,233,1,17100
5096,2077,104,1,25000
5097,2077,181,1,57000
5098,2078,256,2,15200
5099,2078,36,2,32300
5100,2079,72,2,140000
5101,2079,143,2,99000
5102,2080,202,1,192800
5103,2080,244,2,40800
5104,2081,101,4,107000
5105,2081,47,2,16000
5106,2081,116,4,14400
5107,2081,182,3,222300
5108,2081,215,1,60800
5109,2082,227,1,73200
5110,2082,237,1,27000
5111,2083,266,3,24000
5112,2084,221,1,25500
5113,2085,37,1,25000
5114,2085,93,3,167200
5115,2085,189,3,29400
5116,2085,103,2,37000
5117,2086,131,2,73800
5118,2086,119,1,11900
5119,2087,176,1,26600
5120,2087,248,1,89200
5121,2087,227,1,73200
5122,2088,266,1,30000
5123,2088,235,1,21000
5124,2088,139,2,44000
5125,2089,85,1,8500
5126,2090,295,1,48400
5127,2091,299,4,39200
5128,2091,4,1,43000
5129,2091,158,1,33300
5130,2092,59,1,34200
5131,2092,263,2,56700
5132,2093,290,1,23800
5133,2093,300,1,118000
5134,2094,163,1,135800
5135,2094,236,2,24800
5136,2095,165,1,4500
5137,2096,252,1,297000
5138,2096,126,1,11700
5139,2096,199,2,11000
5140,2097,113,1,61800
5141,2097,114,4,41400
5142,2097,211,1,57000
5143,2097,223,2,95000
5144,2098,146,1,31000
5145,2098,20,2,70600
5146,2098,133,1,159600
5147,2099,75,1,52000
5148,2100,183,2,116800
5149,2100,135,1,54000
5150,2101,74,1,74100
5151,2101,110,1,136000
5152,2101,47,1,16000
5153,2101,18,1,99000
5154,2101,25,1,23800
5155,2102,120,2,120600
5156,2102,4,1,40800
5157,2103,129,1,23000
5158,2103,212,1,291600
5159,2103,141,1,64000
5160,2104,66,1,28500
5161,2104,297,1,29600
5162,2104,74,1,78000
5163,2104,43,3,152200
5164,2104,55,2,21800
5165,2105,296,1,22000
5166,2105,25,1,25000
5167,2105,58,1,8100
5168,2105,26,1,12000
5169,2106,38,1,109200
5170,2106,129,1,21600
5171,2106,166,1,27000
5172,2106,222,1,151200
5173,2107,176,1,28000
5174,2107,122,1,57000
5175,2107,44,2,11700
5176,2108,294,2,15200
5177,2108,87,1,65600
5178,2109,40,1,100000
5179,2109,265,2,26100
5180,2109,42,1,162400
5181,2109,78,1,62000
5182,2109,83,2,156000
5183,2110,2,1,146700
5184,2110,140,1,35100
5185,2110,223,2,85000
5186,2111,193,2,25200
5187,2111,294,1,19000
5188,2112,106,2,29800
5189,2112,27,1,34200
5190,2112,244,1,45600
5191,2112,191,1,88400
5192,2113,212,2,291600
5193,2114,284,2,54900
5194,2115,265,4,27600
5195,2115,181,5,51300
5196,2115,118,2,29700
5197,2115,87,1,69000
5198,2115,184,1,36000
5199,2115,277,1,75600
5200,2116,101,1,101600
5201,2116,93,1,176000
5202,2117,137,2,78300
5203,2117,118,1,33000
5204,2118,80,1,95400
5205,2118,83,1,148200
5206,2118,160,1,112000
5207,2119,33,1,29700
5208,2119,44,1,11700
5209,2120,284,2,48800
5210,2121,233,1,15200
5211,2122,270,1,92700
5212,2123,33,1,28000
5213,2123,146,1,31000
5214,2123,94,1,58600
5215,2123,246,2,15200
5216,2124,275,1,62100
5217,2125,140,2,35100
5218,2125,62,1,259400
5219,2126,249,1,41000
5220,2126,284,1,61000
5221,2126,55,1,23000
5222,2127,134,1,24000
5223,2128,299,1,46600
5224,2128,5,2,58000
5225,2129,169,3,44000
5226,2129,217,1,114000
5227,2129,203,2,91000
5228,2129,183,3,116800
5229,2130,173,1,140600
5230,2131,264,2,72000
5231,2131,150,2,36000
5232,2131,13,2,88000
5233,2131,278,1,53000
5234,2132,219,4,35000
5235,2132,60,1,70400
5236,2132,173,2,133200
5237,2133,105,3,36600
5238,2133,203,5,101600
5239,2133,126,1,12400
5240,2134,290,1,22500
5241,2134,245,1,64600
5242,2134,165,2,4500
5243,2135,122,3,48400
5244,2136,93,2,167200
5245,2136,285,3,18000
5246,2137,215,2,54400
5247,2138,264,1,61200
5248,2138,70,1,134000
5249,2138,223,5,90000
5250,2139,152,1,157500
5251,2139,27,5,32300
5252,2139,159,1,20000
5253,2140,288,4,64600
5254,2140,22,1,178500
5255,2141,177,1,120000
5256,2142,129,1,25600
5257,2142,121,3,15300
5258,2143,287,1,65600
5259,2144,152,1,157500
5260,2144,285,1,18000
5261,2145,175,1,44000
5262,2145,186,1,37800
5263,2145,47,2,16000
5264,2146,118,1,33000
5265,2147,296,1,19800
5266,2148,171,3,102000
5267,2149,129,3,24300
5268,2149,53,1,28800
5269,2150,135,2,45900
5270,2150,201,1,65400
5271,2150,42,3,162400
5272,2150,55,1,20700
5273,2151,290,1,22500
5274,2152,163,1,143000
5275,2152,231,4,211000
5276,2152,137,3,78300
5277,2152,41,1,35200
5278,2152,24,3,45000
5279,2152,285,1,19000
5280,2153,33,1,29700
5281,2154,88,1,125000
5282,2155,128,1,66600
5283,2155,256,1,19000
5284,2155,232,1,171000
5285,2155,274,1,83300
5286,2155,149,1,23000
5287,2156,1,1,68000
5288,2156,6,1,36000
5289,2157,178,4,7600
5290,2158,73,3,80000
5291,2159,3,2,22000
5292,2160,135,1,54000
5293,2161,232,2,153900
5294,2161,9,1,52200
5295,2162,122,1,51300
5296,2162,86,1,20900
5297,2163,132,2,25000
5298,2164,133,2,168000
5299,2164,279,1,21200
5300,2165,138,2,115000
5301,2165,51,3,116100
5302,2165,156,1,37000
5303,2166,272,1,321100
5304,2166,106,2,29800
5305,2167,292,1,264600
5306,2167,61,1,34000
5307,2167,94,2,58600
5308,2168,272,1,304200
5309,2168,49,1,14400
5310,2168,156,1,39000
5311,2169,290,1,23800
5312,2169,287,2,69000
5313,2170,272,3,338000
5314,2170,32,4,186300
5315,2170,12,1,176000
5316,2171,120,1,113900
5317,2171,249,1,41000
5318,2171,91,1,63000
5319,2171,165,5,4800
5320,2172,147,1,99000
5321,2172,231,1,179400
5322,2173,116,2,15200
5323,2173,279,1,22500
5324,2174,105,2,34400
5325,2174,177,1,108000
5326,2175,274,2,83300
5327,2176,167,1,143100
5328,2177,73,1,76000
5329,2177,155,2,40000
5330,2178,200,3,125000
5331,2178,249,1,41000
5332,2178,74,2,74100
5333,2179,112,2,250000
5334,2179,124,1,28000
5335,2179,53,1,28800
5336,2180,256,1,15200
5337,2180,105,4,38700
5338,2180,195,1,40500
5339,2181,101,2,96300
5340,2181,125,2,45000
5341,2181,139,1,37400
5342,2181,53,3,28800
5343,2182,221,2,25500
5344,2183,40,1,90000
5345,2183,112,2,250000
5346,2184,64,1,51300
5347,2184,75,1,58500
5348,2185,283,2,124200
5349,2185,228,1,110500
5350,2186,195,2,38200
5351,2186,235,1,18900
5352,2186,270,5,103000
5353,2186,53,1,25600
5354,2186,124,1,26600
5355,2187,283,1,138000
5356,2187,35,3,57600
5357,2187,171,1,96900
5358,2187,223,1,85000
5359,2188,290,1,25000
5360,2188,179,1,16200
5361,2188,82,1,187200
5362,2189,225,3,5000
5363,2189,5,3,55100
5364,2190,97,1,79000
5365,2190,293,1,136000
5366,2190,262,1,90100
5367,2191,99,1,22500
5368,2191,17,1,96300
5369,2191,59,1,38000
5370,2191,94,5,62100
5371,2192,63,2,95400
5372,2193,194,2,76500
5373,2193,47,2,14400
5374,2193,63,2,106000
5375,2194,55,1,21800
5376,2194,223,4,90000
5377,2195,14,1,49000
5378,2195,119,2,13300
5379,2196,241,2,153000
5380,2196,3,2,22000
5381,2196,173,4,125800
5382,2196,63,1,90100
5383,2197,136,2,36000
5384,2197,38,2,103500
5385,2197,287,1,58600
5386,2198,204,2,6600
5387,2199,25,2,25000
5388,2199,91,1,70000
5389,2199,70,2,141000
5390,2200,157,2,119700
5391,2201,136,2,36000
5392,2201,211,1,67000
5393,2201,205,3,26600
5394,2202,40,1,100000
5395,2203,24,2,42500
5396,2204,266,1,27000
5397,2204,242,1,202400
5398,2205,297,2,33300
5399,2205,83,1,140400
5400,2205,79,1,29000
5401,2206,21,1,80000
5402,2206,263,2,50400
5403,2207,277,1,75600
5404,2208,154,1,57000
5405,2208,266,2,28500
5406,2208,20,1,83000
5407,2208,270,1,97800
5408,2209,200,2,100000
5409,2209,241,1,137700
5410,2209,217,1,108000
5411,2209,55,4,23000
5412,2210,16,1,16200
5413,2211,128,1,66600
5414,2212,142,1,192800
5415,2213,100,1,45000
5416,2213,53,4,28800
5417,2213,238,2,37000
5418,2214,24,1,45000
5419,2215,8,1,108900
5420,2215,75,1,61800
5421,2215,100,2,36000
5422,2216,105,1,43000
5423,2216,161,1,163400
5424,2216,221,1,30000
5425,2217,65,1,45900
5426,2218,169,1,37400
5427,2218,246,2,15200
5428,2218,120,2,120600
5429,2218,57,1,17600
5430,2218,58,2,7600
5431,2218,91,1,56000
5432,2219,200,2,118800
5433,2219,243,4,163000
5434,2219,287,2,69000
5435,2220,73,2,80000
5436,2220,154,1,53600
5437,2220,179,2,17000
5438,2221,4,2,38700
5439,2221,261,3,48000
5440,2222,80,1,100700
5441,2222,269,3,29000
5442,2223,192,1,307700
5443,2223,177,1,108000
5444,2223,181,2,45600
5445,2224,18,3,79200
5446,2225,128,1,62900
5447,2226,9,1,52200
5448,2226,211,1,57000
5449,2226,253,1,23000
5450,2226,278,1,50400
5451,2227,139,1,37400
5452,2228,38,1,109200
5453,2228,44,3,11700
5454,2228,246,1,16000
5455,2228,292,5,294000
5456,2229,108,2,68000
5457,2229,161,5,172000
5458,2229,92,1,183000
5459,2230,62,1,273000
5460,2230,55,1,18400
5461,2231,128,2,70300
5462,2231,133,1,142800
5463,2231,106,2,29800
5464,2231,267,1,67500
5465,2231,19,1,48400
5466,2231,157,4,100800
5467,2232,155,1,38000
5468,2232,260,2,38700
5469,2232,135,1,51300
5470,2233,65,1,43400
5471,2233,17,1,85600
5472,2234,252,1,252400
5473,2234,238,1,37000
5474,2234,79,1,29000
5475,2235,146,2,29400
5476,2235,143,1,94000
5477,2236,189,1,27900
5478,2236,198,2,20700
5479,2236,143,2,89100
5480,2237,13,2,83600
5481,2238,280,1,103700
5482,2238,105,1,40800
5483,2238,91,1,70000
5484,2238,205,1,26600
5485,2239,16,3,18000
5486,2239,123,2,132000
5487,2240,152,1,175000
5488,2240,173,3,118400
5489,2240,182,1,234000
5490,2240,255,2,15000
5491,2241,201,2,65400
5492,2242,228,3,123500
5493,2242,277,2,84000
5494,2242,255,1,13500
5495,2243,91,1,59500
5496,2243,109,2,9500
5497,2244,96,1,24000
5498,2244,139,1,35200
5499,2245,299,3,46600
5500,2245,99,1,25000
5501,2245,78,1,58900
5502,2245,63,1,106000
5503,2246,260,3,43000
5504,2247,211,1,67000
5505,2247,54,2,28900
5506,2247,127,2,120600
5507,2248,24,1,42500
5508,2248,51,4,122600
5509,2248,84,1,94000
5510,2249,176,1,26600
5511,2249,194,1,85000
5512,2249,259,1,6800
5513,2249,238,2,37000
5514,2250,141,1,60800
5515,2250,167,2,159000
5516,2251,254,5,53000
5517,2252,169,1,41800
5518,2253,280,1,122000
5519,2254,12,2,167200
5520,2255,240,3,121000
5521,2255,163,1,143000
5522,2255,155,1,32000
5523,2255,165,3,4500
5524,2256,258,3,90100
5525,2257,115,2,64000
5526,2257,55,1,20700
5527,2258,217,1,102000
5528,2258,101,1,107000
5529,2259,216,3,16000
5530,2260,288,3,68400
5531,2260,267,1,63800
5532,2260,188,1,29700
5533,2260,131,1,65600
5534,2261,297,2,37000
5535,2261,155,5,40000
5536,2262,137,1,78300
5537,2262,133,1,159600
5538,2262,294,3,19000
5539,2263,282,1,333900
5540,2263,147,1,94000
5541,2263,132,3,22500
5542,2264,281,1,188000
5543,2264,225,1,4800
5544,2264,50,1,56000
5545,2264,173,2,140600
5546,2265,64,1,48600
5547,2265,235,1,20000
5548,2265,18,1,84200
5549,2265,153,2,164000
5550,2265,223,1,90000
5551,2266,241,1,137700
5552,2266,118,1,31400
5553,2266,110,1,136000
5554,2266,94,1,65600
5555,2267,112,1,200000
5556,2267,33,1,33000
5557,2267,66,2,27000
5558,2267,236,3,26400
5559,2268,174,2,46800
5560,2269,63,1,90100
5561,2269,173,1,125800
5562,2269,279,1,20000
5563,2270,71,4,127800
5564,2270,207,2,41600
5565,2271,121,2,18000
5566,2271,228,1,104000
5567,2272,218,1,28800
5568,2273,227,1,77000
5569,2273,285,2,18000
5570,2274,277,2,71400
5571,2275,134,3,24000
5572,2276,153,2,164000
5573,2276,141,1,64000
5574,2276,223,1,90000
5575,2277,124,2,25200
5576,2278,189,2,31000
5577,2279,225,2,4500
5578,2279,178,1,7600
5579,2279,198,1,23000
5580,2280,152,1,175000
5581,2280,115,2,57600
5582,2280,147,4,94000
5583,2280,174,1,55000
5584,2281,96,4,27000
5585,2281,65,2,51000
5586,2281,83,2,148200
5587,2281,23,1,81900
5588,2281,25,1,23800
5589,2281,157,2,126000
5590,2282,249,1,39000
5591,2282,94,1,69000
5592,2283,112,1,225000
5593,2283,247,2,52200
5594,2283,199,1,10400
5595,2284,232,2,153900
5596,2285,241,4,130000
5597,2285,141,2,54400
5598,2286,41,1,35200
5599,2286,150,1,36000
5600,2286,31,1,43700
5601,2287,187,1,88400
5602,2287,148,3,33200
5603,2287,79,1,26100
5604,2288,33,1,33000
5605,2288,265,1,29000
5606,2288,106,1,35000
5607,2288,15,3,69400
5608,2288,181,1,54200
5609,2288,183,1,104600
5610,2289,234,4,10800
5611,2289,240,1,121000
5612,2289,27,3,38000
5613,2289,284,1,61000
5614,2289,61,1,28900
5615,2290,65,2,48400
5616,2290,220,2,71000
5617,2290,190,3,66000
5618,2290,113,1,65000
5619,2291,28,3,97200
5620,2291,78,2,52700
5621,2292,35,1,60800
5622,2292,242,1,202400
5623,2292,147,1,89100
5624,2292,119,3,14000
5625,2293,96,2,30000
5626,2293,132,1,25000
5627,2293,264,5,64800
5628,2293,10,3,106200
5629,2293,76,1,13000
5630,2293,217,1,108000
5631,2294,143,2,94000
5632,2294,274,2,98000
5633,2294,244,1,38400
5634,2294,58,1,9000
5635,2294,60,2,83600
5636,2295,65,2,48400
5637,2295,37,1,23800
5638,2296,92,2,173800
5639,2297,27,1,38000
5640,2298,73,3,72000
5641,2298,274,1,83300
5642,2299,178,2,8000
5643,2299,61,1,27200
5644,2300,1,1,61200
5645,2300,202,1,216900
5646,2301,49,2,17000
5647,2302,16,2,17100
5648,2302,282,1,371000
5649,2303,120,2,113900
5650,2304,147,2,89100
5651,2304,268,1,83600
5652,2304,61,1,30600
5653,2305,52,2,309400
5654,2305,61,1,30600
5655,2306,237,4,24300
5656,2306,170,4,103600
5657,2306,125,1,45000
5658,2307,256,1,19000
5659,2307,194,1,85000
5660,2307,274,1,88200
5661,2307,253,1,23000
5662,2308,251,1,189900
5663,2309,105,2,43000
5664,2309,195,1,42800
5665,2309,164,1,20000
5666,2309,293,1,115600
5667,2310,161,2,172000
5668,2310,35,4,60800
5669,2311,223,5,90000
5670,2311,170,1,103600
5671,2311,11,3,125000
5672,2311,215,1,60800
5673,2312,187,2,83700
5674,2312,295,1,48400
5675,2313,3,1,20900
5676,2313,67,3,68000
5677,2313,183,1,98400
5678,2314,298,1,28000
5679,2314,216,5,16000
5680,2314,220,2,71000
5681,2314,61,1,34000
5682,2314,63,1,95400
5683,2315,123,1,132000
5684,2315,139,1,39600
5685,2315,243,1,154800
5686,2316,221,1,27000
5687,2316,278,2,47700
5688,2316,151,1,26400
5689,2317,278,1,47700
5690,2318,281,2,178600
5691,2318,289,1,39000
5692,2319,153,3,164000
5693,2319,161,2,146200
5694,2319,93,1,149600
5695,2320,141,1,57600
5696,2320,271,1,97200
5697,2321,182,3,234000
5698,2322,230,2,79900
5699,2322,171,2,96900
5700,2322,271,1,102600
5701,2322,113,3,65000
5702,2322,95,2,70300
5703,2323,101,1,101600
5704,2323,168,3,18900
5705,2323,300,1,112100
5706,2323,85,1,8500
5707,2323,254,3,53000
5708,2324,88,2,125000
5709,2325,185,1,4800
5710,2325,179,1,16200
5711,2325,251,2,179400
5712,2326,67,2,72000
5713,2326,196,2,24000
5714,2326,260,3,38700
5715,2326,294,2,19000
5716,2326,223,1,100000
5717,2327,177,3,102000
5718,2328,62,2,218400
5719,2329,184,1,34000
5720,2329,144,3,39000
5721,2330,80,1,106000
5722,2330,160,1,140000
5723,2331,171,1,102000
5724,2331,159,1,21000
5725,2332,24,2,45000
5726,2332,25,3,25000
5727,2332,294,3,17100
5728,2332,63,2,106000
5729,2333,294,1,17100
5730,2334,168,4,18900
5731,2334,161,2,172000
5732,2334,103,4,35200
5733,2334,223,1,90000
5734,2335,287,1,65600
5735,2336,266,2,27000
5736,2336,123,1,125400
5737,2336,203,1,107000
5738,2336,95,2,66600
5739,2337,62,1,273000
5740,2338,208,1,72200
5741,2338,201,1,77000
5742,2338,133,3,151200
5743,2339,194,1,76500
5744,2339,165,1,4800
5745,2339,78,1,58900
5746,2340,127,1,127300
5747,2341,34,3,74000
5748,2341,207,1,52000
5749,2341,210,1,97800
5750,2341,55,1,23000
5751,2341,31,1,43700
5752,2342,134,1,21600
5753,2342,103,1,35200
5754,2342,41,1,31400
5755,2342,183,1,123000
5756,2342,223,1,95000
5757,2343,115,1,60800
5758,2343,148,1,33200
5759,2343,143,1,89100
5760,2344,248,1,99800
5761,2344,33,4,29700
5762,2344,51,2,129000
5763,2344,117,2,94000
5764,2345,58,1,8100
5765,2345,211,2,60300
5766,2345,174,3,55000
5767,2346,274,1,83300
5768,2346,164,1,19000
5769,2346,31,2,41400
5770,2347,144,2,39000
5771,2347,205,1,28000
5772,2347,54,4,30600
5773,2347,71,2,142000
5774,2348,105,1,36600
5775,2348,92,1,173800
5776,2349,80,1,106000
5777,2349,91,3,63000
5778,2350,36,1,28900
5779,2350,21,2,80000
5780,2351,52,1,345800
5781,2352,215,1,60800
5782,2353,72,1,133000
5783,2353,206,1,25500
5784,2354,58,2,9000
5785,2354,292,2,294000
5786,2354,101,1,96300
5787,2355,45,2,48600
5788,2356,170,3,109000
5789,2356,171,1,102000
5790,2356,101,1,107000
5791,2356,62,1,259400
5792,2357,202,1,229000
5793,2358,213,1,126400
5794,2359,241,4,122400
5795,2359,133,1,134400
5796,2360,146,2,29400
5797,2360,164,1,20000
5798,2360,263,2,50400
5799,2360,183,1,110700
5800,2361,248,2,105000
5801,2361,173,1,148000
5802,2361,110,2,115600
5803,2361,55,1,23000
5804,2362,14,1,49000
5805,2363,66,2,30000
5806,2363,75,5,65000
5807,2363,114,1,43700
5808,2363,117,2,89300
5809,2363,281,3,169200
5810,2364,264,1,72000
5811,2364,50,2,59000
5812,2365,191,1,88400
5813,2365,166,2,28500
5814,2365,103,2,33300
5815,2366,121,1,18000
5816,2366,43,1,152200
5817,2367,265,1,27600
5818,2367,238,3,37000
5819,2368,256,1,19000
5820,2368,145,2,32000
5821,2368,138,2,103500
5822,2368,5,1,58000
5823,2369,33,1,31400
5824,2369,195,1,45000
5825,2369,155,1,40000
5826,2370,229,1,42800
5827,2370,68,5,88400
5828,2370,109,1,8000
5829,2371,59,1,38000
5830,2371,95,2,66600
5831,2371,239,1,46000
5832,2372,96,1,30000
5833,2372,34,2,82600
5834,2372,294,2,19000
5835,2372,175,1,41800
5836,2373,284,1,54900
5837,2373,294,3,19000
5838,2374,121,1,16200
5839,2374,171,1,91800
5840,2375,243,2,163000
5841,2375,22,1,210000
5842,2376,256,1,19000
5843,2376,25,3,23800
5844,2376,21,1,76000
5845,2377,171,2,96900
5846,2378,211,1,63600
5847,2378,118,1,29700
5848,2379,55,2,21800
5849,2379,207,1,44200
5850,2380,275,2,69000
5851,2381,65,1,48400
5852,2381,211,1,60300
5853,2381,276,2,14000
5854,2381,119,1,12600
5855,2382,144,1,35100
5856,2382,138,1,115000
5857,2382,75,3,65000
5858,2382,294,1,17100
5859,2383,133,1,159600
5860,2384,42,1,162400
5861,2385,210,4,97800
5862,2385,133,1,168000
5863,2385,247,1,55000
5864,2386,274,1,98000
5865,2386,291,1,238000
5866,2386,134,1,24000
5867,2387,290,1,22500
5868,2388,274,5,88200
5869,2388,267,1,71200
5870,2388,295,1,45900
5871,2389,269,4,23200
5872,2390,295,1,45900
5873,2390,168,1,20000
5874,2390,272,1,287300
5875,2390,90,2,98600
5876,2390,283,1,138000
5877,2391,131,1,82000
5878,2392,255,1,12800
5879,2392,171,1,102000
5880,2392,14,3,49000
5881,2392,39,1,55000
5882,2393,294,1,18000
5883,2393,137,1,82600
5884,2393,270,2,97800
5885,2393,214,1,60800
5886,2393,253,1,20700
5887,2394,93,3,167200
5888,2394,287,4,69000
5889,2395,88,1,118800
5890,2395,9,2,46800
5891,2395,274,1,93100
5892,2395,183,1,123000
5893,2396,166,1,24000
5894,2397,104,1,23800
5895,2397,161,1,172000
5896,2397,165,2,5000
5897,2398,244,2,40800
5898,2399,193,1,25200
5899,2399,158,2,35200
5900,2399,44,1,13000
5901,2399,14,1,46600
5902,2400,213,2,126400
5903,2401,33,1,31400
5904,2402,88,1,106200
5905,2403,292,1,264600
5906,2403,207,1,52000
5907,2404,271,1,102600
5908,2405,39,1,46800
5909,2405,234,2,10800
5910,2405,11,1,106200
5911,2405,172,1,311600
5912,2405,255,1,15000
5913,2406,93,1,176000
5914,2406,70,1,134000
5915,2407,116,1,14400
5916,2408,292,1,249900
5917,2409,129,2,27000
5918,2410,40,1,90000
5919,2410,132,1,23800
5920,2411,64,2,48600
5921,2411,15,1,65700
5922,2412,3,1,19800
5923,2412,14,1,46600
5924,2412,271,3,108000
5925,2412,122,2,48400
5926,2412,157,3,119700
5927,2413,297,1,35200
5928,2414,33,1,29700
5929,2415,241,2,130000
5930,2415,115,1,57600
5931,2415,44,1,12400
5932,2416,22,2,199500
5933,2417,231,1,200400
5934,2417,265,1,27600
5935,2417,182,3,222300
5936,2417,183,2,98400
5937,2417,248,2,84000
5938,2418,168,2,21000
5939,2419,204,3,7000
5940,2420,272,2,304200
5941,2421,113,1,55200
5942,2421,19,2,45900
5943,2421,93,1,176000
5944,2421,158,2,35200
5945,2422,80,5,95400
5946,2422,103,2,37000
5947,2423,160,1,133000
5948,2424,80,1,100700
5949,2425,162,1,141300
5950,2426,51,1,116100
5951,2426,284,1,58000
5952,2426,143,2,84200
5953,2427,65,1,45900
5954,2427,165,2,5000
5955,2427,71,1,113600
5956,2428,136,1,28800
5957,2428,47,3,14400
5958,2429,291,1,202300
5959,2429,149,1,27000
5960,2429,262,4,100700
5961,2430,194,2,80800
5962,2430,59,1,38000
5963,2430,44,1,13000
5964,2430,125,1,45000
5965,2431,107,2,102600
5966,2432,153,2,164000
5967,2432,171,1,96900
5968,2433,248,1,89200
5969,2433,173,1,140600
5970,2433,142,1,192800
5971,2434,131,1,77900
5972,2434,106,2,35000
5973,2434,268,1,74800
5974,2434,25,3,20000
5975,2434,254,2,53000
5976,2435,258,4,95400
5977,2435,11,2,112500
5978,2435,68,1,104000
5979,2435,63,1,100700
5980,2436,135,1,48600
5981,2437,11,1,118800
5982,2437,234,1,11400
5983,2437,219,1,35000
5984,2438,196,1,21600
5985,2438,61,4,32300
5986,2438,206,1,30000
5987,2439,65,1,48400
5988,2439,4,3,43000
5989,2439,293,4,136000
5990,2439,295,1,51000
5991,2440,229,2,45000
5992,2441,167,2,143100
5993,2442,75,2,55200
5994,2442,199,1,9900
5995,2443,218,1,32000
5996,2443,187,4,83700
5997,2444,166,2,25500
5998,2444,158,2,37000
5999,2445,161,1,172000
6000,2445,111,1,130500
6001,2445,247,2,55000
6002,2445,56,1,16000
6003,2445,183,1,116800
6004,2446,296,3,19800
6005,2446,153,1,147600
6006,2447,296,1,19800
6007,2447,194,1,76500
6008,2447,204,1,6600
6009,2448,168,1,17800
6010,2448,273,4,174000
6011,2448,91,2,63000
6012,2448,283,1,131100
6013,2449,162,2,141300
6014,2449,165,1,5000
6015,2449,105,1,40800
6016,2449,283,1,117300
6017,2449,125,2,36000
6018,2450,191,1,93000
6019,2451,216,2,16000
6020,2451,42,1,153900
6021,2451,3,2,22000
6022,2451,271,1,102600
6023,2452,32,2,186300
6024,2452,91,5,59500
6025,2452,165,1,4800
6026,2452,133,4,142800
6027,2453,64,2,51300
6028,2453,161,2,172000
6029,2453,297,1,31400
6030,2454,72,2,140000
6031,2454,148,1,33200
6032,2455,131,2,82000
6033,2455,170,2,103600
6034,2455,109,1,10000
6035,2455,215,1,57600
6036,2455,25,1,21200
6037,2455,223,3,90000
6038,2456,258,2,95400
6039,2457,74,1,70200
6040,2457,156,2,39000
6041,2458,34,1,78300
6042,2459,245,3,64600
6043,2459,183,1,123000
6044,2460,299,1,49000
6045,2461,47,2,16000
6046,2462,213,1,133000
6047,2462,166,1,25500
6048,2463,112,1,212500
6049,2463,218,1,30400
6050,2464,76,1,13000
6051,2464,215,1,57600
6052,2464,153,1,155800
6053,2464,251,1,211000
6054,2464,125,2,40500
6055,2465,51,2,116100
6056,2465,92,1,183000
6057,2465,21,2,80000
6058,2466,68,1,98800
6059,2466,181,1,57000
6060,2466,183,2,116800
6061,2466,184,1,38000
6062,2466,254,3,50400
6063,2467,171,1,91800
6064,2467,44,2,13000
6065,2467,182,1,234000
6066,2468,90,1,116000
6067,2469,169,2,41800
6068,2470,259,3,7200
6069,2470,166,2,30000
6070,2470,9,4,55000
6071,2470,202,1,241000
6072,2470,211,1,63600
6073,2471,143,1,94000
6074,2471,87,2,62100
6075,2472,187,1,88400
6076,2472,174,1,55000
6077,2473,42,3,153900
6078,2473,211,3,63600
6079,2474,161,3,163400
6080,2474,265,2,29000
6081,2474,119,2,12600
6082,2475,146,3,27900
6083,2475,198,2,21800
6084,2476,150,1,30600
6085,2477,73,1,80000
6086,2477,77,1,138700
6087,2477,25,2,21200
6088,2478,214,5,57600
6089,2479,266,1,30000
6090,2479,42,2,171000
6091,2479,240,2,121000
6092,2479,183,1,110700
6093,2479,92,2,183000
6094,2480,149,3,21600
6095,2480,103,1,33300
6096,2481,284,1,51800
6097,2481,13,2,88000
6098,2482,115,2,57600
6099,2482,91,4,56000
6100,2482,142,1,172600
6101,2483,195,1,42800
6102,2483,70,1,112800
6103,2483,13,2,83600
6104,2483,51,5,129000
6105,2483,213,2,133000
6106,2483,31,1,43700
6107,2484,227,1,65400
6108,2484,14,1,46600
6109,2485,211,1,63600
6110,2485,54,1,30600
6111,2485,215,2,60800
6112,2486,200,1,106200
6113,2486,76,1,12400
6114,2486,133,2,159600
6115,2487,218,2,32000
6116,2487,182,1,187200
6117,2488,89,2,43700
6118,2489,220,1,63900
6119,2490,88,2,125000
6120,2490,81,1,22500
6121,2491,193,1,28000
6122,2491,235,1,17800
6123,2491,157,2,126000
6124,2492,69,1,5700
6125,2492,103,2,33300
6126,2493,88,1,118800
6127,2493,114,1,41400
6128,2493,164,3,20000
6129,2493,134,1,20400
6130,2494,96,2,30000
6131,2494,122,1,57000
6132,2494,30,2,36100
6133,2495,256,5,19000
6134,2495,17,3,101600
6135,2495,27,3,36100
6136,2495,6,1,38000
6137,2496,243,4,154800
6138,2496,172,4,311600
6139,2496,171,2,86700
6140,2497,202,1,229000
6141,2497,167,1,127200
6142,2498,114,2,41400
6143,2499,224,5,87400
6144,2499,165,1,4800
6145,2499,74,2,66300
6146,2499,144,5,37000
6147,2499,94,1,62100
6148,2499,191,2,83700
6149,2500,208,1,68400
6150,2500,130,3,149000
6151,2501,272,1,321100
6152,2502,188,1,33000
6153,2502,223,1,90000
6154,2503,61,1,30600
6155,2503,286,1,9400
6156,2504,212,1,291600
6157,2504,21,1,80000
6158,2505,2,1,130400
6159,2505,293,3,136000
6160,2505,202,2,216900
6161,2505,109,2,10000
6162,2505,255,1,15000
6163,2506,274,1,88200
6164,2506,139,2,44000
6165,2506,7,2,92700
6166,2506,143,1,94000
6167,2507,214,1,60800
6168,2508,267,1,71200
6169,2508,79,4,29000
6170,2509,189,2,31000
6171,2509,254,1,45000
6172,2510,63,3,106000
6173,2511,228,3,130000
6174,2512,20,1,78800
6175,2513,73,1,68000
6176,2514,177,5,108000
6177,2514,163,1,128700
6178,2514,149,1,24300
6179,2514,94,1,58600
6180,2515,133,1,142800
6181,2516,285,3,16200
6182,2516,190,1,62700
6183,2516,223,1,95000
6184,2517,180,1,48600
6185,2517,77,3,138700
6186,2517,191,2,79000
6187,2518,190,1,66000
6188,2518,150,2,36000
6189,2519,297,4,35200
6190,2519,223,3,85000
6191,2520,243,2,163000
6192,2521,104,1,20000
6193,2521,213,1,133000
6194,2521,290,1,21200
6195,2521,101,2,96300
6196,2522,105,2,36600
6197,2522,153,2,155800
6198,2522,20,2,83000
6199,2523,169,1,44000
6200,2523,141,1,54400
6201,2524,110,1,115600
6202,2525,154,2,63600
6203,2525,227,1,73200
6204,2526,121,1,14400
6205,2526,282,1,352400
6206,2527,204,4,6600
6207,2527,208,1,76000
6208,2527,145,2,28800
6209,2527,243,1,146700
6210,2527,244,1,48000
6211,2528,280,1,122000
6212,2528,230,1,79900
6213,2529,112,1,212500
6214,2529,255,2,13500
6215,2529,6,3,40000
6216,2529,279,1,22500
6217,2530,72,2,119000
6218,2531,133,1,142800
6219,2531,145,2,32000
6220,2531,90,1,104400
6221,2531,190,1,62700
6222,2531,62,1,232000
6223,2532,232,1,162400
6224,2532,274,2,93100
6225,2533,250,1,132000
6226,2533,11,1,112500
6227,2534,84,4,84600
6228,2535,56,4,19000
6229,2535,205,1,22400
6230,2536,58,1,8100
6231,2536,227,1,69300
6232,2536,111,2,123200
6233,2537,214,1,64000
6234,2537,135,2,54000
6235,2538,75,3,55200
6236,2538,143,5,94000
6237,2538,22,1,199500
6238,2538,285,3,18000
6239,2538,191,1,93000
6240,2539,35,1,54400
6241,2539,60,1,79200
6242,2540,64,2,48600
6243,2540,51,1,129000
6244,2540,15,1,58400
6245,2541,123,1,112200
6246,2541,268,1,83600
6247,2542,65,1,51000
6248,2542,177,5,120000
6249,2542,21,1,68000
6250,2543,26,1,10200
6251,2543,268,2,83600
6252,2543,221,1,25500
6253,2544,288,1,68400
6254,2544,252,2,237600
6255,2544,231,3,200400
6256,2545,176,2,25200
6257,2545,224,1,82800
6258,2545,91,1,70000
6259,2546,254,2,45000
6260,2547,133,1,168000
6261,2547,54,4,34000
6262,2548,205,2,23800
6263,2548,21,1,80000
6264,2549,146,1,31000
6265,2550,227,1,77000
6266,2551,133,1,168000
6267,2552,241,1,137700
6268,2553,288,1,72200
6269,2553,227,1,61600
6270,2553,77,2,131400
6271,2553,175,2,44000
6272,2553,91,1,70000
6273,2553,223,2,100000
6274,2554,283,2,117300
6275,2554,243,2,138600
6276,2554,197,1,117900
6277,2555,91,1,70000
6278,2556,132,5,25000
6279,2557,225,1,5000
6280,2557,275,3,69000
6281,2557,286,1,11000
6282,2557,143,1,94000
6283,2558,272,1,304200
6284,2558,171,2,102000
6285,2558,94,1,62100
6286,2559,115,2,64000
6287,2559,197,1,131000
6288,2560,15,1,69400
6289,2560,29,1,17000
6290,2560,135,1,48600
6291,2561,81,1,25000
6292,2561,225,2,4500
6293,2562,265,1,29000
6294,2563,264,2,61200
6295,2563,75,1,65000
6296,2563,230,2,94000
6297,2563,271,1,102600
6298,2564,174,1,46800
6299,2565,72,2,126000
6300,2565,140,1,39000
6301,2565,100,1,40500
6302,2565,37,1,22500
6303,2566,231,2,211000
6304,2567,41,2,37000
6305,2567,274,1,98000
6306,2568,58,1,9000
6307,2568,18,2,84200
6308,2569,60,2,74800
6309,2569,198,2,23000
6310,2570,119,2,14000
6311,2571,128,1,74000
6312,2571,58,1,8600
6313,2571,144,1,35100
6314,2572,106,1,35000
6315,2572,94,1,65600
6316,2573,12,1,167200
6317,2573,293,1,129200
6318,2574,123,1,132000
6319,2575,283,1,131100
6320,2575,215,2,64000
6321,2576,173,1,140600
6322,2577,100,1,45000
6323,2577,74,1,66300
6324,2577,266,1,27000
6325,2577,106,1,31500
6326,2577,183,1,123000
6327,2578,56,2,18000
6328,2578,73,2,80000
6329,2578,50,1,59000
6330,2578,27,1,34200
6331,2579,193,1,28000
6332,2579,174,3,55000
6333,2579,33,1,28000
6334,2580,88,1,112500
6335,2581,122,1,51300
6336,2581,172,4,328000
6337,2581,142,1,192800
6338,2582,82,1,166400
6339,2583,24,1,50000
6340,2583,50,3,53100
6341,2583,183,3,116800
6342,2584,72,1,126000
6343,2584,39,2,44000
6344,2585,138,1,97800
6345,2585,207,1,49400
6346,2586,65,1,48400
6347,2586,60,1,83600
6348,2587,62,2,245700
6349,2587,90,1,110200
6350,2587,150,1,36000
6351,2588,110,1,122400
6352,2589,55,1,20700
6353,2590,165,5,4500
6354,2590,231,2,211000
6355,2590,233,1,17100
6356,2590,222,1,151200
6357,2590,287,3,58600
6358,2591,108,2,64000
6359,2591,33,1,33000
6360,2591,52,3,327600
6361,2592,96,1,27000
6362,2592,35,1,57600
6363,2592,263,1,53600
6364,2592,267,1,67500
6365,2592,124,2,22400
6366,2593,31,2,46000
6367,2593,214,2,64000
6368,2593,207,1,49400
6369,2594,64,2,54000
6370,2594,147,1,79200
6371,2594,160,2,126000
6372,2595,157,1,107100
6373,2596,256,1,18000
6374,2596,74,1,70200
6375,2596,275,1,55200
6376,2596,138,3,115000
6377,2597,84,2,89300
6378,2597,222,3,159600
6379,2597,263,1,56700
6380,2598,243,2,154800
6381,2598,116,1,16000
6382,2599,25,2,22500
6383,2600,135,1,48600
6384,2601,225,2,5000
6385,2601,235,2,18900
6386,2601,39,1,55000
6387,2602,221,1,28500
6388,2603,269,1,29000
6389,2603,261,1,40800
6390,2603,103,1,37000
6391,2604,168,3,21000
6392,2604,283,2,138000
6393,2604,144,1,35100
6394,2604,55,2,21800
6395,2605,266,2,27000
6396,2605,75,1,65000
6397,2605,271,1,102600
6398,2606,280,3,109800
6399,2606,161,3,154800
6400,2606,252,2,267300
6401,2606,293,1,136000
6402,2607,127,4,107200
6403,2608,81,3,23800
6404,2609,257,1,134000
6405,2609,178,2,8000
6406,2609,79,1,29000
6407,2610,136,1,34200
6408,2610,185,1,5400
6409,2610,187,1,88400
6410,2611,165,2,4500
6411,2612,65,2,40800
6412,2612,42,1,171000
6413,2613,113,3,61800
6414,2614,99,2,21200
6415,2615,169,1,44000
6416,2615,283,3,124200
6417,2615,133,1,134400
6418,2616,256,1,19000
6419,2616,241,1,137700
6420,2617,34,1,87000
6421,2617,168,1,21000
6422,2617,75,2,58500
6423,2617,279,2,23800
6424,2617,223,1,100000
6425,2618,212,1,307000
6426,2618,293,3,115600
6427,2619,64,2,48600
6428,2620,66,1,25500
6429,2620,30,2,38000
6430,2621,225,1,5000
6431,2621,203,1,107000
6432,2621,178,1,8000
6433,2621,21,1,68000
6434,2621,181,1,57000
6435,2621,220,1,67400
6436,2622,97,3,83700
6437,2622,3,1,22000
6438,2623,17,3,91000
6439,2623,20,2,74700
6440,2624,78,2,55800
6441,2625,296,1,22000
6442,2626,206,1,28500
6443,2627,170,2,98100
6444,2627,202,1,204800
6445,2627,140,1,39000
6446,2627,239,1,39100
6447,2627,143,1,99000
6448,2627,277,1,71400
6449,2628,174,5,55000
6450,2629,255,1,13500
6451,2630,60,1,88000
6452,2630,7,3,87600
6453,2631,55,4,21800
6454,2631,75,1,65000
6455,2631,221,1,30000
6456,2631,111,1,145000
6457,2632,225,1,4500
6458,2632,98,1,96300
6459,2633,187,3,74400
6460,2634,4,2,43000
6461,2634,133,2,168000
6462,2635,127,2,134000
6463,2636,28,1,102600
6464,2637,170,1,103600
6465,2638,178,1,8000
6466,2638,173,2,125800
6467,2639,35,1,64000
6468,2639,67,1,72000
6469,2639,142,1,182700
6470,2639,210,1,103000
6471,2639,23,1,91000
6472,2639,157,3,119700
6473,2640,220,1,67400
6474,2640,243,3,138600
6475,2640,164,1,17000
6476,2640,251,2,189900
6477,2641,264,1,57600
6478,2641,227,1,77000
6479,2641,253,1,23000
6480,2641,192,3,362000
6481,2642,121,1,16200
6482,2642,268,5,79200
6483,2642,5,2,49300
6484,2643,151,1,26400
6485,2644,272,2,338000
6486,2645,233,1,16200
6487,2646,21,1,76000
6488,2647,271,2,97200
6489,2648,88,2,125000
6490,2648,289,1,37000
6491,2648,291,1,202300
6492,2648,181,1,48400
6493,2649,43,2,179000
6494,2649,22,2,189000
6495,2650,10,4,94400
6496,2650,3,1,18700
6497,2650,173,2,140600
6498,2651,192,2,307700
6499,2651,167,1,127200
6500,2651,16,1,18000
6501,2651,117,1,79900
6502,2651,54,1,32300
6503,2652,202,5,229000
6504,2652,237,1,24300
6505,2653,76,1,13000
6506,2654,64,1,54000
6507,2654,42,2,171000
6508,2654,190,1,52800
6509,2654,55,1,20700
6510,2655,265,1,26100
6511,2656,133,1,168000
6512,2656,30,1,36100
6513,2656,165,5,4500
6514,2657,101,1,101600
6515,2657,197,2,124400
6516,2657,137,1,82600
6517,2657,173,1,133200
6518,2657,116,1,12800
6519,2658,177,4,102000
6520,2658,283,1,124200
6521,2658,278,2,53000
6522,2659,268,2,70400
6523,2659,39,1,52200
6524,2660,113,2,58500
6525,2660,201,3,77000
6526,2661,256,1,19000
6527,2661,293,1,115600
6528,2661,28,2,108000
6529,2661,213,2,113000
6530,2662,265,1,29000
6531,2662,235,1,20000
6532,2662,93,1,176000
6533,2662,105,2,36600
6534,2663,195,1,40500
6535,2663,223,1,90000
6536,2664,143,2,99000
6537,2665,297,3,35200
6538,2665,83,1,124800
6539,2666,74,1,78000
6540,2667,88,1,125000
6541,2668,204,1,5600
6542,2668,246,1,13600
6543,2669,91,1,59500
6544,2669,172,1,295200
6545,2670,52,1,345800
6546,2670,175,2,41800
6547,2671,73,2,72000
6548,2671,3,4,22000
6549,2671,171,2,102000
6550,2672,153,1,155800
6551,2672,12,4,176000
6552,2673,128,1,70300
6553,2673,127,2,120600
6554,2674,33,1,31400
6555,2674,258,2,90100
6556,2674,73,1,80000
6557,2674,237,2,21600
6558,2674,58,2,8600
6559,2674,286,1,10400
6560,2675,117,1,75200
6561,2675,133,1,168000
6562,2676,105,2,38700
6563,2676,43,1,179000
6564,2676,174,1,55000
6565,2677,133,1,151200
6566,2678,201,2,77000
6567,2678,202,1,192800
6568,2678,99,2,23800
6569,2679,171,1,102000
6570,2680,147,2,99000
6571,2680,204,2,7000
6572,2681,52,1,364000
6573,2681,228,4,130000
6574,2682,246,3,13600
6575,2683,280,1,122000
6576,2683,249,2,39000
6577,2683,213,1,133000
6578,2684,98,2,96300
6579,2684,29,2,16200
6580,2685,128,2,62900
6581,2685,118,1,28000
6582,2685,151,1,31400
6583,2686,153,3,164000
6584,2686,274,3,98000
6585,2686,239,2,43700
6586,2687,145,1,25600
6587,2687,182,2,222300
6588,2687,94,1,69000
6589,2688,130,1,149000
6590,2688,260,2,34400
6591,2689,218,1,28800
6592,2689,286,1,8800
6593,2690,262,1,106000
6594,2690,205,1,28000
6595,2690,183,2,110700
6596,2690,280,1,122000
6597,2690,281,2,178600
6598,2690,61,1,27200
6599,2691,25,1,23800
6600,2691,205,2,28000
6601,2692,17,3,96300
6602,2692,135,3,45900
6603,2693,261,1,48000
6604,2694,242,1,253000
6605,2694,187,1,93000
6606,2694,30,1,34200
6607,2694,199,1,8800
6608,2695,41,1,31400
6609,2695,153,1,131200
6610,2695,271,2,102600
6611,2695,295,1,45900
6612,2696,210,1,103000
6613,2696,205,1,23800
6614,2696,38,1,97800
6615,2697,102,1,283000
6616,2698,180,2,43200
6617,2698,61,3,34000
6618,2699,248,4,105000
6619,2699,242,1,240400
6620,2699,279,1,22500
6621,2699,151,1,29700
6622,2700,193,2,28000
6623,2701,197,2,111400
6624,2701,231,3,211000
6625,2701,141,1,54400
6626,2701,46,4,18000
6627,2701,251,1,179400
6628,2702,72,1,140000
6629,2702,52,1,364000
6630,2702,143,2,89100
6631,2703,104,1,22500
6632,2703,242,1,253000
6633,2703,219,1,35000
6634,2703,53,1,28800
6635,2704,224,2,92000
6636,2704,214,1,60800
6637,2705,51,1,129000
6638,2705,14,1,49000
6639,2706,61,1,28900
6640,2706,294,1,18000
6641,2707,236,1,29400
6642,2707,6,3,40000
6643,2708,56,2,20000
6644,2708,161,2,137600
6645,2709,227,1,69300
6646,2709,180,1,54000
6647,2710,121,1,16200
6648,2710,52,1,364000
6649,2710,86,1,18700
6650,2710,153,1,164000
6651,2710,223,2,100000
6652,2711,201,1,69300
6653,2711,263,1,53600
6654,2712,171,1,91800
6655,2712,300,1,112100
6656,2712,7,1,87600
6657,2713,190,1,59400
6658,2713,110,2,136000
6659,2714,44,1,11700
6660,2714,101,1,107000
6661,2714,22,1,168000
6662,2715,130,3,126600
6663,2715,174,1,52200
6664,2716,176,1,28000
6665,2717,211,1,67000
6666,2718,290,2,25000
6667,2718,53,2,25600
6668,2719,227,1,77000
6669,2720,253,2,23000
6670,2720,154,3,63600
6671,2720,245,2,64600
6672,2721,225,3,4800
6673,2721,80,2,95400
6674,2721,241,2,145400
6675,2721,275,1,65600
6676,2721,28,3,97200
6677,2722,71,3,127800
6678,2722,144,2,37000
6679,2722,180,1,43200
6680,2722,284,2,61000
6681,2722,63,1,100700
6682,2723,67,2,72000
6683,2723,263,1,63000
6684,2723,265,1,23200
6685,2723,10,2,94400
6686,2723,236,1,31000
6687,2723,27,1,38000
6688,2724,184,1,36000
6689,2724,25,2,25000
6690,2725,251,2,211000
6691,2725,85,1,10000
6692,2725,231,1,211000
6693,2726,146,1,31000
6694,2727,153,2,131200
6695,2727,121,1,15300
6696,2727,102,2,283000
6697,2727,63,3,106000
6698,2728,169,1,44000
6699,2728,223,1,90000
6700,2729,81,1,20000
6701,2730,217,3,102000
6702,2731,45,1,45900
6703,2732,164,2,20000
6704,2732,148,3,35000
6705,2733,224,1,78200
6706,2733,103,1,35200
6707,2733,172,1,328000
6708,2733,78,1,55800
6709,2733,147,1,99000
6710,2733,216,1,14400
6711,2734,282,1,333900
6712,2734,46,2,18000
6713,2734,262,1,100700
6714,2735,81,1,25000
6715,2735,132,1,25000
6716,2735,214,1,64000
6717,2736,135,3,51300
6718,2737,154,2,60300
6719,2737,63,1,106000
6720,2738,291,1,226100
6721,2738,93,4,149600
6722,2738,127,2,134000
6723,2739,88,1,125000
6724,2739,264,1,72000
6725,2739,49,1,17000
6726,2740,165,1,5000
6727,2740,135,1,54000
6728,2740,7,1,103000
6729,2740,268,3,70400
6730,2740,285,1,17100
6731,2741,24,2,47500
6732,2741,252,5,267300
6733,2741,102,1,254700
6734,2742,272,1,321100
6735,2743,121,1,18000
6736,2743,223,1,85000
6737,2744,11,3,112500
6738,2744,86,1,18700
6739,2744,263,1,63000
6740,2745,277,1,84000
6741,2745,263,3,63000
6742,2746,4,2,38700
6743,2746,19,1,48400
6744,2746,132,1,25000
6745,2746,252,1,267300
6746,2747,59,1,30400
6747,2747,292,3,279300
6748,2747,261,1,40800
6749,2748,233,2,17100
6750,2748,188,2,29700
6751,2748,22,5,189000
6752,2749,13,3,79200
6753,2749,14,2,49000
6754,2749,81,2,22500
6755,2749,184,1,38000
6756,2749,254,3,50400
6757,2750,3,3,22000
6758,2750,171,1,86700
6759,2750,179,1,15300
6760,2750,248,1,89200
6761,2750,31,2,43700
6762,2751,32,1,165600
6763,2751,201,1,77000
6764,2751,28,1,91800
6765,2752,237,1,27000
6766,2752,215,1,64000
6767,2753,122,1,57000
6768,2753,20,1,83000
6769,2753,30,1,34200
6770,2754,164,4,19000
6771,2754,69,1,6000
6772,2754,271,1,97200
6773,2754,209,2,4000
6774,2754,182,2,234000
6775,2754,124,3,25200
6776,2755,45,3,45900
6777,2755,125,1,40500
6778,2755,15,1,65700
6779,2756,113,1,61800
6780,2756,129,3,27000
6781,2757,185,1,5700
6782,2757,167,1,135200
6783,2758,56,2,20000
6784,2758,1,3,64600
6785,2758,124,3,23800
6786,2758,52,3,327600
6787,2759,225,1,4000
6788,2759,153,2,155800
6789,2760,277,2,79800
6790,2761,208,1,76000
6791,2762,10,1,118000
6792,2763,133,1,168000
6793,2763,94,2,69000
6794,2763,271,1,102600
6795,2764,280,1,115900
6796,2764,293,2,136000
6797,2764,46,1,16200
6798,2764,87,1,65600
6799,2765,105,3,40800
6800,2765,225,1,4800
6801,2766,156,1,39000
6802,2766,85,3,10000
6803,2767,251,1,179400
6804,2767,158,1,37000
6805,2768,215,1,64000
6806,2768,183,1,123000
6807,2769,48,1,58000
6808,2769,248,2,94500
6809,2769,61,1,34000
6810,2770,153,2,164000
6811,2771,195,1,45000
6812,2771,124,2,26600
6813,2771,133,2,168000
6814,2771,175,1,44000
6815,2772,112,1,225000
6816,2772,131,1,73800
6817,2772,7,1,87600
6818,2773,41,1,33300
6819,2774,23,1,86400
6820,2774,103,2,33300
6821,2775,275,1,62100
6822,2775,62,1,259400
6823,2776,295,4,45900
6824,2777,201,1,77000
6825,2777,70,1,112800
6826,2777,278,1,42400
6827,2777,86,1,20900
6828,2778,25,2,25000
6829,2778,101,1,107000
6830,2778,174,1,52200
6831,2779,183,1,116800
6832,2780,248,2,89200
6833,2780,223,1,85000
6834,2781,193,1,25200
6835,2781,122,1,57000
6836,2781,90,1,104400
6837,2781,158,1,31400
6838,2782,8,4,115000
6839,2783,161,1,154800
6840,2784,234,1,10800
6841,2785,73,2,80000
6842,2785,154,1,67000
6843,2785,129,1,21600
6844,2785,205,2,23800
6845,2786,40,1,95000
6846,2786,26,1,12000
6847,2786,171,4,102000
6848,2786,255,1,15000
6849,2787,18,2,89100
6850,2787,37,1,25000
6851,2787,174,1,46800
6852,2787,63,2,100700
6853,2788,11,2,106200
6854,2788,5,2,49300
6855,2788,143,1,99000
6856,2789,45,3,48600
6857,2790,298,1,28000
6858,2790,163,2,135800
6859,2790,223,2,100000
6860,2791,277,1,84000
6861,2792,168,2,18900
6862,2792,75,1,58500
6863,2793,74,2,78000
6864,2794,114,1,41400
6865,2794,275,3,69000
6866,2794,183,5,116800
6867,2795,194,1,85000
6868,2796,121,1,18000
6869,2796,291,1,202300
6870,2796,132,1,25000
6871,2797,216,1,16000
6872,2797,94,1,62100
6873,2797,192,2,307700
6874,2798,72,1,112000
6875,2798,217,2,114000
6876,2799,88,1,118800
6877,2799,140,1,39000
6878,2799,247,3,55000
6879,2800,4,2,36600
6880,2801,145,1,32000
6881,2801,183,1,116800
6882,2802,9,4,49500
6883,2803,265,1,29000
6884,2803,250,1,118200
6885,2804,273,1,174000
6886,2804,247,2,55000
6887,2805,122,1,54200
6888,2806,77,1,146000
6889,2806,198,1,23000
6890,2806,55,1,21800
6891,2807,32,2,196600
6892,2807,238,1,37000
6893,2808,57,1,20900
6894,2808,20,1,78800
6895,2809,40,1,100000
6896,2809,164,4,18000
6897,2809,37,1,23800
6898,2810,121,1,17100
6899,2810,166,3,30000
6900,2811,273,1,174000
6901,2811,91,1,59500
6902,2811,189,1,31000
6903,2812,32,1,207000
6904,2812,73,1,80000
6905,2812,141,3,57600
6906,2812,251,1,200400
6907,2812,285,1,17100
6908,2812,222,2,159600
6909,2813,160,1,140000
6910,2813,48,3,61000
6911,2813,255,5,13500
6912,2813,215,1,64000
6913,2814,64,1,51300
6914,2814,237,2,27000
6915,2814,63,1,100700
6916,2815,99,1,25000
6917,2816,275,1,55200
6918,2816,283,1,131100
6919,2816,76,2,12400
6920,2816,230,2,89300
6921,2817,46,1,17100
6922,2818,128,1,66600
6923,2818,258,2,90100
6924,2818,228,1,117000
6925,2819,133,1,142800
6926,2820,130,2,149000
6927,2820,101,1,107000
6928,2820,181,1,57000
6929,2821,296,1,22000
6930,2821,233,3,18000
6931,2822,131,2,73800
6932,2822,108,1,80000
6933,2822,44,1,13000
6934,2823,104,1,25000
6935,2823,184,1,36000
6936,2824,153,1,164000
6937,2824,289,2,35100
6938,2825,2,1,146700
6939,2826,184,1,40000
6940,2826,53,1,30400
6941,2827,34,1,82600
6942,2827,204,1,6000
6943,2828,297,2,35200
6944,2829,288,1,68400
6945,2829,217,2,96000
6946,2829,66,5,25500
6947,2830,253,1,23000
6948,2831,101,1,101600
6949,2832,72,1,119000
6950,2832,73,1,80000
6951,2832,135,1,54000
6952,2833,5,1,58000
6953,2833,168,1,21000
6954,2833,237,1,27000
6955,2833,177,1,102000
6956,2833,214,1,54400
6957,2834,18,1,94000
6958,2835,201,2,61600
6959,2835,66,2,27000
6960,2835,263,2,63000
6961,2836,216,2,13600
6962,2836,285,2,17100
6963,2836,103,3,37000
6964,2837,33,1,31400
6965,2837,55,1,20700
6966,2838,96,1,30000
6967,2838,40,1,100000
6968,2838,277,1,84000
6969,2839,277,2,71400
6970,2839,34,1,69600
6971,2839,291,1,238000
6972,2839,163,2,128700
6973,2840,275,1,65600
6974,2841,248,1,84000
6975,2841,36,1,30600
6976,2841,270,4,97800
6977,2842,57,1,22000
6978,2842,299,1,41600
6979,2842,271,2,97200
6980,2843,84,1,79900
6981,2844,3,2,22000
6982,2844,213,2,119700
6983,2844,255,1,15000
6984,2845,287,3,69000
6985,2846,275,3,62100
6986,2846,203,1,101600
6987,2846,142,2,172600
6988,2847,297,1,35200
6989,2847,83,2,140400
6990,2847,13,5,79200
6991,2848,69,2,5400
6992,2848,102,3,283000
6993,2849,132,1,23800
6994,2850,106,1,33200
6995,2850,196,2,21600
6996,2850,20,2,83000
6997,2851,65,1,51000
6998,2851,195,1,40500
6999,2851,105,3,38700
7000,2851,114,2,36800
7001,2851,57,1,18700
7002,2852,159,1,18900
7003,2853,193,1,28000
7004,2853,259,1,6800
7005,2853,273,1,165300
7006,2853,127,3,127300
7007,2854,9,1,44000
7008,2855,156,1,33200
7009,2856,200,1,112500
7010,2856,98,2,91000
7011,2856,283,1,138000
7012,2856,71,1,127800
7013,2857,64,1,51300
7014,2857,1,2,68000
7015,2857,187,1,93000
7016,2857,85,1,8500
7017,2858,89,1,46000
7018,2858,243,1,154800
7019,2859,54,2,32300
7020,2859,255,1,12000
7021,2860,241,3,153000
7022,2860,266,1,24000
7023,2860,102,3,283000
7024,2861,49,2,14400
7025,2862,251,1,179400
7026,2863,96,2,30000
7027,2863,121,1,15300
7028,2863,155,1,40000
7029,2864,3,3,22000
7030,2864,261,1,40800
7031,2864,30,2,32300
7032,2865,106,2,35000
7033,2865,251,1,189900
7034,2866,268,1,74800
7035,2866,110,3,122400
7036,2867,96,1,27000
7037,2867,70,1,141000
7038,2867,243,1,154800
7039,2867,20,1,74700
7040,2867,245,1,61200
7041,2868,290,1,23800
7042,2868,4,2,36600
7043,2868,221,1,30000
7044,2869,96,5,24000
7045,2869,240,2,115000
7046,2869,55,1,20700
7047,2870,167,1,127200
7048,2870,273,4,139200
7049,2870,276,2,12600
7050,2870,25,1,25000
7051,2870,62,1,259400
7052,2871,133,3,168000
7053,2871,246,1,15200
7054,2872,84,1,84600
7055,2872,295,1,48400
7056,2873,81,1,22500
7057,2873,268,1,79200
7058,2874,98,4,101600
7059,2874,244,4,48000
7060,2874,47,5,14400
7061,2875,75,2,61800
7062,2876,17,4,85600
7063,2876,142,2,162400
7064,2877,227,1,65400
7065,2877,12,1,158400
7066,2878,25,1,22500
7067,2878,294,2,18000
7068,2879,124,1,25200
7069,2880,191,2,88400
7070,2880,12,3,158400
7071,2880,63,1,106000
7072,2880,175,1,39600
7073,2881,115,1,64000
7074,2881,105,1,40800
7075,2881,275,3,69000
7076,2882,255,1,12800
7077,2883,44,1,11700
7078,2883,45,1,48600
7079,2884,233,1,19000
7080,2884,273,1,174000
7081,2885,90,1,98600
7082,2885,283,2,138000
7083,2885,182,2,198900
7084,2886,197,3,131000
7085,2886,74,1,78000
7086,2886,244,1,43200
7087,2886,183,1,104600
7088,2886,61,1,34000
7089,2887,33,3,33000
7090,2887,165,1,4500
7091,2887,167,4,159000
7092,2888,138,1,115000
7093,2888,124,2,25200
7094,2888,53,1,32000
7095,2888,15,3,62000
7096,2889,273,3,156600
7097,2889,99,2,23800
7098,2889,246,1,16000
7099,2890,131,2,65600
7100,2891,193,2,28000
7101,2891,3,1,20900
7102,2891,124,4,28000
7103,2891,47,2,15200
7104,2892,12,2,140800
7105,2893,121,1,17100
7106,2893,4,1,36600
7107,2893,33,2,26400
7108,2894,298,4,22400
7109,2895,163,2,128700
7110,2896,202,2,241000
7111,2897,193,2,28000
7112,2897,205,1,28000
7113,2897,142,1,203000
7114,2897,54,1,27200
7115,2897,281,4,178600
7116,2898,296,2,19800
7117,2899,154,1,60300
7118,2899,86,1,20900
7119,2900,200,1,125000
7120,2900,273,2,174000
7121,2900,114,1,41400
7122,2900,119,1,11900
7123,2900,29,1,14400
7124,2901,83,1,156000
7125,2902,111,1,130500
7126,2903,54,1,34000
7127,2903,7,3,87600
7128,2904,94,3,58600
7129,2905,95,1,62900
7130,2905,271,2,86400
7131,2906,136,1,32400
7132,2906,37,2,23800
7133,2907,74,1,70200
7134,2908,74,2,74100
7135,2908,299,2,49000
7136,2908,15,1,73000
7137,2909,138,1,115000
7138,2909,275,3,62100
7139,2909,166,3,30000
7140,2910,95,3,66600
7141,2910,94,3,58600
7142,2910,167,2,143100
7143,2911,140,2,39000
7144,2912,152,1,148800
7145,2913,25,2,20000
7146,2914,174,1,49500
7147,2914,269,1,26100
7148,2914,262,1,84800
7149,2915,201,1,69300
7150,2915,268,1,83600
7151,2915,39,2,46800
7152,2916,234,3,10200
7153,2916,75,3,65000
7154,2917,182,1,198900
7155,2918,33,2,31400
7156,2918,282,1,315400
7157,2918,95,4,70300
7158,2919,69,1,6000
7159,2919,293,1,136000
7160,2919,205,1,28000
7161,2919,114,1,41400
7162,2919,182,2,187200
7163,2919,185,2,6000
7164,2920,26,1,10200
7165,2920,275,1,69000
7166,2920,166,1,28500
7167,2921,64,1,45900
7168,2921,204,2,6000
7169,2921,223,1,95000
7170,2922,202,1,216900
7171,2922,68,1,104000
7172,2923,145,1,32000
7173,2923,122,2,57000
7174,2923,175,1,35200
7175,2923,63,2,106000
7176,2924,104,1,25000
7177,2924,285,1,16200
7178,2924,38,1,109200
7179,2924,215,1,60800
7180,2925,179,3,16200
7181,2925,223,1,85000
7182,2926,47,1,13600
7183,2927,161,1,172000
7184,2927,36,1,30600
7185,2927,108,2,76000
7186,2927,149,2,27000
7187,2927,152,2,166200
7188,2927,287,1,69000
7189,2928,157,5,119700
7190,2929,114,3,46000
7191,2930,89,1,41400
7192,2930,181,3,54200
7193,2930,21,1,80000
7194,2930,143,2,94000
7195,2931,196,1,24000
7196,2932,211,2,60300
7197,2933,221,1,30000
7198,2933,294,1,19000
7199,2934,19,1,48400
7200,2934,155,1,40000
7201,2934,235,4,20000
7202,2934,215,1,64000
7203,2935,33,2,33000
7204,2935,158,2,31400
7205,2936,195,1,45000
7206,2936,131,1,82000
7207,2936,138,3,97800
7208,2936,236,3,31000
7209,2936,13,1,88000
7210,2936,275,1,69000
7211,2937,19,2,51000
7212,2937,263,1,59800
7213,2938,32,2,176000
7214,2938,260,2,43000
7215,2938,201,1,73200
7216,2938,76,1,13000
7217,2938,123,2,132000
7218,2939,220,1,56800
7219,2939,197,2,117900
7220,2940,176,1,25200
7221,2940,123,1,112200
7222,2940,52,2,364000
7223,2941,275,1,69000
7224,2941,282,1,371000
7225,2941,187,1,88400
7226,2942,80,3,90100
7227,2942,15,2,73000
7228,2942,103,2,31400
7229,2943,226,1,25200
7230,2943,69,1,5400
7231,2944,261,1,45600
7232,2944,135,2,43200
7233,2944,47,1,16000
7234,2944,175,2,44000
7235,2944,280,1,122000
7236,2945,218,4,25600
7237,2945,197,2,131000
7238,2945,14,1,49000
7239,2946,34,1,82600
7240,2946,298,1,25200
7241,2946,19,4,51000
7242,2946,151,1,29700
7243,2946,217,2,114000
7244,2947,154,1,63600
7245,2947,221,1,27000
7246,2947,127,1,134000
7247,2948,197,4,117900
7248,2948,175,1,37400
7249,2949,7,1,92700
7250,2950,281,1,188000
7251,2950,236,1,27900
7252,2950,133,2,168000
7253,2951,129,2,25600
7254,2951,230,4,79900
7255,2951,262,2,106000
7256,2951,75,1,61800
7257,2951,214,1,54400
7258,2952,106,1,29800
7259,2952,211,2,67000
7260,2953,212,1,307000
7261,2954,264,1,64800
7262,2954,273,2,174000
7263,2954,234,4,11400
7264,2954,178,1,8000
7265,2955,105,2,36600
7266,2955,13,1,88000
7267,2956,19,1,45900
7268,2957,162,4,125600
7269,2957,228,1,130000
7270,2957,29,2,16200
7271,2957,23,1,81900
7272,2958,132,1,25000
7273,2958,34,2,82600
7274,2958,43,2,161100
7275,2958,204,1,6300
7276,2959,272,1,287300
7277,2959,22,4,189000
7278,2960,92,1,164700
7279,2960,133,1,159600
7280,2961,112,1,200000
7281,2961,296,1,20900
7282,2961,255,3,12800
7283,2962,118,2,29700
7284,2963,104,1,22500
7285,2963,203,1,101600
7286,2964,26,2,11400
7287,2964,44,1,13000
7288,2965,218,1,32000
7289,2965,140,1,33200
7290,2966,125,1,40500
7291,2966,101,3,91000
7292,2966,141,3,57600
7293,2967,161,3,137600
7294,2967,135,2,54000
7295,2968,104,2,25000
7296,2968,233,2,16200
7297,2969,27,1,38000
7298,2969,15,1,65700
7299,2970,147,1,89100
7300,2971,207,1,52000
7301,2972,56,1,18000
7302,2972,74,1,78000
7303,2972,93,1,167200
7304,2973,110,2,136000
7305,2973,142,1,182700
7306,2973,174,1,55000
7307,2974,156,2,33200
7308,2974,38,1,109200
7309,2975,113,1,61800
7310,2975,155,1,40000
7311,2975,229,2,42800
7312,2976,280,1,122000
7313,2976,142,1,203000
7314,2977,211,2,67000
7315,2977,132,1,20000
7316,2978,203,2,91000
7317,2979,17,1,107000
7318,2979,212,4,245600
7319,2980,170,1,87200
7320,2980,151,2,28000
7321,2981,75,1,55200
7322,2981,182,1,198900
7323,2981,55,1,20700
7324,2982,220,2,71000
7325,2983,132,1,23800
7326,2984,234,1,11400
7327,2985,215,1,57600
7328,2985,103,1,35200
7329,2986,14,2,49000
7330,2986,278,1,50400
7331,2987,62,2,273000
7332,2988,130,2,149000
7333,2988,127,1,120600
7334,2989,160,1,140000
7335,2989,205,1,28000
7336,2989,137,2,82600
7337,2989,37,1,21200
7338,2990,73,2,76000
7339,2990,163,1,128700
7340,2990,278,1,42400
7341,2990,103,2,31400
7342,2991,231,2,189900
7343,2991,168,3,20000
7344,2991,11,1,125000
7345,2991,50,1,53100
7346,2991,21,1,72000
7347,2992,267,1,67500
7348,2993,288,1,76000
7349,2994,297,2,37000
7350,2994,27,1,36100
7351,2994,213,1,126400
7352,2995,153,1,164000
7353,2996,41,1,35200
7354,2996,98,1,107000
7355,2996,229,1,40500
7356,2997,9,1,55000
7357,2997,218,2,32000
7358,2997,204,1,6000
7359,2998,51,1,109600
7360,2998,70,2,126900
7361,2999,173,1,133200
7362,3000,113,1,58500
7363,3000,218,2,25600
7364,3000,165,1,4800
7365,3001,210,2,103000
7366,3002,213,2,133000
7367,3002,270,1,82400
7368,3003,288,1,68400
7369,3003,170,1,92600
7370,3003,4,1,43000
7371,3004,144,2,39000
7372,3005,129,3,27000
7373,3006,280,1,122000
7374,3006,265,1,29000
7375,3007,280,1,122000
7376,3007,132,2,23800
7377,3007,254,1,53000
7378,3007,300,1,100300
7379,3008,253,2,21800
7380,3009,286,1,10400
7381,3010,4,1,38700
7382,3011,168,3,21000
7383,3011,237,1,25600
7384,3011,22,1,168000
7385,3011,183,1,123000
7386,3012,185,3,5700
7387,3012,300,2,118000
7388,3013,108,2,80000
7389,3013,84,1,94000
7390,3013,228,4,123500
7391,3014,160,1,140000
7392,3014,33,1,28000
7393,3014,165,1,5000
7394,3014,294,1,17100
7395,3014,205,1,28000
7396,3014,238,2,35200
7397,3015,11,1,125000
7398,3015,236,5,27900
7399,3016,76,1,11700
7400,3016,262,1,90100
7401,3017,48,1,61000
7402,3017,148,1,35000
7403,3018,226,1,22400
7404,3018,156,1,35100
7405,3018,262,1,95400
7406,3018,231,2,189900
7407,3019,19,1,45900
7408,3020,104,1,25000
7409,3020,83,1,132600
7410,3021,88,1,112500
7411,3021,211,1,60300
7412,3022,266,1,27000
7413,3022,108,1,72000
7414,3022,253,1,21800
7415,3022,114,1,43700
7416,3023,33,1,33000
7417,3023,241,1,145400
7418,3023,87,1,58600
7419,3023,143,1,99000
7420,3024,209,3,3600
7421,3024,117,3,89300
7422,3024,253,1,19600
7423,3024,28,5,108000
7424,3024,61,1,30600
7425,3025,21,1,80000
7426,3026,41,1,31400
7427,3027,167,1,151000
7428,3028,26,2,10200
7429,3029,45,4,54000
7430,3030,21,1,76000
7431,3031,218,1,28800
7432,3031,188,1,33000
7433,3031,215,2,57600
7434,3032,193,1,28000
7435,3032,155,1,40000
7436,3032,68,1,88400
7437,3033,296,4,17600
7438,3033,201,1,73200
7439,3033,203,1,96300
7440,3033,156,1,35100
7441,3034,269,1,26100
7442,3035,213,1,119700
7443,3036,60,1,88000
7444,3036,62,1,232000
7445,3036,263,3,50400
7446,3037,132,3,22500
7447,3038,289,3,39000
7448,3038,93,1,176000
7449,3039,13,1,83600
7450,3039,165,1,4200
7451,3040,1,1,61200
7452,3040,193,1,23800
7453,3040,261,1,43200
7454,3040,171,2,91800
7455,3040,116,1,15200
7456,3041,137,1,74000
7457,3041,124,1,25200
7458,3041,156,2,39000
7459,3042,277,3,84000
7460,3042,62,1,245700
7461,3043,21,1,68000
7462,3043,253,2,23000
7463,3044,185,2,6000
7464,3044,74,1,78000
7465,3044,268,1,88000
7466,3044,82,1,187200
7467,3045,269,2,26100
7468,3045,62,1,232000
7469,3046,153,1,139400
7470,3046,212,1,261000
7471,3047,134,1,22800
7472,3047,259,1,8000
7473,3047,252,1,267300
7474,3047,278,2,50400
7475,3048,28,1,91800
7476,3049,48,2,61000
7477,3049,175,1,39600
7478,3049,199,2,10400
7479,3050,41,4,29600
7480,3050,266,3,27000
7481,3050,238,3,33300
7482,3051,299,3,49000
7483,3052,243,1,146700
7484,3052,150,2,34200
7485,3052,223,1,100000
7486,3053,160,1,140000
7487,3054,270,1,82400
7488,3054,127,1,120600
7489,3055,136,1,36000
7490,3055,113,2,65000
7491,3055,132,1,23800
7492,3055,5,1,52200
7493,3056,201,1,65400
7494,3057,273,1,174000
7495,3057,31,3,46000
7496,3058,19,2,51000
7497,3058,181,1,45600
7498,3058,141,5,64000
7499,3058,119,2,11200
7500,3059,10,3,112100
7501,3059,261,3,45600
7502,3060,195,1,40500
7503,3061,33,2,29700
7504,3061,18,2,99000
7505,3061,124,2,26600
7506,3061,62,1,232000
7507,3062,191,1,88400
7508,3062,7,1,103000
7509,3062,183,2,123000
7510,3063,274,1,88200
7511,3063,83,1,140400
7512,3063,171,1,91800
7513,3063,135,2,54000
7514,3064,3,3,20900
7515,3064,155,1,38000
7516,3065,224,1,87400
7517,3065,239,1,46000
7518,3065,119,1,12600
7519,3066,241,3,145400
7520,3066,33,1,29700
7521,3067,197,1,124400
7522,3067,233,3,19000
7523,3067,53,1,25600
7524,3068,175,1,37400
7525,3069,152,1,175000
7526,3070,145,1,30400
7527,3070,250,2,118200
7528,3070,165,1,4200
7529,3071,25,1,21200
7530,3071,106,5,31500
7531,3071,23,3,81900
7532,3071,31,1,39100
7533,3072,195,1,40500
7534,3073,184,1,38000
7535,3073,113,1,61800
7536,3073,268,1,88000
7537,3074,194,2,76500
7538,3074,39,1,55000
7539,3075,196,1,21600
7540,3075,4,1,38700
7541,3075,270,1,103000
7542,3075,279,2,23800
7543,3076,292,2,294000
7544,3076,165,2,5000
7545,3076,297,3,35200
7546,3076,239,1,43700
7547,3076,217,1,114000
7548,3077,234,1,10200
7549,3077,133,2,159600
7550,3077,182,2,187200
7551,3078,176,1,23800
7552,3078,171,1,102000
7553,3079,276,1,13300
7554,3079,111,1,130500
7555,3080,69,1,6000
7556,3081,160,3,126000
7557,3081,127,5,127300
7558,3082,138,2,109200
7559,3083,204,1,6000
7560,3084,248,2,105000
7561,3084,271,3,91800
7562,3085,120,3,127300
7563,3085,26,2,10200
7564,3085,53,1,30400
7565,3086,103,2,31400
7566,3087,35,1,54400
7567,3088,235,1,21000
7568,3088,167,1,135200
7569,3089,287,1,58600
7570,3090,36,1,34000
7571,3090,228,1,123500
7572,3091,206,1,30000
7573,3092,138,3,97800
7574,3092,251,1,200400
7575,3092,171,1,86700
7576,3092,183,1,123000
7577,3093,75,1,65000
7578,3093,70,2,126900
7579,3094,192,3,362000
7580,3094,205,5,23800
7581,3094,271,1,97200
7582,3094,178,1,8000
7583,3094,126,1,13000
7584,3095,217,2,102000
7585,3096,11,3,125000
7586,3097,61,1,30600
7587,3098,173,1,148000
7588,3098,198,1,20700
7589,3099,95,2,70300
7590,3100,213,2,133000
7591,3100,271,1,108000
7592,3101,229,2,36000
7593,3101,165,1,4800
7594,3102,120,2,127300
7595,3102,226,1,23800
7596,3102,111,1,130500
7597,3103,256,1,16200
7598,3103,271,2,102600
7599,3103,49,2,15300
7600,3103,157,1,113400
7601,3103,190,1,66000
7602,3104,144,2,33200
7603,3104,12,1,140800
7604,3104,141,1,54400
7605,3105,20,1,74700
7606,3105,286,1,9900
7607,3106,35,1,60800
7608,3106,55,1,19600
7609,3107,158,1,35200
7610,3108,41,1,37000
7611,3109,19,1,51000
7612,3109,269,1,26100
7613,3109,247,2,55000
7614,3110,10,2,106200
7615,3111,25,1,25000
7616,3111,103,1,37000
7617,3112,81,1,25000
7618,3112,194,1,80800
7619,3112,34,1,87000
7620,3112,114,2,43700
7621,3113,287,3,62100
7622,3113,231,3,179400
7623,3114,1,1,68000
7624,3114,193,3,25200
7625,3115,242,2,253000
7626,3116,30,1,36100
7627,3117,91,1,66500
7628,3117,101,1,85600
7629,3118,96,1,25500
7630,3118,93,1,176000
7631,3119,1,1,57800
7632,3119,203,1,107000
7633,3119,284,1,51800
7634,3120,72,2,126000
7635,3120,248,1,99800
7636,3120,111,1,137800
7637,3121,236,1,31000
7638,3122,106,1,29800
7639,3123,16,3,17100
7640,3123,193,1,26600
7641,3123,124,1,22400
7642,3123,183,1,123000
7643,3124,23,1,86400
7644,3125,267,1,67500
7645,3125,43,1,152200
7646,3125,142,2,203000
7647,3126,204,2,6600
7648,3126,45,1,54000
7649,3127,293,1,108800
7650,3127,255,3,14200
7651,3128,165,2,5000
7652,3129,256,3,17100
7653,3129,220,1,71000
7654,3130,184,1,38000
7655,3131,89,1,43700
7656,3131,101,4,101600
7657,3132,29,4,17000
7658,3132,125,2,45000
7659,3133,215,1,64000
7660,3133,23,3,91000
7661,3134,288,1,64600
7662,3134,13,4,88000
7663,3135,257,1,134000
7664,3135,194,1,76500
7665,3135,1,1,61200
7666,3135,135,1,54000
7667,3135,186,3,39900
7668,3135,30,1,38000
7669,3136,47,3,16000
7670,3137,4,1,40800
7671,3138,1,3,68000
7672,3138,134,1,24000
7673,3138,33,1,31400
7674,3139,221,1,30000
7675,3140,128,1,74000
7676,3140,295,1,43400
7677,3140,170,1,109000
7678,3140,234,2,12000
7679,3140,147,5,89100
7680,3141,66,3,30000
7681,3142,131,1,73800
7682,3143,290,2,23800
7683,3143,92,1,146400
7684,3144,185,1,5400
7685,3145,300,2,118000
7686,3145,62,2,273000
7687,3145,175,2,44000
7688,3146,184,1,36000
7689,3146,16,2,18000
7690,3147,203,1,107000
7691,3147,277,1,75600
7692,3148,224,1,82800
7693,3148,186,1,35700
7694,3149,65,4,43400
7695,3149,186,3,37800
7696,3149,225,1,4500
7697,3150,101,1,107000
7698,3151,217,1,102000
7699,3151,275,2,65600
7700,3151,173,1,140600
7701,3152,52,2,327600
7702,3152,93,1,167200
7703,3153,75,1,65000
7704,3153,212,2,307000
7705,3153,205,2,28000
7706,3154,75,1,65000
7707,3154,20,1,74700
7708,3155,16,2,16200
7709,3155,90,1,110200
7710,3155,44,2,11700
7711,3155,213,5,126400
7712,3156,43,2,152200
7713,3156,253,1,19600
7714,3157,64,1,54000
7715,3157,294,1,16200
7716,3157,140,1,37000
7717,3157,23,1,91000
7718,3157,222,1,159600
7719,3158,191,2,93000
7720,3159,37,1,22500
7721,3159,134,1,24000
7722,3160,67,1,76000
7723,3161,152,3,166200
7724,3161,73,1,80000
7725,3161,193,1,26600
7726,3162,75,1,58500
7727,3162,249,3,39000
7728,3162,2,2,163000
7729,3162,145,1,30400
7730,3163,56,1,17000
7731,3163,279,1,23800
7732,3164,163,1,121600
7733,3165,50,1,53100
7734,3165,269,2,26100
7735,3165,198,2,20700
7736,3166,151,2,26400
7737,3166,36,1,28900
7738,3166,271,2,91800
7739,3167,249,1,41000
7740,3167,190,3,66000
7741,3167,105,1,38700
7742,3168,170,1,98100
7743,3168,89,2,36800
7744,3168,114,1,36800
7745,3169,151,1,29700
7746,3170,112,1,250000
7747,3170,196,2,21600
7748,3171,259,1,7600
7749,3171,260,2,43000
7750,3171,230,5,84600
7751,3172,220,1,67400
7752,3173,284,1,51800
7753,3174,204,4,7000
7754,3175,195,3,42800
7755,3175,15,1,69400
7756,3176,94,1,69000
7757,3176,295,1,43400
7758,3177,174,1,55000
7759,3177,272,1,338000
7760,3177,210,1,87600
7761,3177,185,4,5400
7762,3177,219,2,35000
7763,3178,67,2,76000
7764,3179,185,1,5400
7765,3179,261,1,43200
7766,3179,273,2,156600
7767,3180,75,2,61800
7768,3180,187,1,93000
7769,3181,272,4,287300
7770,3181,42,1,162400
7771,3182,217,1,114000
7772,3183,200,1,106200
7773,3183,244,1,48000
7774,3183,199,1,9900
7775,3184,38,1,115000
7776,3184,198,3,19600
7777,3184,136,1,28800
7778,3184,73,2,72000
7779,3184,78,1,55800
7780,3185,152,2,175000
7781,3186,57,1,19800
7782,3186,213,1,119700
7783,3187,66,1,27000
7784,3188,85,3,10000
7785,3189,221,1,28500
7786,3190,81,1,25000
7787,3190,183,3,116800
7788,3190,167,1,151000
7789,3191,248,1,94500
7790,3191,201,5,69300
7791,3191,68,1,104000
7792,3192,48,1,58000
7793,3192,57,1,22000
7794,3192,156,1,33200
7795,3193,80,2,106000
7796,3193,275,4,55200
7797,3194,73,1,80000
7798,3194,291,1,238000
7799,3194,29,3,17000
7800,3195,97,1,93000
7801,3195,127,1,134000
7802,3196,75,1,65000
7803,3196,173,1,148000
7804,3196,70,1,134000
7805,3197,176,1,23800
7806,3197,179,1,17000
7807,3198,138,2,97800
7808,3198,53,1,25600
7809,3199,34,4,78300
7810,3199,182,1,210600
7811,3200,100,1,45000
7812,3200,165,1,4800
7813,3201,237,1,27000
7814,3201,6,2,38000
7815,3202,161,2,163400
7816,3202,292,1,249900
7817,3202,4,1,43000
7818,3202,6,1,40000
7819,3203,93,1,158400
7820,3203,174,3,52200
7821,3204,159,1,16800
7822,3205,105,1,38700
7823,3206,258,1,106000
7824,3207,264,1,68400
7825,3207,10,1,112100
7826,3207,37,1,25000
7827,3207,79,3,26100
7828,3208,72,2,126000
7829,3208,74,1,70200
7830,3208,174,2,52200
7831,3209,198,2,20700
7832,3210,16,1,18000
7833,3210,50,1,59000
7834,3211,81,2,25000
7835,3211,263,1,59800
7836,3211,231,1,189900
7837,3212,184,1,34000
7838,3212,154,1,67000
7839,3212,290,4,20000
7840,3212,94,3,69000
7841,3213,300,1,112100
7842,3213,14,1,41600
7843,3214,256,1,19000
7844,3214,227,1,61600
7845,3215,272,2,270400
7846,3215,204,1,6300
7847,3215,96,1,30000
7848,3216,136,1,36000
7849,3217,240,1,108900
7850,3217,289,1,35100
7851,3218,245,1,64600
7852,3219,240,1,121000
7853,3219,297,1,31400
7854,3219,175,1,41800
7855,3220,281,2,178600
7856,3220,294,1,19000
7857,3220,278,1,53000
7858,3221,264,2,61200
7859,3221,225,3,4500
7860,3221,162,4,157000
7861,3222,115,3,64000
7862,3222,15,1,73000
7863,3223,109,1,8000
7864,3224,212,2,276300
7865,3224,118,2,33000
7866,3224,87,2,69000
7867,3225,290,1,21200
7868,3225,181,1,57000
7869,3225,214,1,51200
7870,3226,153,1,164000
7871,3226,114,2,46000
7872,3226,20,1,74700
7873,3226,287,2,65600
7874,3227,291,1,214200
7875,3227,40,2,80000
7876,3227,22,2,210000
7877,3227,120,2,127300
7878,3227,92,2,164700
7879,3228,65,1,40800
7880,3228,90,2,116000
7881,3228,172,1,295200
7882,3229,3,2,17600
7883,3229,109,1,10000
7884,3229,262,1,106000
7885,3230,128,1,74000
7886,3230,258,1,100700
7887,3230,103,1,37000
7888,3230,169,1,39600
7889,3230,26,1,10800
7890,3231,265,1,27600
7891,3231,165,1,5000
7892,3232,114,2,46000
7893,3233,35,1,60800
7894,3233,166,1,27000
7895,3233,180,1,51300
7896,3233,244,4,43200
7897,3233,222,1,168000
7898,3233,63,1,95400
7899,3234,184,2,40000
7900,3234,73,1,80000
7901,3234,265,2,29000
7902,3234,287,1,65600
7903,3235,195,2,45000
7904,3235,166,1,25500
7905,3236,267,1,75000
7906,3237,58,4,7600
7907,3238,220,2,71000
7908,3239,200,4,112500
7909,3239,47,1,12800
7910,3239,80,3,100700
7911,3239,148,1,31500
7912,3239,222,2,134400
7913,3240,272,1,338000
7914,3240,215,1,60800
7915,3241,274,2,83300
7916,3241,165,2,5000
7917,3242,273,1,165300
7918,3242,251,1,200400
7919,3242,132,1,22500
7920,3242,182,1,187200
7921,3243,91,1,66500
7922,3243,167,3,143100
7923,3244,91,1,70000
7924,3244,243,3,138600
7925,3245,26,2,12000
7926,3245,163,1,143000
7927,3245,204,1,5600
7928,3246,296,2,22000
7929,3246,244,1,48000
7930,3246,85,3,9500
7931,3247,205,1,26600
7932,3247,198,1,19600
7933,3248,91,2,63000
7934,3249,227,1,73200
7935,3249,284,1,61000
7936,3249,111,1,145000
7937,3249,95,3,62900
7938,3250,2,2,163000
7939,3250,292,2,294000
7940,3250,41,1,33300
7941,3250,42,1,153900
7942,3250,177,1,120000
7943,3250,19,1,43400
7944,3251,243,1,163000
7945,3252,145,3,32000
7946,3253,63,1,100700
7947,3253,295,1,48400
7948,3254,12,1,167200
7949,3254,261,1,48000
7950,3255,207,1,49400
7951,3255,79,1,24600
7952,3255,31,1,39100
7953,3256,241,1,137700
7954,3257,219,1,35000
7955,3257,191,1,83700
7956,3258,209,1,3600
7957,3258,98,1,107000
7958,3258,18,1,84200
7959,3258,141,1,60800
7960,3259,123,1,132000
7961,3259,94,3,65600
7962,3260,263,3,56700
7963,3261,90,2,116000
7964,3261,100,1,38200
7965,3261,190,5,59400
7966,3262,12,1,149600
7967,3263,273,1,174000
7968,3263,182,2,222300
7969,3264,52,1,364000
7970,3265,144,2,35100
7971,3265,113,1,55200
7972,3266,205,2,28000
7973,3266,253,2,18400
7974,3266,230,5,84600
7975,3267,271,2,102600
7976,3268,109,1,9000
7977,3269,105,1,34400
7978,3270,257,1,113900
7979,3270,127,2,127300
7980,3271,135,2,54000
7981,3272,123,1,125400
7982,3272,5,2,58000
7983,3272,126,2,13000
7984,3272,173,1,140600
7985,3273,128,1,70300
7986,3273,209,2,3800
7987,3273,253,3,19600
7988,3274,221,1,28500
7989,3274,76,1,13000
7990,3274,189,3,27900
7991,3274,54,1,34000
7992,3275,28,1,91800
7993,3276,144,1,37000
7994,3276,122,1,57000
7995,3276,75,4,65000
7996,3276,29,1,16200
7997,3277,218,1,32000
7998,3277,287,1,65600
7999,3278,96,1,30000
8000,3278,101,1,96300
8001,3278,200,1,125000
8002,3278,81,1,22500
8003,3278,249,1,41000
8004,3279,153,1,147600
8005,3279,132,1,21200
8006,3280,73,1,80000
8007,3281,168,1,20000
8008,3281,124,1,28000
8009,3281,191,1,83700
8010,3282,163,2,143000
8011,3282,101,1,101600
8012,3282,262,1,90100
8013,3282,39,1,55000
8014,3282,41,2,35200
8015,3282,158,1,35200
8016,3283,245,1,64600
8017,3283,155,1,40000
8018,3283,125,1,45000
8019,3284,232,1,171000
8020,3284,204,2,7000
8021,3284,241,2,153000
8022,3284,23,1,91000
8023,3284,152,1,148800
8024,3285,93,1,176000
8025,3285,126,1,11000
8026,3285,287,1,65600
8027,3286,73,1,76000
8028,3286,279,1,21200
8029,3287,121,5,16200
8030,3287,181,3,54200
8031,3288,22,1,199500
8032,3288,15,1,69400
8033,3289,104,1,21200
8034,3289,75,1,58500
8035,3289,115,1,64000
8036,3289,244,1,48000
8037,3290,33,1,26400
8038,3291,82,1,208000
8039,3291,15,1,73000
8040,3291,292,1,279300
8041,3291,207,1,49400
8042,3292,81,1,25000
8043,3292,59,1,38000
8044,3292,93,2,176000
8045,3292,54,1,30600
8046,3293,22,2,210000
8047,3294,225,1,4500
8048,3294,162,1,149200
8049,3295,23,3,91000
8050,3296,147,1,79200
8051,3296,227,1,61600
8052,3296,127,1,127300
8053,3297,64,1,43200
8054,3297,137,5,74000
8055,3297,205,1,25200
8056,3297,177,2,120000
8057,3297,213,1,133000
8058,3297,31,1,36800
8059,3298,43,1,152200
8060,3298,225,1,5000
8061,3298,259,1,8000
8062,3298,61,2,34000
8063,3299,36,2,27200
8064,3299,268,1,79200
8065,3299,141,3,51200
8066,3299,92,1,183000
8067,3300,267,5,67500
8068,3301,2,1,154800
8069,3301,227,5,77000
8070,3301,142,2,172600
8071,3301,116,1,14400
8072,3301,253,2,20700
8073,3302,205,1,28000
8074,3302,245,1,61200
8075,3302,246,4,16000
8076,3302,23,1,81900
8077,3303,62,1,259400
8078,3303,14,3,44100
8079,3304,111,3,123200
8080,3305,216,1,13600
8081,3305,211,1,67000
8082,3306,160,2,112000
8083,3306,150,1,32400
8084,3306,247,1,49500
8085,3307,66,1,30000
8086,3307,181,2,51300
8087,3307,230,2,84600
8088,3308,205,2,28000
8089,3308,254,1,53000
8090,3309,265,1,29000
8091,3310,104,5,25000
8092,3310,199,3,9400
8093,3311,217,2,108000
8094,3311,20,1,78800
8095,3312,144,5,37000
8096,3312,224,2,92000
8097,3312,215,2,51200
8098,3313,233,4,15200
8099,3313,223,2,100000
8100,3314,192,2,343900
8101,3315,164,2,20000
8102,3315,151,1,29700
8103,3316,165,1,5000
8104,3316,102,1,268800
8105,3316,203,2,96300
8106,3316,44,1,13000
8107,3316,112,1,250000
8108,3316,180,1,51300
8109,3317,72,2,140000
8110,3318,200,1,125000
8111,3318,26,1,11400
8112,3318,115,1,60800
8113,3318,182,3,234000
8114,3319,272,1,321100
8115,3319,176,1,26600
8116,3320,176,1,28000
8117,3320,86,2,19800
8118,3321,147,2,94000
8119,3321,5,4,58000
8120,3321,135,5,48600
8121,3322,192,1,325800
8122,3322,12,1,158400
8123,3323,113,1,58500
8124,3324,144,1,37000
8125,3324,159,4,20000
8126,3325,2,1,154800
8127,3325,103,1,37000
8128,3325,183,2,123000
8129,3325,25,2,22500
8130,3325,155,1,38000
8131,3326,31,2,39100
8132,3327,204,2,6600
8133,3328,29,2,17000
8134,3328,158,1,33300
8135,3329,178,1,7600
8136,3329,139,2,41800
8137,3329,155,1,38000
8138,3330,72,4,126000
8139,3330,211,1,60300
8140,3331,278,1,47700
8141,3332,183,1,123000
8142,3333,180,2,54000
8143,3333,237,2,25600
8144,3334,129,1,27000
8145,3335,274,1,98000
8146,3335,203,1,107000
8147,3336,26,2,12000
8148,3337,112,1,237500
8149,3337,137,1,78300
8150,3337,285,1,19000
8151,3337,149,3,24300
8152,3338,264,1,68400
8153,3338,91,1,70000
8154,3338,54,1,27200
8155,3339,25,2,22500
8156,3339,194,1,72200
8157,3339,99,2,21200
8158,3339,251,1,200400
8159,3340,55,1,23000
8160,3340,69,1,5700
8161,3340,294,1,17100
8162,3340,254,1,47700
8163,3341,33,1,26400
8164,3341,298,2,22400
8165,3341,94,2,58600
8166,3342,52,1,345800
8167,3342,197,1,124400
8168,3342,175,1,44000
8169,3343,99,2,22500
8170,3343,205,1,26600
8171,3344,91,1,70000
8172,3344,181,1,54200
8173,3345,225,1,4500
8174,3345,171,3,96900
8175,3346,44,1,12400
8176,3347,257,1,113900
8177,3347,4,1,38700
8178,3347,295,1,51000
8179,3347,42,1,162400
8180,3347,61,1,34000
8181,3348,135,2,54000
8182,3349,256,2,19000
8183,3349,221,3,28500
8184,3350,274,2,83300
8185,3350,134,3,21600
8186,3350,31,4,46000
8187,3351,218,1,28800
8188,3351,50,2,59000
8189,3351,85,1,8500
8190,3352,193,4,28000
8191,3353,96,1,27000
8192,3353,141,1,54400
8193,3353,62,3,273000
8194,3354,129,2,24300
8195,3354,137,3,78300
8196,3354,28,2,102600
8197,3354,103,3,37000
8198,3355,284,1,61000
8199,3355,109,2,9000
8200,3355,295,2,45900
8201,3356,210,1,87600
8202,3357,106,1,31500
8203,3357,21,1,76000
8204,3357,114,1,43700
8205,3357,143,1,99000
8206,3358,45,2,51300
8207,3359,256,1,18000
8208,3359,2,1,154800
8209,3359,268,1,83600
8210,3359,231,1,179400
8211,3360,185,1,6000
8212,3360,276,2,11900
8213,3361,224,3,73600
8214,3361,100,1,45000
8215,3361,104,1,23800
8216,3361,50,1,53100
8217,3361,87,1,65600
8218,3362,65,1,43400
8219,3363,14,3,49000
8220,3364,271,1,108000
8221,3365,288,1,68400
8222,3365,50,1,47200
8223,3365,95,2,66600
8224,3366,246,1,14400
8225,3367,276,1,11900
8226,3367,244,1,48000
8227,3368,241,2,153000
8228,3368,46,3,17100
8229,3369,288,1,72200
8230,3369,9,1,52200
8231,3370,48,1,54900
8232,3370,253,1,20700
8233,3370,181,1,57000
8234,3371,154,5,67000
8235,3371,59,1,38000
8236,3371,263,1,53600
8237,3372,288,1,72200
8238,3372,105,1,43000
8239,3372,29,1,16200
8240,3373,164,1,18000
8241,3373,187,1,74400
8242,3373,124,1,28000
8243,3374,43,2,152200
8244,3375,240,1,115000
8245,3375,169,2,39600
8246,3375,48,2,58000
8247,3376,35,1,57600
8248,3376,269,1,29000
8249,3376,94,1,65600
8250,3376,223,1,100000
8251,3377,212,1,291600
8252,3378,160,5,133000
8253,3378,289,2,37000
8254,3378,259,1,7200
8255,3378,205,2,28000
8256,3378,61,2,34000
8257,3379,288,1,68400
8258,3379,4,1,43000
8259,3379,199,1,11000
8260,3379,82,1,187200
8261,3379,279,1,25000
8262,3379,157,3,126000
8263,3380,127,1,134000
8264,3381,176,1,23800
8265,3381,213,1,119700
8266,3382,286,3,10400
8267,3383,156,3,35100
8268,3384,112,2,237500
8269,3384,283,1,131100
8270,3384,190,3,52800
8271,3385,269,3,29000
8272,3385,78,1,58900
8273,3386,33,2,26400
8274,3387,88,1,100000
8275,3387,159,1,21000
8276,3388,57,1,18700
8277,3388,174,1,55000
8278,3389,205,1,28000
8279,3389,45,1,54000
8280,3389,110,2,122400
8281,3389,173,1,133200
8282,3389,284,1,54900
8283,3389,61,1,32300
8284,3390,25,3,21200
8285,3391,218,1,28800
8286,3391,242,2,240400
8287,3391,231,1,200400
8288,3392,49,2,15300
8289,3392,262,2,100700
8290,3393,115,2,51200
8291,3394,215,1,60800
8292,3395,47,1,16000
8293,3396,101,2,107000
8294,3397,161,1,146200
8295,3397,273,1,174000
8296,3397,118,1,31400
8297,3397,125,1,40500
8298,3397,62,1,218400
8299,3398,114,2,46000
8300,3398,231,3,179400
8301,3399,171,2,102000
8302,3399,28,3,102600
8303,3399,253,2,18400
8304,3400,193,2,28000
8305,3400,18,3,99000
8306,3400,284,3,48800
8307,3401,184,2,40000
8308,3401,154,1,67000
8309,3401,54,1,34000
8310,3401,295,2,45900
8311,3402,234,1,9600
8312,3402,298,2,22400
8313,3403,128,3,62900
8314,3403,60,2,88000
8315,3403,157,3,126000
8316,3404,122,1,57000
8317,3404,124,3,25200
8318,3405,256,1,17100
8319,3405,101,2,96300
8320,3406,297,1,33300
8321,3406,131,1,82000
8322,3407,178,1,8000
8323,3407,143,1,89100
8324,3408,3,1,17600
8325,3408,108,1,80000
8326,3408,18,2,89100
8327,3408,91,2,63000
8328,3408,284,1,61000
8329,3409,102,1,240600
8330,3409,237,1,27000
8331,3409,213,1,113000
8332,3409,118,1,31400
8333,3409,278,1,53000
8334,3410,288,1,64600
8335,3410,9,2,55000
8336,3411,92,1,183000
8337,3411,278,1,45000
8338,3411,30,2,30400
8339,3411,14,1,44100
8340,3412,41,1,35200
8341,3412,131,3,82000
8342,3413,195,2,45000
8343,3414,219,2,35000
8344,3414,103,1,37000
8345,3415,211,1,67000
8346,3415,165,2,4500
8347,3415,183,2,116800
8348,3416,73,1,64000
8349,3417,45,3,48600
8350,3418,212,3,261000
8351,3419,80,1,106000
8352,3420,145,5,30400
8353,3420,67,1,80000
8354,3420,54,4,32300
8355,3421,294,3,16200
8356,3421,215,1,64000
8357,3422,208,2,76000
8358,3422,197,2,111400
8359,3423,193,1,28000
8360,3423,259,1,7200
8361,3423,146,1,26400
8362,3423,22,1,189000
8363,3423,123,2,118800
8364,3423,255,1,15000
8365,3424,146,2,27900
8366,3424,243,4,146700
8367,3424,260,1,38700
8368,3425,96,1,27000
8369,3425,193,3,25200
8370,3425,68,2,104000
8371,3425,72,4,126000
8372,3425,170,1,103600
8373,3426,64,1,54000
8374,3426,282,2,352400
8375,3427,25,1,25000
8376,3427,2,1,163000
8377,3427,11,4,125000
8378,3428,209,1,3600
8379,3428,281,3,188000
8380,3428,31,3,39100
8381,3429,66,2,28500
8382,3429,174,1,49500
8383,3429,286,1,11000
8384,3430,244,2,48000
8385,3430,190,3,66000
8386,3430,263,1,63000
8387,3431,107,1,102600
8388,3431,148,1,33200
8389,3432,170,2,98100
8390,3432,218,1,30400
8391,3432,124,1,28000
8392,3433,237,3,25600
8393,3434,293,1,122400
8394,3434,125,3,40500
8395,3435,257,1,134000
8396,3435,130,2,141600
8397,3436,215,5,57600
8398,3436,91,1,63000
8399,3436,101,1,101600
8400,3436,173,1,125800
8401,3437,37,2,23800
8402,3438,145,1,28800
8403,3438,47,5,12800
8404,3439,46,1,17100
8405,3440,275,1,69000
8406,3440,52,1,327600
8407,3441,276,1,11200
8408,3441,45,3,54000
8409,3442,88,2,106200
8410,3442,115,1,57600
8411,3442,61,2,28900
8412,3442,174,2,46800
8413,3443,168,1,20000
8414,3443,20,1,83000
8415,3444,264,2,68400
8416,3444,83,2,140400
8417,3444,181,2,57000
8418,3445,47,1,13600
8419,3446,51,4,109600
8420,3446,189,3,27900
8421,3446,255,1,15000
8422,3447,261,2,45600
8423,3447,183,1,98400
8424,3448,297,1,35200
8425,3448,42,3,153900
8426,3448,75,2,65000
8427,3448,188,1,29700
8428,3449,248,3,99800
8429,3449,251,1,189900
8430,3449,262,2,84800
8431,3449,143,1,94000
8432,3450,83,2,156000
8433,3450,300,2,106200
8434,3450,119,1,13300
8435,3451,280,1,115900
8436,3451,233,2,17100
8437,3452,1,2,57800
8438,3453,201,1,69300
8439,3453,203,2,107000
8440,3453,164,2,20000
8441,3453,231,2,179400
8442,3454,226,1,23800
8443,3455,15,2,73000
8444,3456,25,2,22500
8445,3457,186,1,42000
8446,3458,35,1,60800
8447,3458,166,1,27000
8448,3459,100,2,45000
8449,3459,46,1,17100
8450,3460,61,1,34000
8451,3461,146,1,26400
8452,3461,282,1,315400
8453,3461,229,1,36000
8454,3461,103,1,35200
8455,3462,20,3,74700
8456,3463,121,1,16200
8457,3464,226,1,23800
8458,3464,54,2,28900
8459,3465,186,1,39900
8460,3465,123,3,132000
8461,3466,14,2,46600
8462,3467,274,1,93100
8463,3467,234,1,10200
8464,3467,63,2,106000
8465,3467,146,1,31000
8466,3468,200,1,125000
8467,3468,253,1,21800
8468,3469,144,1,39000
8469,3469,137,1,87000
8470,3469,87,2,69000
8471,3469,55,2,20700
8472,3470,290,3,23800
8473,3470,45,1,48600
8474,3471,18,2,99000
8475,3471,84,1,89300
8476,3472,54,1,28900
8477,3472,118,1,33000
8478,3473,200,5,118800
8479,3473,103,1,33300
8480,3474,251,1,189900
8481,3474,212,1,291600
8482,3474,71,2,120700
8483,3475,79,1,29000
8484,3475,274,2,93100
8485,3475,146,2,24800
8486,3475,217,1,96000
8487,3475,219,1,35000
8488,3476,16,1,14400
8489,3477,280,1,115900
8490,3477,287,3,65600
8491,3478,94,1,69000
8492,3478,143,2,94000
8493,3479,293,1,136000
8494,3479,87,3,65600
8495,3480,184,1,40000
8496,3480,290,2,22500
8497,3480,14,5,49000
8498,3481,264,1,64800
8499,3482,202,1,241000
8500,3482,14,1,41600
8501,3483,143,2,84200
8502,3483,7,1,103000
8503,3484,146,1,31000
8504,3484,111,1,137800
8505,3485,136,1,32400
8506,3485,161,5,154800
8507,3485,242,3,253000
8508,3485,292,1,294000
8509,3486,35,2,51200
8510,3486,28,2,86400
8511,3487,184,1,34000
8512,3487,11,1,118800
8513,3487,278,1,47700
8514,3488,154,2,67000
8515,3488,260,1,43000
8516,3489,300,1,118000
8517,3489,52,1,364000
8518,3490,155,1,36000
8519,3491,152,1,175000
8520,3491,49,2,17000
8521,3491,140,2,39000
8522,3492,192,1,325800
8523,3492,16,1,14400
8524,3493,272,2,338000
8525,3493,203,1,107000
8526,3493,292,2,264600
8527,3494,233,1,18000
8528,3494,61,2,30600
8529,3495,104,1,20000
8530,3496,128,1,62900
8531,3497,296,1,18700
8532,3497,105,1,40800
8533,3497,115,3,54400
8534,3497,123,2,125400
8535,3498,93,4,167200
8536,3499,8,1,121000
8537,3499,174,1,52200
8538,3500,91,1,59500
8539,3501,132,1,21200
8540,3502,106,3,35000
8541,3502,255,2,15000
8542,3502,95,1,74000
8543,3503,16,1,15300
8544,3504,160,1,140000
8545,3504,8,2,121000
8546,3504,221,1,27000
8547,3505,224,1,82800
8548,3505,165,1,4200
8549,3505,72,1,140000
8550,3505,141,1,64000
8551,3505,249,2,34800
8552,3506,223,2,100000
8553,3507,227,1,73200
8554,3508,146,1,31000
8555,3508,231,1,200400
8556,3509,121,1,18000
8557,3510,261,3,45600
8558,3510,87,2,58600
8559,3511,294,1,15200
8560,3512,112,2,225000
8561,3513,2,4,154800
8562,3513,260,1,43000
8563,3513,202,1,216900
8564,3513,140,1,33200
8565,3513,179,1,15300
8566,3513,255,4,13500
8567,3514,224,1,87400
8568,3514,163,3,143000
8569,3514,21,3,80000
8570,3515,83,1,140400
8571,3515,187,1,93000
8572,3516,168,1,21000
8573,3516,272,1,321100
8574,3517,65,2,48400
8575,3517,43,1,152200
8576,3517,167,1,159000
8577,3518,73,1,76000
8578,3518,145,5,30400
8579,3518,63,2,84800
8580,3519,248,1,94500
8581,3519,22,1,199500
8582,3520,26,1,12000
8583,3520,21,2,80000
8584,3520,30,1,38000
8585,3521,115,1,57600
8586,3522,292,1,294000
8587,3523,121,2,18000
8588,3523,107,2,108000
8589,3523,31,2,46000
8590,3524,116,1,13600
8591,3524,71,1,120700
8592,3525,166,1,30000
8593,3526,221,1,28500
8594,3527,64,1,45900
8595,3527,121,1,15300
8596,3527,131,1,65600
8597,3527,124,1,25200
8598,3528,192,1,362000
8599,3528,242,1,240400
8600,3528,271,3,102600
8601,3529,215,1,64000
8602,3530,132,1,23800
8603,3530,205,1,28000
8604,3531,121,2,18000
8605,3532,123,1,132000
8606,3532,62,1,273000
8607,3533,184,4,36000
8608,3533,112,1,212500
8609,3533,93,2,167200
8610,3534,281,1,178600
8611,3534,243,3,138600
8612,3534,204,1,6000
8613,3534,4,1,43000
8614,3535,160,1,126000
8615,3535,21,1,80000
8616,3535,87,1,69000
8617,3536,236,1,27900
8618,3536,214,3,64000
8619,3537,179,1,16200
8620,3538,90,1,110200
8621,3538,19,2,45900
8622,3539,179,2,13600
8623,3539,85,3,8500
8624,3539,243,2,154800
8625,3540,225,1,5000
8626,3540,151,1,31400
8627,3541,64,2,54000
8628,3541,80,2,106000
8629,3541,222,5,159600
8630,3541,79,1,27600
8631,3542,55,2,23000
8632,3543,155,2,38000
8633,3543,111,2,145000
8634,3544,178,4,8000
8635,3544,93,1,176000
8636,3545,296,1,22000
8637,3545,205,1,22400
8638,3545,190,1,52800
8639,3546,24,3,42500
8640,3546,287,1,62100
8641,3546,199,2,10400
8642,3547,112,1,250000
8643,3547,223,1,90000
8644,3548,3,2,22000
8645,3548,200,1,106200
8646,3548,48,2,54900
8647,3548,181,3,57000
8648,3548,152,1,166200
8649,3549,17,1,107000
8650,3549,122,1,57000
8651,3550,85,1,9500
8652,3551,1,1,68000
8653,3551,169,2,35200
8654,3551,42,2,145400
8655,3551,74,1,78000
8656,3551,126,1,12400
8657,3551,31,2,46000
8658,3552,187,2,83700
8659,3552,77,1,146000
8660,3552,183,1,116800
8661,3553,225,1,5000
8662,3553,12,1,158400
8663,3554,293,2,129200
8664,3554,187,2,79000
8665,3554,101,4,85600
8666,3555,32,4,186300
8667,3555,92,1,183000
8668,3556,131,1,82000
8669,3557,34,1,87000
8670,3557,101,1,107000
8671,3557,158,1,33300
8672,3558,145,1,27200
8673,3559,286,1,8800
8674,3560,290,1,25000
8675,3560,3,3,22000
8676,3561,128,1,74000
8677,3561,104,1,22500
8678,3561,111,4,145000
8679,3562,231,1,200400
8680,3562,174,1,55000
8681,3562,144,2,39000
8682,3562,83,1,140400
8683,3562,223,1,90000
8684,3563,260,2,43000
8685,3563,85,2,9000
8686,3563,270,1,87600
8687,3563,215,1,64000
8688,3564,119,4,14000
8689,3565,7,1,103000
8690,3566,194,1,85000
8691,3566,267,4,63800
8692,3566,268,2,88000
8693,3567,277,2,75600
8694,3567,260,1,43000
8695,3567,61,1,28900
8696,3568,140,1,33200
8697,3568,12,1,140800
8698,3569,127,2,107200
8699,3570,51,1,122600
8700,3570,222,1,151200
8701,3571,290,2,23800
8702,3572,156,1,39000
8703,3572,140,2,39000
8704,3572,71,1,142000
8705,3573,244,2,45600
8706,3573,21,2,68000
8707,3573,248,1,94500
8708,3573,281,4,188000
8709,3573,187,1,74400
8710,3574,223,1,95000
8711,3574,46,1,18000
8712,3574,79,1,27600
8713,3575,265,1,26100
8714,3575,13,1,83600
8715,3576,154,2,60300
8716,3576,142,1,203000
8717,3576,95,2,70300
8718,3577,81,1,23800
8719,3577,25,1,20000
8720,3577,29,1,17000
8721,3578,264,2,61200
8722,3578,73,1,80000
8723,3578,16,1,15300
8724,3578,113,3,65000
8725,3578,213,1,133000
8726,3578,86,1,19800
8727,3579,217,1,114000
8728,3579,149,1,25600
8729,3580,241,1,153000
8730,3580,186,3,33600
8731,3580,229,1,36000
8732,3580,138,2,92000
8733,3581,262,1,90100
8734,3581,136,1,32400
8735,3581,147,1,99000
8736,3581,86,1,17600
8737,3581,121,1,18000
8738,3582,284,1,58000
8739,3582,271,2,97200
8740,3583,144,1,37000
8741,3583,43,2,161100
8742,3583,187,1,93000
8743,3584,141,1,64000
8744,3584,207,2,46800
8745,3585,181,1,57000
8746,3586,121,1,17100
8747,3586,277,1,75600
8748,3587,232,2,162400
8749,3587,28,1,97200
8750,3587,241,1,153000
8751,3587,124,1,23800
8752,3587,30,1,32300
8753,3588,194,3,72200
8754,3588,131,1,73800
8755,3588,164,1,19000
8756,3588,281,2,178600
8757,3588,282,3,333900
8758,3588,253,1,21800
8759,3589,256,1,19000
8760,3589,115,1,57600
8761,3589,295,1,48400
8762,3590,14,1,44100
8763,3590,278,1,53000
8764,3591,176,2,26600
8765,3591,180,1,45900
8766,3591,236,5,26400
8767,3591,95,1,70300
8768,3592,160,2,140000
8769,3592,170,2,109000
8770,3593,145,3,27200
8771,3593,142,2,182700
8772,3594,46,1,17100
8773,3594,39,2,46800
8774,3595,241,2,122400
8775,3595,173,1,140600
8776,3595,175,1,37400
8777,3596,193,2,28000
8778,3597,24,1,47500
8779,3597,195,1,45000
8780,3597,85,1,9000
8781,3598,280,2,115900
8782,3598,123,1,118800
8783,3599,184,3,36000
8784,3600,281,2,178600
8785,3600,18,2,89100
8786,3600,182,2,234000
8787,3601,104,1,25000
8788,3601,290,2,21200
8789,3601,53,1,30400
8790,3602,184,2,40000
8791,3602,55,1,18400
8792,3603,274,1,88200
8793,3604,264,1,61200
8794,3604,103,1,37000
8795,3605,166,1,28500
8796,3606,280,5,115900
8797,3606,4,3,43000
8798,3606,293,3,122400
8799,3607,2,1,163000
8800,3607,37,3,22500
8801,3607,44,1,11700
8802,3607,47,1,14400
8803,3607,126,1,12400
8804,3608,116,1,16000
8805,3608,174,2,49500
8806,3609,245,1,68000
8807,3609,270,1,103000
8808,3609,271,3,102600
8809,3610,65,2,48400
8810,3610,18,1,99000
8811,3610,20,1,83000
8812,3610,246,2,15200
8813,3611,233,1,19000
8814,3612,27,1,34200
8815,3613,98,1,96300
8816,3613,123,1,132000
8817,3613,54,2,34000
8818,3613,143,1,99000
8819,3614,16,2,18000
8820,3614,75,3,55200
8821,3614,279,1,25000
8822,3615,144,4,37000
8823,3615,204,2,6600
8824,3616,115,1,64000
8825,3616,227,2,77000
8826,3617,241,1,153000
8827,3617,45,2,54000
8828,3618,288,3,72200
8829,3618,26,1,12000
8830,3618,181,1,54200
8831,3619,217,4,102000
8832,3619,26,1,10200
8833,3620,296,2,19800
8834,3620,181,1,45600
8835,3620,263,2,59800
8836,3621,195,1,38200
8837,3622,117,2,75200
8838,3623,115,1,64000
8839,3623,155,1,34000
8840,3623,253,1,21800
8841,3623,247,2,55000
8842,3624,288,1,76000
8843,3624,171,1,86700
8844,3624,215,4,64000
8845,3624,184,1,38000
8846,3624,153,1,147600
8847,3625,39,1,46800
8848,3626,111,2,145000
8849,3627,73,1,68000
8850,3628,271,1,108000
8851,3629,208,1,76000
8852,3629,25,2,22500
8853,3629,181,1,57000
8854,3630,180,1,43200
8855,3630,268,2,88000
8856,3630,277,1,84000
8857,3631,82,1,197600
8858,3632,69,1,4800
8859,3632,255,1,15000
8860,3633,290,1,25000
8861,3633,181,1,57000
8862,3634,104,1,23800
8863,3634,60,2,74800
8864,3634,52,1,345800
8865,3635,145,3,32000
8866,3635,11,1,106200
8867,3635,235,2,21000
8868,3636,17,1,101600
8869,3636,85,2,10000
8870,3637,192,1,325800
8871,3638,209,4,3800
8872,3638,107,1,102600
8873,3639,217,1,102000
8874,3639,71,1,120700
8875,3640,220,4,60400
8876,3640,148,1,35000
8877,3640,21,3,80000
8878,3641,161,2,172000
8879,3641,178,1,7200
8880,3641,171,3,102000
8881,3642,146,2,24800
8882,3642,172,1,295200
8883,3643,97,1,88400
8884,3643,115,1,64000
8885,3643,52,1,327600
8886,3643,119,1,13300
8887,3643,281,1,169200
8888,3643,59,2,38000
8889,3644,240,1,108900
8890,3644,241,2,130000
8891,3645,163,2,143000
8892,3645,151,1,26400
8893,3646,231,1,189900
8894,3647,234,1,10200
8895,3647,258,4,95400
8896,3647,268,1,88000
8897,3647,230,1,94000
8898,3648,152,1,157500
8899,3648,25,2,22500
8900,3649,5,2,52200
8901,3649,294,1,18000
8902,3650,45,4,54000
8903,3650,251,1,211000
8904,3650,60,1,79200
8905,3650,133,1,168000
8906,3651,300,1,106200
8907,3651,261,2,48000
8908,3651,262,1,95400
8909,3652,33,1,29700
8910,3652,291,3,202300
8911,3653,128,1,70300
8912,3653,33,1,29700
8913,3653,256,1,17100
8914,3653,123,3,125400
8915,3653,182,1,234000
8916,3653,59,1,36100
8917,3654,167,1,135200
8918,3655,240,1,121000
8919,3655,21,1,72000
8920,3655,151,1,29700
8921,3656,280,1,109800
8922,3656,44,1,11700
8923,3656,103,2,35200
8924,3657,292,1,279300
8925,3658,282,1,371000
8926,3659,214,1,54400
8927,3660,11,1,125000
8928,3660,287,1,69000
8929,3661,140,1,31200
8930,3661,63,4,106000
8931,3662,160,1,133000
8932,3662,233,2,16200
8933,3662,139,2,37400
8934,3662,204,1,6000
8935,3663,6,1,38000
8936,3663,264,1,64800
8937,3663,143,1,84200
8938,3663,186,3,39900
8939,3663,60,1,74800
8940,3663,31,1,43700
8941,3664,97,1,83700
8942,3665,88,1,106200
8943,3665,277,1,84000
8944,3666,209,2,3600
8945,3666,5,1,55100
8946,3667,64,1,48600
8947,3667,269,1,26100
8948,3667,71,1,142000
8949,3668,47,3,14400
8950,3669,188,4,31400
8951,3669,236,2,27900
8952,3669,84,1,94000
8953,3670,75,1,58500
8954,3671,76,3,11700
8955,3672,25,1,25000
8956,3672,250,3,111200
8957,3672,11,1,125000
8958,3672,213,1,106400
8959,3673,260,1,38700
8960,3673,46,2,16200
8961,3674,101,1,96300
8962,3675,206,2,30000
8963,3675,231,1,200400
8964,3676,289,1,39000
8965,3676,227,2,69300
8966,3677,171,3,91800
8967,3677,287,2,69000
8968,3678,11,1,125000
8969,3679,121,2,18000
8970,3679,271,5,97200
8971,3679,63,1,106000
8972,3680,192,1,362000
8973,3680,46,3,18000
8974,3681,10,1,106200
8975,3681,21,3,80000
8976,3681,86,3,20900
8977,3681,89,3,46000
8978,3681,254,1,53000
8979,3682,35,1,54400
8980,3682,180,1,43200
8981,3682,102,2,283000
8982,3683,256,1,18000
8983,3684,50,1,53100
8984,3684,91,1,70000
8985,3685,177,2,108000
8986,3685,1,1,61200
8987,3686,54,1,34000
8988,3687,205,2,28000
8989,3687,5,1,58000
8990,3687,263,4,63000
8991,3688,257,1,127300
8992,3688,253,2,18400
8993,3689,185,1,6000
8994,3689,217,3,120000
8995,3690,277,1,84000
8996,3691,29,1,13600
8997,3691,44,1,12400
8998,3691,109,2,9000
8999,3692,144,1,35100
9000,3692,152,1,157500
9001,3692,279,1,25000
9002,3693,263,1,63000
9003,3694,112,2,225000
9004,3694,101,1,107000
9005,3695,138,1,92000
9006,3695,23,3,86400
9007,3696,208,1,68400
9008,3697,96,1,27000
9009,3697,256,2,19000
9010,3697,233,2,18000
9011,3697,84,1,84600
9012,3697,89,1,41400
9013,3697,123,1,118800
9014,3698,294,1,17100
9015,3698,166,1,30000
9016,3699,34,2,87000
9017,3699,103,1,37000
9018,3700,41,4,37000
9019,3700,275,2,65600
9020,3700,225,1,4500
9021,3700,227,3,77000
9022,3701,190,2,62700
9023,3701,223,2,95000
9024,3702,56,1,20000
9025,3702,265,1,27600
9026,3702,120,5,134000
9027,3703,94,1,69000
9028,3703,91,1,59500
9029,3703,174,2,49500
9030,3704,202,4,241000
9031,3704,141,3,64000
9032,3705,39,4,52200
9033,3706,232,1,153900
9034,3706,75,1,55200
9035,3706,243,1,163000
9036,3706,179,1,13600
9037,3707,26,1,12000
9038,3708,226,1,26600
9039,3708,3,2,22000
9040,3709,171,4,81600
9041,3709,165,1,5000
9042,3710,137,1,74000
9043,3711,72,2,133000
9044,3711,65,3,45900
9045,3711,36,1,32300
9046,3712,117,2,84600
9047,3713,91,1,70000
9048,3713,246,1,12800
9049,3713,39,1,46800
9050,3714,59,1,36100
9051,3714,179,1,17000
9052,3714,157,1,113400
9053,3715,33,1,33000
9054,3715,29,1,16200
9055,3715,269,1,27600
9056,3715,119,1,13300
9057,3716,228,1,117000
9058,3717,33,1,31400
9059,3717,202,2,192800
9060,3717,20,5,78800
9061,3717,84,1,79900
9062,3717,182,1,234000
9063,3717,190,1,59400
9064,3718,64,1,51300
9065,3718,11,2,125000
9066,3718,20,2,74700
9067,3718,95,1,66600
9068,3719,27,1,30400
9069,3719,292,1,264600
9070,3720,231,1,211000
9071,3720,111,1,137800
9072,3721,176,3,22400
9073,3721,251,1,200400
9074,3721,215,2,51200
9075,3722,38,3,115000
9076,3723,160,1,126000
9077,3724,165,1,5000
9078,3725,201,3,61600
9079,3725,82,1,208000
9080,3726,176,1,28000
9081,3726,86,1,22000
9082,3727,210,4,87600
9083,3727,207,1,52000
9084,3728,112,1,237500
9085,3728,51,4,129000
9086,3728,279,2,21200
9087,3728,216,1,14400
9088,3729,46,2,16200
9089,3730,110,1,129200
9090,3730,215,1,60800
9091,3730,88,1,100000
9092,3730,25,2,23800
9093,3730,90,1,116000
9094,3731,144,3,39000
9095,3731,139,1,37400
9096,3731,53,1,28800
9097,3732,11,1,118800
9098,3732,139,1,44000
9099,3733,142,5,192800
9100,3734,41,1,35200
9101,3734,44,1,13000
9102,3735,211,1,67000
9103,3736,130,3,149000
9104,3736,70,1,119800
9105,3736,142,1,203000
9106,3736,181,1,57000
9107,3736,220,2,71000
9108,3736,125,1,40500
9109,3737,204,1,6600
9110,3738,146,2,26400
9111,3739,176,1,28000
9112,3739,138,1,103500
9113,3740,237,3,23000
9114,3740,21,2,64000
9115,3740,261,4,45600
9116,3740,207,4,46800
9117,3741,217,1,114000
9118,3741,163,1,114400
9119,3742,83,1,156000
9120,3742,119,2,11900
9121,3743,65,2,45900
9122,3743,291,1,238000
9123,3743,110,2,122400
9124,3744,48,1,58000
9125,3744,18,1,89100
9126,3744,263,1,53600
9127,3745,83,1,148200
9128,3745,124,3,26600
9129,3745,213,2,133000
9130,3746,264,1,64800
9131,3746,298,1,26600
9132,3747,18,1,94000
9133,3747,54,1,30600
9134,3748,234,1,12000
9135,3748,164,1,17000
9136,3748,78,3,49600
9137,3749,200,1,125000
9138,3749,193,1,22400
9139,3749,103,1,33300
9140,3750,74,1,74100
9141,3751,156,1,39000
9142,3751,181,3,51300
9143,3752,291,5,214200
9144,3752,137,1,87000
9145,3752,268,2,83600
9146,3752,273,3,156600
9147,3752,113,2,65000
9148,3752,25,4,25000
9149,3753,75,1,65000
9150,3753,155,3,36000
9151,3753,29,1,14400
9152,3753,270,1,103000
9153,3754,33,1,33000
9154,3754,181,1,48400
9155,3755,24,1,47500
9156,3755,179,1,15300
9157,3756,3,2,17600
9158,3756,92,2,183000
9159,3757,1,1,61200
9160,3757,155,2,40000
9161,3757,63,1,95400
9162,3758,236,3,31000
9163,3759,296,1,19800
9164,3759,198,5,23000
9165,3759,263,1,56700
9166,3760,248,4,105000
9167,3760,217,1,120000
9168,3760,295,1,51000
9169,3761,21,1,80000
9170,3761,109,5,8500
9171,3762,20,1,83000
9172,3763,235,1,20000
9173,3763,213,2,106400
9174,3763,246,1,16000
9175,3763,133,1,134400
9176,3764,112,3,250000
9177,3764,60,3,79200
9178,3765,144,1,35100
9179,3766,264,1,72000
9180,3766,25,1,25000
9181,3766,26,1,10800
9182,3766,254,1,45000
9183,3767,147,1,94000
9184,3767,78,3,55800
9185,3768,161,2,163400
9186,3769,131,1,82000
9187,3769,9,1,52200
9188,3769,300,1,112100
9189,3769,206,3,28500
9190,3769,144,1,35100
9191,3769,116,1,15200
9192,3770,85,1,10000
9193,3770,47,4,12800
9194,3771,76,1,12400
9195,3772,105,1,43000
9196,3772,275,2,65600
9197,3772,44,1,13000
9198,3772,201,1,77000
9199,3773,151,1,31400
9200,3774,168,1,21000
9201,3774,60,1,88000
9202,3775,281,1,150400
9203,3776,113,2,61800
9204,3777,257,1,127300
9205,3778,101,1,91000
9206,3779,127,1,134000
9207,3780,65,1,48400
9208,3780,102,1,268800
9209,3780,46,1,18000
9210,3780,181,1,54200
9211,3780,58,1,8600
9212,3781,249,3,41000
9213,3781,202,2,241000
9214,3781,76,3,10400
9215,3782,288,1,68400
9216,3782,163,1,143000
9217,3782,294,1,18000
9218,3782,181,1,48400
9219,3782,63,1,100700
9220,3783,235,3,18900
9221,3783,229,1,40500
9222,3783,183,1,110700
9223,3784,152,1,175000
9224,3784,201,1,69300
9225,3785,181,1,45600
9226,3785,62,1,273000
9227,3786,265,1,24600
9228,3787,256,1,15200
9229,3787,225,2,4800
9230,3787,186,1,37800
9231,3788,122,1,45600
9232,3788,84,1,89300
9233,3789,176,1,28000
9234,3789,241,1,153000
9235,3790,89,1,46000
9236,3790,60,2,74800
9237,3790,284,2,54900
9238,3791,136,2,32400
9239,3791,274,1,93100
9240,3792,120,2,120600
9241,3792,277,1,75600
9242,3793,151,2,29700
9243,3794,144,2,35100
9244,3795,195,1,36000
9245,3795,182,3,234000
9246,3796,147,2,99000
9247,3797,184,1,38000
9248,3797,59,1,34200
9249,3797,118,2,33000
9250,3798,288,2,68400
9251,3798,260,1,40800
9252,3798,12,1,176000
9253,3798,268,1,74800
9254,3799,163,1,143000
9255,3799,54,2,34000
9256,3800,198,2,20700
9257,3801,105,1,40800
9258,3801,92,2,183000
9259,3802,240,2,121000
9260,3802,298,2,25200
9261,3802,215,2,54400
9262,3803,72,1,140000
9263,3803,164,1,20000
9264,3803,157,1,113400
9265,3804,144,2,39000
9266,3804,181,2,57000
9267,3805,49,1,16200
9268,3805,201,1,73200
9269,3806,164,1,20000
9270,3806,206,1,28500
9271,3807,137,1,87000
9272,3807,74,1,78000
9273,3807,171,1,96900
9274,3807,147,3,89100
9275,3807,150,1,36000
9276,3807,28,1,102600
9277,3808,279,5,21200
9278,3809,153,1,139400
9279,3809,242,2,227700
9280,3809,269,1,24600
9281,3809,110,1,136000
9282,3810,264,1,72000
9283,3810,121,1,15300
9284,3810,287,1,58600
9285,3810,143,1,99000
9286,3811,89,1,43700
9287,3811,37,2,22500
9288,3811,15,2,65700
9289,3812,291,1,202300
9290,3812,46,1,18000
9291,3813,192,2,307700
9292,3813,293,2,129200
9293,3813,264,1,72000
9294,3813,75,2,61800
9295,3813,274,1,83300
9296,3813,283,1,138000
9297,3814,62,1,273000
9298,3814,142,3,172600
9299,3814,196,1,21600
9300,3814,206,1,25500
9301,3815,112,1,225000
9302,3815,173,3,133200
9303,3816,110,2,108800
9304,3817,122,2,57000
9305,3817,67,1,72000
9306,3818,152,1,166200
9307,3818,203,1,107000
9308,3819,252,1,297000
9309,3820,259,1,7200
9310,3820,163,1,143000
9311,3820,6,1,40000
9312,3820,231,2,200400
9313,3820,59,1,34200
9314,3821,245,1,68000
9315,3822,90,3,116000
9316,3823,264,1,72000
9317,3823,73,1,76000
9318,3823,154,1,60300
9319,3823,107,2,97200
9320,3824,23,1,86400
9321,3825,3,1,19800
9322,3825,4,1,43000
9323,3825,168,1,21000
9324,3825,300,1,106200
9325,3825,242,1,240400
9326,3825,29,1,17000
9327,3826,104,1,25000
9328,3826,131,1,82000
9329,3826,164,1,17000
9330,3826,79,1,26100
9331,3827,275,1,58600
9332,3827,43,1,170000
9333,3827,28,2,102600
9334,3828,234,1,11400
9335,3828,285,1,19000
9336,3828,207,1,46800
9337,3829,186,1,33600
9338,3829,83,1,132600
9339,3829,198,1,23000
9340,3829,294,1,15200
9341,3830,138,1,92000
9342,3830,262,1,95400
9343,3831,53,1,32000
9344,3831,149,1,25600
9345,3832,21,1,68000
9346,3833,98,1,101600
9347,3833,268,1,74800
9348,3833,118,1,29700
9349,3833,76,1,11000
9350,3834,245,1,64600
9351,3834,22,1,210000
9352,3835,232,3,171000
9353,3836,152,1,166200
9354,3836,194,1,85000
9355,3836,72,2,140000
9356,3836,261,1,48000
9357,3837,272,1,321100
9358,3838,56,2,16000
9359,3838,61,1,34000
9360,3838,143,2,94000
9361,3839,19,2,45900
9362,3840,15,3,69400
9363,3841,1,2,68000
9364,3841,53,1,32000
9365,3841,97,1,93000
9366,3842,105,1,40800
9367,3843,193,2,26600
9368,3843,110,1,122400
9369,3844,37,1,25000
9370,3845,90,3,116000
9371,3845,274,5,93100
9372,3845,221,1,30000
9373,3846,70,1,126900
9374,3846,226,1,28000
9375,3846,213,1,133000
9376,3846,54,1,30600
9377,3847,199,2,10400
9378,3847,205,1,28000
9379,3847,133,2,151200
9380,3847,255,2,15000
9381,3848,9,1,55000
9382,3848,124,1,26600
9383,3848,213,1,133000
9384,3848,254,5,47700
9385,3849,34,2,87000
9386,3849,108,1,72000
9387,3849,113,2,55200
9388,3849,183,1,116800
9389,3849,216,1,12800
9390,3849,93,2,149600
9391,3850,264,2,68400
9392,3850,225,1,4800
9393,3850,42,1,153900
9394,3850,101,1,96300
9395,3851,286,2,9900
9396,3852,274,4,93100
9397,3853,4,4,43000
9398,3853,265,2,29000
9399,3853,203,1,91000
9400,3853,276,1,11900
9401,3853,29,1,14400
9402,3854,204,1,6000
9403,3854,31,3,39100
9404,3854,231,1,211000
9405,3855,208,2,76000
9406,3855,164,3,18000
9407,3855,252,2,282200
9408,3856,81,1,22500
9409,3856,114,3,43700
9410,3857,73,3,68000
9411,3857,91,4,63000
9412,3857,7,1,97800
9413,3858,260,1,38700
9414,3858,274,1,98000
9415,3858,148,1,29800
9416,3858,245,3,68000
9417,3858,54,1,27200
9418,3859,194,2,72200
9419,3859,101,1,107000
9420,3859,77,1,131400
9421,3860,212,1,307000
9422,3860,230,1,94000
9423,3861,88,1,106200
9424,3861,13,1,74800
9425,3861,126,1,11000
9426,3862,184,1,36000
9427,3862,258,1,106000
9428,3862,284,1,58000
9429,3863,197,1,131000
9430,3864,193,1,26600
9431,3865,71,1,142000
9432,3865,7,1,103000
9433,3866,1,2,68000
9434,3866,2,3,163000
9435,3867,99,2,23800
9436,3867,111,2,130500
9437,3868,142,2,172600
9438,3868,191,1,93000
9439,3869,267,3,75000
9440,3869,5,2,58000
9441,3870,34,1,87000
9442,3870,291,2,238000
9443,3870,104,2,25000
9444,3870,141,1,57600
9445,3870,248,2,94500
9446,3870,89,1,46000
9447,3871,178,1,7200
9448,3871,210,2,92700
9449,3871,190,2,56100
9450,3871,175,2,39600
9451,3872,113,4,58500
9452,3872,141,1,64000
9453,3872,279,1,21200
9454,3873,115,1,60800
9455,3873,118,1,29700
9456,3873,55,1,23000
9457,3874,21,1,76000
9458,3875,51,1,122600
9459,3875,173,1,125800
9460,3875,6,1,40000
9461,3876,104,1,21200
9462,3876,36,4,30600
9463,3877,176,3,28000
9464,3877,226,2,28000
9465,3877,174,2,52200
9466,3878,179,1,17000
9467,3878,77,1,131400
9468,3878,133,3,159600
9469,3879,296,1,22000
9470,3879,237,3,25600
9471,3880,48,1,61000
9472,3880,165,1,4500
9473,3880,127,1,127300
9474,3881,160,3,140000
9475,3881,281,3,188000
9476,3881,61,1,30600
9477,3882,207,2,49400
9478,3883,162,2,149200
9479,3883,34,1,87000
9480,3883,102,1,254700
9481,3883,208,1,72200
9482,3883,177,1,120000
9483,3883,82,1,208000
9484,3884,246,4,13600
9485,3885,51,2,122600
9486,3885,108,2,68000
9487,3886,174,1,49500
9488,3886,278,1,53000
9489,3887,16,1,18000
9490,3887,156,2,33200
9491,3887,100,1,40500
9492,3888,271,1,97200
9493,3889,120,2,120600
9494,3890,234,1,12000
9495,3891,281,1,178600
9496,3891,137,1,69600
9497,3892,248,2,89200
9498,3892,65,1,51000
9499,3892,274,1,93100
9500,3893,167,1,143100
9501,3893,265,1,27600
9502,3893,235,1,21000
9503,3893,115,1,60800
9504,3893,120,1,120600
9505,3893,93,2,176000
9506,3894,56,2,19000
9507,3894,135,1,54000
9508,3895,130,2,134100
9509,3895,187,2,93000
9510,3896,264,1,72000
9511,3896,99,1,22500
9512,3896,86,2,19800
9513,3897,32,2,207000
9514,3898,147,1,89100
9515,3898,52,1,309400
9516,3899,54,2,27200
9517,3900,202,1,216900
9518,3900,44,1,12400
9519,3900,94,1,62100
9520,3901,29,2,16200
9521,3901,174,3,55000
9522,3902,165,4,4500
9523,3902,294,3,19000
9524,3903,184,1,38000
9525,3903,210,1,103000
9526,3903,59,2,36100
9527,3903,180,2,54000
9528,3904,257,2,127300
9529,3904,37,1,22500
9530,3904,293,1,122400
9531,3904,253,2,20700
9532,3905,165,1,4500
9533,3906,200,2,106200
9534,3906,155,3,40000
9535,3907,45,2,54000
9536,3908,33,1,33000
9537,3908,177,3,108000
9538,3908,20,1,74700
9539,3909,132,2,20000
9540,3910,155,2,38000
9541,3910,148,2,29800
9542,3910,30,4,30400
9543,3911,171,1,102000
9544,3911,133,1,151200
9545,3912,300,2,112100
9546,3913,27,1,38000
9547,3913,67,2,80000
9548,3914,171,2,102000
9549,3914,188,1,28000
9550,3915,264,1,72000
9551,3915,278,2,50400
9552,3916,104,1,25000
9553,3916,289,1,35100
9554,3917,83,2,148200
9555,3918,280,1,109800
9556,3918,105,1,43000
9557,3918,294,1,15200
9558,3919,153,2,155800
9559,3920,235,2,21000
9560,3920,203,1,85600
9561,3921,283,2,138000
9562,3921,22,1,189000
9563,3922,137,1,74000
9564,3922,235,1,21000
9565,3922,45,1,51300
9566,3923,280,1,122000
9567,3923,141,2,60800
9568,3923,183,1,110700
9569,3924,83,2,148200
9570,3924,2,1,163000
9571,3924,91,2,70000
9572,3925,92,1,183000
9573,3926,193,1,28000
9574,3926,109,5,9000
9575,3926,135,2,48600
9576,3927,226,2,26600
9577,3928,206,2,27000
9578,3929,56,2,18000
9579,3929,131,1,82000
9580,3929,29,1,17000
9581,3930,180,1,45900
9582,3931,296,1,19800
9583,3931,172,1,328000
9584,3931,103,1,37000
9585,3931,92,1,164700
9586,3932,109,1,8500
9587,3933,128,2,74000
9588,3933,72,1,112000
9589,3933,243,2,130400
9590,3933,25,1,21200
9591,3933,251,3,211000
9592,3934,253,2,19600
9593,3935,42,2,171000
9594,3936,123,2,125400
9595,3936,159,2,21000
9596,3937,225,3,5000
9597,3938,65,2,51000
9598,3939,130,1,149000
9599,3939,147,1,79200
9600,3939,188,5,33000
9601,3940,26,2,12000
9602,3940,31,1,39100
9603,3941,272,1,338000
9604,3941,235,1,17800
9605,3942,21,1,76000
9606,3942,46,5,14400
9607,3943,40,1,95000
9608,3944,203,1,101600
9609,3944,31,2,46000
9610,3945,177,2,120000
9611,3945,55,1,23000
9612,3945,151,2,33000
9613,3945,90,3,110200
9614,3945,223,2,95000
9615,3946,184,2,36000
9616,3947,75,1,61800
9617,3948,104,5,21200
9618,3948,121,1,18000
9619,3948,38,1,115000
9620,3949,13,1,74800
9621,3950,226,1,28000
9622,3950,42,1,153900
9623,3950,212,3,291600
9624,3950,247,1,55000
9625,3950,184,2,36000
9626,3950,92,1,155600
9627,3951,253,1,23000
9628,3951,215,2,51200
9629,3952,123,1,132000
9630,3953,206,4,27000
9631,3954,200,2,125000
9632,3954,300,2,112100
9633,3954,173,2,133200
9634,3955,151,5,29700
9635,3955,143,2,99000
9636,3956,215,1,64000
9637,3957,250,1,118200
9638,3958,41,2,33300
9639,3958,250,1,132000
9640,3958,225,2,5000
9641,3959,56,1,20000
9642,3959,91,2,70000
9643,3959,300,1,100300
9644,3960,17,1,96300
9645,3960,294,5,19000
9646,3961,283,1,124200
9647,3961,148,3,33200
9648,3961,246,2,13600
9649,3961,282,1,352400
9650,3961,155,1,40000
9651,3961,30,1,38000
9652,3962,75,1,65000
9653,3962,110,2,136000
9654,3963,32,2,186300
9655,3963,87,1,58600
9656,3963,287,2,69000
9657,3964,168,3,21000
9658,3964,45,1,45900
9659,3964,62,4,273000
9660,3965,226,1,23800
9661,3965,91,1,66500
9662,3966,241,1,122400
9663,3966,115,1,64000
9664,3966,116,2,14400
9665,3966,151,1,28000
9666,3967,234,1,12000
9667,3967,76,2,11700
9668,3967,236,1,29400
9669,3967,181,1,54200
9670,3967,125,1,45000
9671,3968,48,1,58000
9672,3968,215,1,51200
9673,3969,296,1,18700
9674,3969,138,1,103500
9675,3970,227,1,77000
9676,3971,115,2,57600
9677,3972,20,3,83000
9678,3972,150,2,34200
9679,3973,160,1,112000
9680,3973,68,1,98800
9681,3973,5,1,55100
9682,3973,56,1,19000
9683,3973,223,1,100000
9684,3974,249,1,39000
9685,3974,132,1,22500
9686,3974,173,2,148000
9687,3975,128,1,74000
9688,3975,297,1,37000
9689,3975,205,2,28000
9690,3976,132,1,23800
9691,3977,41,4,33300
9692,3977,219,1,35000
9693,3977,141,1,64000
9694,3978,161,2,172000
9695,3978,259,1,6800
9696,3979,292,1,264600
9697,3980,104,1,21200
9698,3980,290,1,23800
9699,3980,64,2,48600
9700,3981,143,2,89100
9701,3981,241,1,145400
9702,3981,242,1,227700
9703,3981,154,3,63600
9704,3981,222,1,159600
9705,3982,256,1,16200
9706,3982,4,1,40800
9707,3982,68,2,98800
9708,3983,107,2,97200
9709,3984,184,2,40000
9710,3984,269,1,26100
9711,3985,282,1,352400
9712,3985,101,2,107000
9713,3986,64,1,51300
9714,3986,113,1,65000
9715,3986,59,1,36100
9716,3986,214,1,54400
9717,3987,200,1,106200
9718,3987,107,1,91800
9719,3987,243,1,154800
9720,3987,295,1,43400
9721,3988,80,1,100700
9722,3988,7,1,87600
9723,3989,169,1,37400
9724,3989,291,2,238000
9725,3989,63,2,106000
9726,3990,133,1,168000
9727,3991,261,1,48000
9728,3991,191,3,93000
9729,3992,200,1,112500
9730,3992,136,1,32400
9731,3992,54,2,34000
9732,3993,211,1,57000
9733,3994,184,1,36000
9734,3994,213,1,126400
9735,3995,127,1,120600
9736,3996,56,1,18000
9737,3996,240,1,121000
9738,3996,201,1,77000
9739,3996,142,1,192800
9740,3997,276,2,13300
9741,3998,161,1,137600
9742,3998,105,1,40800
9743,3998,42,2,153900
9744,3998,12,1,176000
9745,3998,245,2,64600
9746,3998,285,1,17100
9747,3999,200,1,106200
9748,4000,43,1,143200
9749,4000,20,1,70600
9750,4000,222,2,168000
9751,4000,263,1,63000
9752,4001,156,4,31200
9753,4002,83,1,132600
9754,4003,104,1,22500
9755,4003,246,1,13600
9756,4004,45,5,54000
9757,4004,190,1,59400
9758,4005,113,2,65000
9759,4006,54,2,34000
9760,4006,137,1,78300
9761,4006,155,1,40000
9762,4006,203,1,107000
9763,4007,289,2,37000
9764,4007,251,1,168800
9765,4007,237,3,27000
9766,4007,231,1,211000
9767,4008,124,1,28000
9768,4009,85,1,9500
9769,4009,270,5,87600
9770,4009,15,2,58400
9771,4010,257,1,107200
9772,4010,197,1,131000
9773,4010,294,4,17100
9774,4010,298,2,28000
9775,4010,122,2,51300
9776,4011,155,4,40000
9777,4011,142,1,192800
9778,4012,3,1,20900
9779,4012,294,1,19000
9780,4012,183,1,116800
9781,4012,215,1,54400
9782,4012,31,1,46000
9783,4013,34,1,82600
9784,4014,154,1,63600
9785,4014,180,1,54000
9786,4015,161,2,154800
9787,4015,57,2,20900
9788,4016,285,1,19000
9789,4016,108,1,72000
9790,4016,109,1,10000
9791,4016,190,1,66000
9792,4017,265,1,29000
9793,4017,252,2,282200
9794,4018,82,1,197600
9795,4018,61,1,32300
9796,4018,15,2,65700
9797,4019,218,2,32000
9798,4019,155,1,34000
9799,4020,116,1,13600
9800,4020,34,1,87000
9801,4020,172,1,311600
9802,4020,254,1,45000
9803,4021,192,1,325800
9804,4022,253,1,23000
9805,4022,227,1,65400
9806,4022,285,1,17100
9807,4022,289,3,35100
9808,4023,248,3,105000
9809,4024,233,1,18000
9810,4025,30,2,34200
9811,4026,149,1,27000
9812,4026,47,1,14400
9813,4027,216,1,12800
9814,4027,251,1,179400
9815,4027,12,1,176000
9816,4027,270,1,103000
9817,4028,227,2,69300
9818,4028,132,1,25000
9819,4028,75,1,55200
9820,4028,45,1,54000
9821,4028,112,1,200000
9822,4028,94,1,58600
9823,4029,202,2,241000
9824,4029,258,1,106000
9825,4029,238,3,33300
9826,4029,146,1,31000
9827,4030,235,1,21000
9828,4030,95,1,70300
9829,4031,184,2,40000
9830,4031,265,3,26100
9831,4031,102,2,268800
9832,4032,294,4,19000
9833,4032,178,2,6800
9834,4032,54,1,34000
9835,4033,274,1,98000
9836,4033,211,1,63600
9837,4033,236,3,29400
9838,4033,77,1,131400
9839,4034,140,4,39000
9840,4034,76,1,11700
9841,4035,130,1,141600
9842,4036,170,4,109000
9843,4036,292,2,279300
9844,4036,295,1,51000
9845,4037,205,1,25200
9846,4037,164,3,19000
9847,4037,173,1,140600
9848,4038,168,1,17800
9849,4038,18,1,84200
9850,4039,16,1,16200
9851,4039,70,1,126900
9852,4040,173,1,133200
9853,4040,55,2,19600
9854,4041,69,1,6000
9855,4042,251,4,211000
9856,4042,228,1,123500
9857,4042,245,1,68000
9858,4043,237,1,24300
9859,4044,265,3,23200
9860,4044,291,1,202300
9861,4044,249,4,34800
9862,4045,186,1,42000
9863,4045,162,2,157000
9864,4046,147,1,89100
9865,4046,284,1,61000
9866,4047,170,5,103600
9867,4047,109,2,9000
9868,4048,91,1,66500
9869,4048,171,1,86700
9870,4049,248,1,94500
9871,4050,63,1,106000
9872,4051,58,1,8100
9873,4051,263,1,63000
9874,4052,152,1,175000
9875,4053,96,1,28500
9876,4053,89,2,46000
9877,4054,19,2,51000
9878,4054,173,1,140600
9879,4054,95,2,70300
9880,4055,244,1,48000
9881,4056,275,1,65600
9882,4056,276,4,14000
9883,4057,255,2,14200
9884,4058,225,2,4800
9885,4058,223,1,95000
9886,4059,295,1,48400
9887,4059,141,1,57600
9888,4059,214,2,64000
9889,4059,173,2,118400
9890,4060,2,2,163000
9891,4060,284,1,51800
9892,4060,278,1,47700
9893,4060,287,1,69000
9894,4061,155,2,40000
9895,4061,287,1,69000
9896,4062,104,3,21200
9897,4062,173,3,148000
9898,4062,271,1,108000
9899,4062,248,3,94500
9900,4062,157,1,107100
9901,4063,252,1,282200
9902,4064,224,1,82800
9903,4064,56,3,19000
9904,4064,244,2,48000
9905,4065,47,4,14400
9906,4066,21,1,72000
9907,4066,239,1,36800
9908,4067,185,3,5100
9909,4067,98,2,101600
9910,4068,49,1,14400
9911,4069,161,1,163400
9912,4069,34,1,87000
9913,4069,173,1,133200
9914,4069,144,1,37000
9915,4069,31,1,43700
9916,4070,218,1,28800
9917,4071,283,2,138000
9918,4072,241,1,145400
9919,4072,143,3,99000
9920,4073,28,2,97200
9921,4073,93,1,176000
9922,4074,257,1,120600
9923,4074,284,1,58000
9924,4074,197,2,124400
9925,4075,171,2,96900
9926,4076,83,2,156000
9927,4076,223,3,100000
9928,4077,12,2,158400
9929,4078,164,1,19000
9930,4078,60,2,83600
9931,4078,293,1,122400
9932,4079,59,1,38000
9933,4080,122,1,57000
9934,4081,72,1,140000
9935,4081,277,2,84000
9936,4081,281,1,169200
9937,4081,27,2,38000
9938,4081,93,5,158400
9939,4082,33,2,33000
9940,4082,275,3,65600
9941,4082,252,1,252400
9942,4082,205,1,26600
9943,4083,200,1,118800
9944,4083,241,1,145400
9945,4083,173,1,148000
9946,4083,208,2,76000
9947,4084,233,1,17100
9948,4084,275,2,69000
9949,4085,260,1,38700
9950,4086,205,1,28000
9951,4086,30,3,32300
9952,4086,14,2,49000
9953,4087,205,1,26600
9954,4088,216,2,12800
9955,4088,263,1,63000
9956,4088,55,1,23000
9957,4088,119,1,12600
9958,4089,91,1,63000
9959,4089,101,1,96300
9960,4090,30,2,36100
9961,4091,280,2,122000
9962,4092,172,1,295200
9963,4092,111,1,130500
9964,4093,170,1,98100
9965,4093,45,1,51300
9966,4093,279,1,25000
9967,4093,188,1,31400
9968,4093,125,1,42800
9969,4094,105,1,40800
9970,4095,66,2,30000
9971,4096,7,1,103000
9972,4096,8,1,121000
9973,4096,44,1,13000
9974,4096,273,1,174000
9975,4096,188,1,26400
9976,4096,255,2,14200
9977,4097,293,2,122400
9978,4098,19,2,51000
9979,4098,76,1,11700
9980,4098,119,1,12600
9981,4099,286,1,9400
9982,4099,79,1,29000
9983,4100,48,2,61000
9984,4100,122,1,51300
9985,4100,75,1,65000
9986,4101,184,1,38000
9987,4102,61,2,32300
9988,4102,71,4,113600
9989,4103,116,2,15200
9990,4103,223,1,85000
9991,4104,62,1,245700
9992,4104,279,4,23800
9993,4105,241,2,153000
9994,4105,93,1,149600
9995,4106,298,2,26600
9996,4107,144,2,37000
9997,4107,75,1,58500
9998,4108,56,2,19000
9999,4108,145,1,30400
10000,4108,157,2,107100
10001,4109,282,1,333900
10002,4109,109,3,9500
10003,4109,133,2,151200
10004,4110,251,2,211000
10005,4110,165,1,4800
10006,4110,141,1,57600
10007,4110,111,3,137800
10008,4111,256,2,19000
10009,4111,81,2,25000
10010,4112,283,1,138000
10011,4112,154,5,67000
10012,4112,11,3,125000
10013,4112,20,1,74700
10014,4113,275,3,62100
10015,4113,214,2,54400
10016,4114,42,3,145400
10017,4114,237,1,25600
10018,4115,55,1,20700
10019,4116,59,2,38000
10020,4116,61,2,32300
10021,4116,219,1,35000
10022,4117,293,5,129200
10023,4117,135,1,54000
10024,4117,265,3,24600
10025,4117,142,1,203000
10026,4117,212,1,307000
10027,4117,220,2,63900
10028,4118,170,3,109000
10029,4118,35,1,60800
10030,4118,235,1,21000
10031,4119,264,3,68400
10032,4119,251,1,200400
10033,4120,25,1,23800
10034,4120,139,1,44000
10035,4120,269,1,29000
10036,4120,227,4,73200
10037,4121,83,2,148200
10038,4122,281,1,150400
10039,4122,210,5,97800
10040,4122,269,1,23200
10041,4122,122,2,57000
10042,4123,169,1,44000
10043,4123,267,1,75000
10044,4124,116,1,13600
10045,4124,142,4,203000
10046,4125,169,2,39600
10047,4125,90,1,104400
10048,4125,291,2,238000
10049,4125,233,1,18000
10050,4126,264,1,72000
10051,4126,125,1,40500
10052,4127,21,1,64000
10053,4128,163,1,121600
10054,4128,197,1,131000
10055,4128,166,2,30000
10056,4129,194,2,72200
10057,4129,127,1,120600
10058,4130,52,1,327600
10059,4130,166,3,27000
10060,4131,17,2,96300
10061,4131,261,2,45600
10062,4131,223,1,90000
10063,4132,160,3,119000
10064,4132,276,1,14000
10065,4133,169,2,39600
10066,4133,101,1,96300
10067,4134,169,2,39600
10068,4134,7,2,92700
10069,4135,135,1,54000
10070,4136,80,3,90100
10071,4136,242,4,227700
10072,4137,24,1,50000
10073,4137,196,1,24000
10074,4138,281,2,169200
10075,4138,209,1,3400
10076,4139,72,4,126000
10077,4140,69,2,5400
10078,4141,63,2,84800
10079,4142,264,1,72000
10080,4142,4,2,43000
10081,4142,28,1,86400
10082,4143,161,1,172000
10083,4143,134,3,20400
10084,4144,152,2,175000
10085,4145,223,3,90000
10086,4145,127,2,107200
10087,4146,207,1,44200
10088,4147,298,1,26600
10089,4147,42,4,145400
10090,4147,52,1,345800
10091,4147,149,2,27000
10092,4148,160,2,126000
10093,4148,3,1,22000
10094,4148,294,1,17100
10095,4148,115,1,54400
10096,4148,61,1,30600
10097,4149,153,1,164000
10098,4149,157,1,107100
10099,4150,240,1,115000
10100,4150,188,1,29700
10101,4150,47,2,16000
10102,4151,200,1,106200
10103,4151,118,2,28000
10104,4151,100,2,45000
10105,4151,174,2,44000
10106,4152,173,1,133200
10107,4153,42,1,162400
10108,4153,282,3,315400
10109,4154,25,1,22500
10110,4154,53,1,32000
10111,4154,135,5,54000
10112,4155,108,1,72000
10113,4156,185,1,5400
10114,4156,83,1,156000
10115,4157,49,1,15300
10116,4158,240,1,108900
10117,4158,52,2,364000
10118,4158,71,1,142000
10119,4159,56,4,19000
10120,4159,15,2,73000
10121,4160,39,1,44000
10122,4161,96,1,28500
10123,4161,177,1,108000
10124,4162,152,1,175000
10125,4163,91,2,70000
10126,4163,277,1,84000
10127,4164,188,2,31400
10128,4164,292,3,264600
10129,4165,85,2,8500
10130,4165,181,2,48400
10131,4165,286,3,9400
10132,4166,91,1,56000
10133,4166,3,1,20900
10134,4167,201,1,77000
10135,4168,180,2,43200
10136,4169,60,2,88000
10137,4170,251,1,211000
10138,4170,5,2,49300
10139,4171,226,1,28000
10140,4171,274,2,93100
10141,4172,57,1,19800
10142,4172,173,1,148000
10143,4173,145,2,30400
10144,4173,170,1,109000
10145,4173,203,1,91000
10146,4173,265,1,26100
10147,4174,65,1,48400
10148,4174,273,2,174000
10149,4174,293,1,108800
10150,4175,47,2,16000
10151,4176,94,1,58600
10152,4176,31,1,43700
10153,4177,224,2,92000
10154,4177,200,1,112500
10155,4177,50,2,56000
10156,4177,178,1,7200
10157,4177,181,3,57000
10158,4177,122,3,51300
10159,4178,261,1,43200
10160,4178,124,5,25200
10161,4178,77,1,146000
10162,4179,130,2,126600
10163,4179,5,1,58000
10164,4180,69,1,5700
10165,4181,193,1,28000
10166,4181,133,1,159600
10167,4181,78,3,62000
10168,4181,143,1,84200
10169,4181,83,1,132600
10170,4181,187,1,93000
10171,4182,142,2,203000
10172,4183,155,1,38000
10173,4183,52,3,364000
10174,4184,273,1,174000
10175,4184,117,1,94000
10176,4184,135,1,51300
10177,4185,34,1,87000
10178,4185,149,3,24300
10179,4185,191,4,83700
10180,4186,291,1,202300
10181,4186,135,3,43200
10182,4186,71,3,142000
10183,4186,41,1,37000
10184,4186,145,2,25600
10185,4187,104,2,22500
10186,4187,218,2,27200
10187,4187,64,3,45900
10188,4188,147,2,99000
10189,4189,107,1,91800
10190,4189,194,1,76500
10191,4189,171,1,102000
10192,4190,52,1,327600
10193,4190,245,1,68000
10194,4191,65,1,45900
10195,4191,101,1,101600
10196,4191,231,2,211000
10197,4191,265,1,29000
10198,4191,116,1,16000
10199,4191,157,1,107100
10200,4192,83,2,140400
10201,4192,181,1,51300
10202,4193,10,1,118000
10203,4193,205,1,28000
10204,4193,166,1,28500
10205,4194,113,1,65000
10206,4194,45,1,45900
10207,4195,257,1,120600
10208,4195,19,1,43400
10209,4195,92,1,164700
10210,4195,190,1,56100
10211,4196,154,3,57000
10212,4196,284,2,51800
10213,4196,197,1,124400
10214,4196,142,1,172600
10215,4197,49,1,16200
10216,4198,144,1,39000
10217,4198,27,2,38000
10218,4199,91,2,70000
10219,4200,73,1,76000
10220,4200,227,1,65400
10221,4200,207,3,49400
10222,4201,24,3,45000
10223,4201,194,2,68000
10224,4202,293,1,122400
10225,4202,263,2,56700
10226,4202,266,1,30000
10227,4202,10,2,106200
10228,4202,207,1,44200
10229,4203,149,1,24300
10230,4203,214,5,64000
10231,4204,5,2,52200
10232,4205,33,1,26400
10233,4205,147,1,89100
10234,4205,125,3,45000
10235,4205,41,2,33300
10236,4206,102,2,283000
10237,4206,79,1,29000
10238,4207,105,3,36600
10239,4207,269,1,29000
10240,4207,7,2,92700
10241,4208,140,2,37000
10242,4208,252,1,297000
10243,4208,174,1,52200
10244,4209,224,1,82800
10245,4209,84,1,94000
10246,4209,248,2,105000
10247,4209,121,3,16200
10248,4209,58,3,8100
10249,4209,251,3,189900
10250,4210,75,1,65000
10251,4210,46,1,14400
10252,4211,168,2,17800
10253,4211,250,1,118200
10254,4212,152,2,166200
10255,4212,158,2,37000
10256,4213,192,1,307700
10257,4213,290,1,23800
10258,4213,222,1,168000
10259,4214,162,2,157000
10260,4214,171,1,86700
10261,4214,286,1,11000
10262,4215,28,2,102600
10263,4216,292,2,294000
10264,4216,294,1,17100
10265,4217,281,1,188000
10266,4217,220,1,60400
10267,4218,95,3,74000
10268,4218,223,1,100000
10269,4219,162,2,157000
10270,4219,6,1,34000
10271,4220,282,1,371000
10272,4221,54,1,34000
10273,4221,159,1,20000
10274,4222,64,1,48600
10275,4222,194,2,85000
10276,4222,293,4,136000
10277,4222,207,3,46800
10278,4223,33,3,28000
10279,4223,259,1,7600
10280,4223,126,3,12400
10281,4224,81,1,22500
10282,4224,227,4,69300
10283,4225,73,1,72000
10284,4226,22,1,210000
10285,4227,236,1,29400
10286,4228,261,2,45600
10287,4229,264,2,64800
10288,4229,138,1,97800
10289,4229,215,2,64000
10290,4230,82,3,166400
10291,4231,123,4,112200
10292,4232,178,2,8000
10293,4232,204,1,6300
10294,4232,102,1,240600
10295,4233,219,1,29800
10296,4233,172,1,328000
10297,4234,38,3,103500
10298,4234,2,2,138600
10299,4234,278,1,47700
10300,4235,63,1,106000
10301,4236,8,1,115000
10302,4236,67,1,72000
10303,4237,233,2,18000
10304,4237,123,1,112200
10305,4237,70,2,141000
10306,4238,223,5,100000
10307,4239,168,1,18900
10308,4239,259,1,7600
10309,4240,289,1,39000
10310,4241,20,1,83000
10311,4241,117,2,84600
10312,4241,151,1,29700
10313,4242,259,3,8000
10314,4242,14,1,49000
10315,4243,256,1,19000
10316,4243,202,1,241000
10317,4243,85,2,9000
10318,4244,259,1,6800
10319,4245,201,1,73200
10320,4245,253,1,18400
10321,4246,109,1,9500
10322,4246,14,2,46600
10323,4246,223,1,100000
10324,4247,91,1,59500
10325,4247,259,2,6400
10326,4247,142,4,192800
10327,4248,130,2,134100
10328,4248,223,2,85000
10329,4249,203,1,91000
10330,4249,22,3,189000
10331,4250,264,1,64800
10332,4251,275,1,62100
10333,4252,244,1,43200
10334,4252,197,3,131000
10335,4253,12,1,176000
10336,4253,166,1,28500
10337,4253,39,1,55000
10338,4254,33,1,33000
10339,4254,10,1,118000
10340,4254,79,2,24600
10341,4255,5,2,58000
10342,4255,143,2,89100
10343,4256,294,5,17100
10344,4256,45,1,54000
10345,4256,79,1,29000
10346,4256,51,1,116100
10347,4256,85,1,8500
10348,4256,222,1,134400
10349,4257,218,2,27200
10350,4257,196,2,24000
10351,4257,13,2,83600
10352,4258,261,1,45600
10353,4258,173,2,133200
10354,4259,132,1,23800
10355,4260,96,1,27000
10356,4261,128,1,70300
10357,4261,272,2,321100
10358,4261,81,1,23800
10359,4261,149,2,24300
10360,4261,156,1,37000
10361,4262,292,2,294000
10362,4262,261,1,43200
10363,4262,182,1,222300
10364,4262,86,1,19800
10365,4262,216,1,14400
10366,4263,40,1,90000
10367,4264,40,2,100000
10368,4264,113,2,65000
10369,4264,91,2,66500
10370,4264,93,1,167200
10371,4265,194,1,85000
10372,4266,283,1,138000
10373,4266,267,2,75000
10374,4266,164,1,19000
10375,4266,29,1,13600
10376,4267,87,2,69000
10377,4268,183,2,110700
10378,4269,253,2,20700
10379,4270,27,2,38000
10380,4271,91,3,66500
10381,4271,84,2,94000
10382,4272,146,2,26400
10383,4273,22,1,199500
10384,4274,225,2,5000
10385,4275,203,1,107000
10386,4275,19,1,48400
10387,4275,277,2,84000
10388,4275,283,1,138000
10389,4275,157,1,126000
10390,4276,25,1,20000
10391,4276,172,2,311600
10392,4277,76,1,13000
10393,4278,104,2,25000
10394,4278,114,2,41400
10395,4279,147,1,94000
10396,4279,236,1,29400
10397,4280,185,2,5400
10398,4280,202,1,229000
10399,4280,76,4,10400
10400,4280,231,1,211000
10401,4281,196,1,20400
10402,4282,201,1,73200
10403,4282,95,2,62900
10404,4282,191,1,79000
10405,4283,241,1,145400
10406,4284,98,1,96300
10407,4285,51,1,116100
10408,4285,76,1,13000
10409,4285,15,2,73000
10410,4286,104,1,22500
10411,4286,9,2,46800
10412,4286,235,5,20000
10413,4287,27,3,38000
10414,4288,274,1,88200
10415,4289,12,1,167200
10416,4289,231,1,179400
10417,4290,204,1,6600
10418,4291,275,1,58600
10419,4292,60,2,88000
10420,4292,52,4,327600
10421,4293,214,1,54400
10422,4294,33,1,33000
10423,4294,154,2,60300
10424,4294,102,1,268800
10425,4294,214,3,54400
10426,4295,219,2,33200
10427,4295,214,2,54400
10428,4296,27,1,30400
10429,4297,134,1,21600
10430,4297,74,1,78000
10431,4297,78,2,58900
10432,4297,29,1,16200
10433,4297,283,1,117300
10434,4297,189,1,31000
10435,4298,284,1,54900
10436,4299,242,5,240400
10437,4299,101,4,107000
10438,4300,47,1,16000
10439,4301,242,1,253000
10440,4301,156,2,39000
10441,4302,81,1,23800
10442,4302,87,5,69000
10443,4303,9,2,44000
10444,4303,203,2,96300
10445,4303,241,1,145400
10446,4303,221,1,30000
10447,4303,29,1,17000
10448,4304,224,1,87400
10449,4304,251,3,211000
10450,4304,84,1,94000
10451,4305,91,1,63000
10452,4305,155,2,34000
10453,4306,192,3,325800
10454,4306,17,1,96300
10455,4306,180,4,51300
10456,4306,281,4,188000
10457,4306,187,1,83700
10458,4307,224,1,82800
10459,4307,38,1,109200
10460,4307,72,1,140000
10461,4307,12,2,167200
10462,4307,243,3,163000
10463,4307,149,1,24300
10464,4308,121,1,16200
10465,4308,195,2,40500
10466,4308,15,1,69400
10467,4309,104,1,23800
10468,4309,248,1,94500
10469,4310,261,1,38400
10470,4311,224,1,87400
10471,4311,204,2,5600
10472,4311,174,1,55000
10473,4311,120,1,127300
10474,4311,92,1,183000
10475,4311,253,2,18400
10476,4312,253,1,19600
10477,4312,22,2,199500
10478,4313,85,1,9000
10479,4314,184,1,34000
10480,4315,119,2,11900
10481,4316,98,2,91000
10482,4317,264,1,64800
10483,4317,212,1,261000
10484,4317,95,1,70300
10485,4318,155,3,40000
10486,4318,38,5,115000
10487,4319,53,1,32000
10488,4319,214,1,64000
10489,4320,11,1,125000
10490,4320,188,1,33000
10491,4321,210,1,92700
10492,4321,174,1,49500
10493,4322,272,1,338000
10494,4322,209,4,4000
10495,4322,54,1,30600
10496,4323,258,1,90100
10497,4324,260,1,40800
10498,4324,14,2,44100
10499,4325,235,1,17800
10500,4325,221,2,25500
10501,4325,215,2,57600
10502,4326,171,2,96900
10503,4326,276,1,14000
10504,4327,110,2,122400
10505,4328,187,1,83700
10506,4329,13,1,88000
10507,4329,103,1,35200
10508,4330,266,5,30000
10509,4331,172,1,295200
10510,4331,148,1,35000
10511,4331,102,1,226400
10512,4332,35,1,57600
10513,4332,163,1,121600
10514,4333,144,1,37000
10515,4333,224,4,87400
10516,4334,183,1,104600
10517,4334,299,1,49000
10518,4334,63,2,95400
10519,4335,165,5,4800
10520,4336,98,1,91000
10521,4336,14,2,49000
10522,4336,154,1,67000
10523,4337,13,1,88000
10524,4337,211,2,67000
10525,4337,189,2,26400
10526,4338,161,3,154800
10527,4338,172,1,295200
10528,4338,223,1,100000
10529,4339,45,1,45900
10530,4340,186,1,42000
10531,4341,64,1,54000
10532,4341,42,4,162400
10533,4341,116,1,15200
10534,4341,118,1,29700
10535,4342,186,2,42000
10536,4342,204,2,7000
10537,4343,144,2,35100
10538,4344,241,1,153000
10539,4344,285,1,19000
10540,4345,142,1,192800
10541,4345,54,2,32300
10542,4346,73,3,80000
10543,4347,224,3,87400
10544,4347,169,1,39600
10545,4347,109,1,8000
10546,4347,20,1,78800
10547,4347,186,2,35700
10548,4347,31,4,46000
10549,4348,28,1,91800
10550,4349,121,1,18000
10551,4349,85,3,9500
10552,4349,61,2,28900
10553,4350,296,1,22000
10554,4350,172,1,311600
10555,4350,159,2,18900
10556,4351,288,1,72200
10557,4352,179,2,14400
10558,4352,47,1,16000
10559,4353,39,1,49500
10560,4353,47,3,12800
10561,4354,16,1,17100
10562,4354,39,1,49500
10563,4355,257,1,127300
10564,4355,155,1,38000
10565,4355,229,2,45000
10566,4356,88,1,125000
10567,4356,123,1,112200
10568,4356,141,2,64000
10569,4356,157,1,126000
10570,4357,57,2,20900
10571,4357,139,1,44000
10572,4358,294,1,16200
10573,4358,47,1,15200
10574,4359,272,2,321100
10575,4359,222,2,168000
10576,4360,270,5,92700
10577,4361,105,3,36600
10578,4361,82,1,176800
10579,4361,101,1,85600
10580,4362,81,1,25000
10581,4363,278,1,42400
10582,4364,131,1,73800
10583,4364,40,2,90000
10584,4364,203,2,96300
10585,4364,57,4,19800
10586,4364,252,1,267300
10587,4365,168,1,21000
10588,4365,185,1,6000
10589,4365,299,1,49000
10590,4365,78,2,58900
10591,4366,212,1,245600
10592,4366,207,1,52000
10593,4367,216,1,12800
10594,4368,72,2,112000
10595,4368,14,1,49000
10596,4369,83,2,156000
10597,4369,74,1,74100
10598,4369,115,1,57600
10599,4369,158,1,37000
10600,4370,251,1,179400
10601,4370,148,1,35000
10602,4370,182,1,222300
10603,4370,52,4,327600
10604,4371,231,1,211000
10605,4371,20,3,74700
10606,4371,255,1,12800
10607,4372,214,1,60800
10608,4373,283,1,124200
10609,4373,131,2,82000
10610,4374,251,1,211000
10611,4375,261,1,48000
10612,4376,256,1,19000
10613,4376,231,1,168800
10614,4376,180,4,51300
10615,4376,22,1,178500
10616,4376,61,1,30600
10617,4377,144,1,37000
10618,4378,174,1,52200
10619,4379,289,3,35100
10620,4379,34,2,87000
10621,4379,176,1,26600
10622,4379,181,4,54200
10623,4379,60,2,88000
10624,4380,34,1,78300
10625,4380,125,1,42800
10626,4381,241,1,145400
10627,4381,42,2,136800
10628,4381,179,1,14400
10629,4382,145,1,25600
10630,4382,101,1,101600
10631,4383,274,3,88200
10632,4383,21,2,64000
10633,4384,10,3,118000
10634,4385,201,1,69300
10635,4385,181,3,51300
10636,4386,232,3,153900
10637,4386,110,2,122400
10638,4386,83,1,132600
10639,4386,187,3,79000
10640,4386,252,1,282200
10641,4387,65,1,48400
10642,4387,142,1,203000
10643,4388,54,1,34000
10644,4389,75,1,65000
10645,4389,140,2,37000
10646,4389,44,1,13000
10647,4389,272,2,338000
10648,4389,155,5,36000
10649,4389,157,2,126000
10650,4390,294,1,18000
10651,4390,9,1,49500
10652,4390,111,2,137800
10653,4390,20,4,78800
10654,4390,149,1,25600
10655,4391,210,2,82400
10656,4391,75,1,65000
10657,4391,76,2,11700
10658,4392,142,2,192800
10659,4392,254,1,47700
10660,4393,267,2,75000
10661,4393,275,1,69000
10662,4393,133,1,168000
10663,4393,227,1,69300
10664,4394,216,1,14400
10665,4394,284,1,61000
10666,4395,56,2,19000
10667,4395,259,1,7600
10668,4396,210,2,103000
10669,4396,42,1,162400
10670,4396,171,1,102000
10671,4396,15,2,65700
10672,4397,234,5,10200
10673,4397,295,1,51000
10674,4398,41,1,37000
10675,4398,250,1,132000
10676,4398,180,1,51300
10677,4398,133,3,159600
10678,4399,274,1,98000
10679,4399,61,2,28900
10680,4399,174,2,52200
10681,4399,143,5,94000
10682,4400,284,2,54900
10683,4400,238,1,33300
10684,4401,187,1,93000
10685,4402,68,3,93600
10686,4402,293,2,136000
10687,4402,109,1,10000
10688,4402,48,1,51800
10689,4402,242,1,215000
10690,4403,52,1,345800
10691,4404,289,1,39000
10692,4404,251,1,189900
10693,4404,20,3,70600
10694,4404,287,1,69000
10695,4405,169,1,35200
10696,4405,135,1,43200
10697,4406,243,1,163000
10698,4406,103,1,35200
10699,4407,192,1,307700
10700,4408,113,2,61800
10701,4408,84,5,89300
10702,4408,246,2,16000
10703,4408,95,4,66600
10704,4409,139,2,44000
10705,4409,188,1,29700
10706,4409,189,2,24800
10707,4409,78,1,62000
10708,4410,121,1,17100
10709,4410,124,2,22400
10710,4410,217,2,114000
10711,4411,290,1,25000
10712,4411,52,1,345800
10713,4412,9,2,46800
10714,4412,75,1,55200
10715,4412,259,1,7200
10716,4412,215,3,60800
10717,4413,200,1,106200
10718,4413,281,1,188000
10719,4413,260,1,38700
10720,4413,133,1,151200
10721,4414,85,1,9500
10722,4414,285,1,17100
10723,4415,193,1,25200
10724,4415,4,1,43000
10725,4415,294,1,17100
10726,4415,10,1,112100
10727,4415,145,1,28800
10728,4416,170,1,103600
10729,4416,261,1,48000
10730,4416,143,5,99000
10731,4417,275,1,62100
10732,4417,111,3,137800
10733,4418,184,1,38000
10734,4418,210,1,92700
10735,4418,143,2,89100
10736,4419,164,1,19000
10737,4419,4,1,38700
10738,4420,179,1,15300
10739,4420,244,4,40800
10740,4421,161,1,154800
10741,4421,204,1,7000
10742,4421,141,2,54400
10743,4421,215,1,57600
10744,4422,289,3,35100
10745,4423,172,1,328000
10746,4424,153,2,164000
10747,4424,125,4,45000
10748,4424,36,1,30600
10749,4424,93,1,149600
10750,4425,27,2,30400
10751,4425,142,1,182700
10752,4425,63,1,100700
10753,4426,224,1,78200
10754,4426,282,1,296800
10755,4427,124,1,25200
10756,4427,101,3,101600
10757,4427,127,1,134000
10758,4428,103,2,33300
10759,4429,168,2,21000
10760,4429,250,1,132000
10761,4430,245,1,64600
10762,4430,85,1,10000
10763,4431,93,1,167200
10764,4432,81,1,22500
10765,4433,1,1,68000
10766,4433,255,1,15000
10767,4434,202,2,204800
10768,4434,63,1,100700
10769,4435,231,1,200400
10770,4435,271,1,108000
10771,4436,167,1,135200
10772,4437,201,3,77000
10773,4437,193,2,28000
10774,4437,261,1,43200
10775,4438,32,1,176000
10776,4438,132,1,25000
10777,4438,21,1,64000
10778,4438,182,1,234000
10779,4438,181,1,51300
10780,4439,81,1,25000
10781,4439,278,2,53000
10782,4440,297,2,33300
10783,4440,284,3,51800
10784,4440,103,2,31400
10785,4441,241,2,153000
10786,4441,3,1,20900
10787,4442,292,2,279300
10788,4443,289,1,39000
10789,4444,91,1,63000
10790,4444,182,1,222300
10791,4444,86,3,22000
10792,4445,94,1,58600
10793,4446,223,1,95000
10794,4446,131,2,82000
10795,4446,239,2,46000
10796,4447,183,2,123000
10797,4448,129,1,24300
10798,4448,114,2,41400
10799,4448,133,1,168000
10800,4448,15,1,73000
10801,4449,173,1,140600
10802,4449,150,1,28800
10803,4450,33,1,31400
10804,4450,212,1,245600
10805,4450,37,1,22500
10806,4451,225,3,4800
10807,4451,85,4,9500
10808,4451,237,2,24300
10809,4451,271,2,97200
10810,4452,113,3,65000
10811,4452,266,1,30000
10812,4453,41,1,33300
10813,4453,127,1,134000
10814,4454,82,2,166400
10815,4454,244,1,48000
10816,4454,298,1,26600
10817,4455,24,1,45000
10818,4455,293,1,129200
10819,4455,222,1,142800
10820,4456,202,1,204800
10821,4456,211,1,60300
10822,4456,132,1,23800
10823,4456,247,3,55000
10824,4457,161,4,172000
10825,4457,82,1,187200
10826,4457,148,1,35000
10827,4457,213,1,126400
10828,4457,121,1,15300
10829,4458,194,1,85000
10830,4458,262,3,100700
10831,4458,44,1,11700
10832,4458,86,1,22000
10833,4458,281,1,188000
10834,4459,20,1,83000
10835,4459,94,1,69000
10836,4460,272,1,338000
10837,4461,143,1,99000
10838,4462,280,1,122000
10839,4462,154,3,53600
10840,4463,36,2,34000
10841,4463,94,1,69000
10842,4464,158,2,31400
10843,4465,213,2,113000
10844,4465,131,1,73800
10845,4465,45,1,43200
10846,4466,29,2,17000
10847,4466,173,1,133200
10848,4467,32,1,207000
10849,4467,197,2,111400
10850,4467,173,1,148000
10851,4467,95,2,66600
10852,4468,163,2,143000
10853,4468,268,1,79200
10854,4468,111,2,145000
10855,4469,281,1,169200
10856,4470,89,2,41400
10857,4470,249,3,39000
10858,4470,291,1,214200
10859,4471,152,1,157500
10860,4471,3,2,22000
10861,4472,34,2,82600
10862,4472,219,1,29800
10863,4472,101,2,85600
10864,4472,79,1,27600
10865,4473,177,1,102000
10866,4473,251,3,189900
10867,4473,157,1,126000
10868,4473,174,1,55000
10869,4474,33,2,28000
10870,4474,166,1,27000
10871,4475,77,1,138700
10872,4475,253,5,20700
10873,4475,55,1,23000
10874,4476,144,1,31200
10875,4476,19,1,45900
10876,4477,2,2,154800
10877,4477,231,2,200400
10878,4478,171,2,96900
10879,4479,255,3,14200
10880,4480,49,2,17000
10881,4480,292,5,279300
10882,4481,107,3,108000
10883,4482,130,2,149000
10884,4483,35,1,57600
10885,4483,165,1,4500
10886,4484,216,2,15200
10887,4484,34,2,87000
10888,4484,288,2,76000
10889,4485,296,1,19800
10890,4485,246,1,13600
10891,4485,262,3,106000
10892,4485,31,2,41400
10893,4486,287,1,62100
10894,4487,133,1,151200
10895,4488,50,2,56000
10896,4488,174,1,52200
10897,4489,214,1,60800
10898,4489,85,1,10000
10899,4489,22,2,199500
10900,4490,45,4,51300
10901,4491,90,1,104400
10902,4491,69,2,6000
10903,4492,274,1,93100
10904,4493,131,3,82000
10905,4493,277,1,79800
10906,4494,9,1,44000
10907,4494,91,3,66500
10908,4495,45,1,45900
10909,4496,100,1,45000
10910,4496,47,1,14400
10911,4496,279,1,22500
10912,4497,194,1,80800
10913,4497,45,1,43200
10914,4498,2,2,138600
10915,4498,133,2,168000
10916,4498,170,2,103600
10917,4498,271,1,97200
10918,4498,90,2,110200
10919,4499,24,4,50000
10920,4499,209,2,3800
10921,4499,275,1,55200
10922,4499,203,3,85600
10923,4500,200,1,112500
10924,4500,3,1,22000
10925,4500,196,3,21600
10926,4501,161,1,172000
10927,4502,295,2,51000
10928,4502,143,3,99000
10929,4502,274,3,98000
10930,4502,54,1,34000
10931,4502,127,2,120600
10932,4503,96,4,28500
10933,4503,69,1,5100
10934,4503,231,2,200400
10935,4504,169,2,44000
10936,4505,256,3,19000
10937,4505,81,1,20000
10938,4506,8,2,102800
10939,4507,275,1,69000
10940,4508,162,1,125600
10941,4508,269,1,29000
10942,4508,279,2,23800
10943,4509,53,2,28800
10944,4510,126,3,13000
10945,4510,117,3,84600
10946,4510,238,2,37000
10947,4511,73,1,68000
10948,4511,7,1,97800
10949,4512,154,1,67000
10950,4512,204,1,6300
10951,4512,84,1,84600
10952,4513,138,1,115000
10953,4513,277,3,75600
10954,4513,29,1,17000
10955,4514,260,1,34400
10956,4514,135,1,51300
10957,4514,221,1,25500
10958,4514,190,1,66000
10959,4514,63,2,84800
10960,4515,169,1,35200
10961,4515,63,3,95400
10962,4516,40,2,90000
10963,4516,2,2,163000
10964,4517,161,1,172000
10965,4517,171,1,91800
10966,4517,46,1,18000
10967,4517,81,1,21200
10968,4517,223,3,100000
10969,4518,274,2,98000
10970,4518,20,3,83000
10971,4519,163,1,114400
10972,4520,161,1,146200
10973,4520,235,2,17800
10974,4520,7,1,103000
10975,4521,239,4,46000
10976,4522,112,1,250000
10977,4522,209,2,4000
10978,4522,154,1,67000
10979,4523,207,3,44200
10980,4524,186,3,39900
10981,4524,22,1,189000
10982,4525,184,1,34000
10983,4525,227,2,69300
10984,4526,290,1,25000
10985,4526,165,1,5000
10986,4526,43,1,179000
10987,4526,185,1,5400
10988,4526,30,1,36100
10989,4527,122,1,45600
10990,4527,69,1,5700
10991,4527,46,1,16200
10992,4528,266,1,30000
10993,4528,31,1,43700
10994,4529,19,1,48400
10995,4529,253,1,20700
10996,4529,55,1,23000
10997,4530,9,1,46800
10998,4530,202,3,204800
10999,4530,79,1,29000
11000,4530,19,1,48400
11001,4530,243,1,163000
11002,4531,186,2,42000
11003,4531,99,3,22500
11004,4531,52,1,364000
11005,4531,23,1,91000
11006,4532,172,4,278800
11007,4532,285,3,16200
11008,4533,234,2,11400
11009,4534,190,4,62700
11010,4535,190,1,66000
11011,4535,63,2,95400
11012,4536,48,1,61000
11013,4536,35,1,57600
11014,4536,167,1,135200
11015,4537,192,1,343900
11016,4538,281,1,178600
11017,4538,66,1,30000
11018,4538,93,1,158400
11019,4539,253,2,21800
11020,4540,96,2,30000
11021,4540,186,1,42000
11022,4541,208,1,76000
11023,4541,7,2,97800
11024,4542,190,1,59400
11025,4542,278,1,42400
11026,4543,177,1,102000
11027,4543,235,1,17800
11028,4543,182,3,234000
11029,4544,193,4,25200
11030,4544,195,1,45000
11031,4544,215,3,54400
11032,4544,91,3,70000
11033,4544,157,1,119700
11034,4545,285,2,19000
11035,4546,232,3,153900
11036,4546,92,4,164700
11037,4547,140,1,39000
11038,4547,95,1,74000
11039,4548,209,1,3600
11040,4549,29,1,17000
11041,4550,23,4,77400
11042,4550,213,1,126400
11043,4550,7,2,103000
11044,4551,201,2,69300
11045,4551,138,1,103500
11046,4551,227,1,69300
11047,4551,140,2,33200
11048,4552,80,1,90100
11049,4552,265,1,29000
11050,4552,140,2,33200
11051,4552,294,1,18000
11052,4553,112,2,237500
11053,4553,242,2,215000
11054,4553,119,1,14000
11055,4554,204,1,6300
11056,4554,22,3,178500
11057,4555,130,1,149000
11058,4555,75,1,65000
11059,4555,68,1,93600
11060,4555,15,2,65700
11061,4556,210,1,103000
11062,4556,35,1,60800
11063,4556,181,3,51300
11064,4556,7,1,82400
11065,4557,272,2,321100
11066,4557,153,3,147600
11067,4558,57,1,17600
11068,4558,141,5,51200
11069,4559,16,1,17100
11070,4559,1,1,54400
11071,4559,214,1,51200
11072,4559,103,1,37000
11073,4560,282,2,352400
11074,4560,254,3,53000
11075,4561,290,1,22500
11076,4562,295,1,48400
11077,4562,63,1,84800
11078,4563,6,2,38000
11079,4563,263,1,59800
11080,4564,213,3,113000
11081,4565,131,3,82000
11082,4565,17,2,101600
11083,4565,152,1,166200
11084,4565,58,3,8600
11085,4565,124,1,23800
11086,4566,184,4,34000
11087,4566,264,1,64800
11088,4566,133,3,168000
11089,4566,263,1,63000
11090,4567,34,1,69600
11091,4567,231,3,200400
11092,4568,223,1,85000
11093,4569,21,1,76000
11094,4570,160,5,140000
11095,4570,4,2,38700
11096,4570,275,2,62100
11097,4570,248,2,84000
11098,4570,92,1,173800
11099,4571,163,2,143000
11100,4571,300,3,118000
11101,4571,142,3,172600
11102,4571,15,5,62000
11103,4571,223,1,90000
11104,4572,283,2,138000
11105,4573,75,1,52000
11106,4573,171,3,86700
11107,4573,300,1,100300
11108,4573,235,1,20000
11109,4573,83,1,124800
11110,4574,298,1,28000
11111,4575,267,1,63800
11112,4576,39,2,55000
11113,4576,112,3,212500
11114,4576,215,1,57600
11115,4576,58,1,9000
11116,4576,91,2,59500
11117,4576,287,5,62100
11118,4577,201,1,61600
11119,4577,124,1,26600
11120,4578,248,3,94500
11121,4578,85,1,9000
11122,4578,190,1,66000
11123,4578,143,1,84200
11124,4579,130,1,149000
11125,4579,187,1,93000
11126,4579,44,1,13000
11127,4580,135,1,54000
11128,4580,101,1,101600
11129,4580,87,1,62100
11130,4581,218,2,32000
11131,4582,283,1,138000
11132,4582,72,2,112000
11133,4582,147,1,94000
11134,4583,129,1,23000
11135,4583,284,1,51800
11136,4583,165,5,4200
11137,4583,175,2,37400
11138,4584,184,5,38000
11139,4584,197,2,124400
11140,4584,92,2,173800
11141,4584,133,1,142800
11142,4585,298,4,28000
11143,4586,274,1,98000
11144,4586,75,2,65000
11145,4586,212,2,261000
11146,4586,253,2,20700
11147,4587,162,2,141300
11148,4588,265,1,24600
11149,4588,123,1,132000
11150,4588,213,2,106400
11151,4588,117,1,84600
11152,4588,91,1,63000
11153,4589,74,1,62400
11154,4590,262,1,95400
11155,4591,83,1,156000
11156,4591,43,5,152200
11157,4592,255,1,12800
11158,4592,155,2,34000
11159,4592,223,2,95000
11160,4593,183,1,98400
11161,4593,271,1,86400
11162,4594,235,1,21000
11163,4595,105,1,38700
11164,4595,85,2,10000
11165,4595,223,2,90000
11166,4596,289,4,37000
11167,4596,91,1,70000
11168,4597,73,1,64000
11169,4597,286,1,9900
11170,4598,21,1,80000
11171,4599,150,1,30600
11172,4600,9,4,46800
11173,4600,252,2,267300
11174,4601,200,1,125000
11175,4601,83,3,156000
11176,4602,143,1,99000
11177,4602,277,1,71400
11178,4602,215,1,54400
11179,4603,184,3,34000
11180,4603,260,2,43000
11181,4603,61,1,28900
11182,4603,200,3,118800
11183,4604,296,1,22000
11184,4605,115,1,60800
11185,4605,195,2,38200
11186,4605,252,2,267300
11187,4606,296,3,19800
11188,4606,189,2,27900
11189,4607,52,1,291200
11190,4608,112,3,225000
11191,4608,119,1,11200
11192,4609,245,1,54400
11193,4610,186,1,39900
11194,4610,229,1,42800
11195,4610,230,2,89300
11196,4610,271,1,86400
11197,4611,153,1,164000
11198,4611,93,2,140800
11199,4612,96,1,30000
11200,4612,203,3,101600
11201,4613,160,3,112000
11202,4613,46,1,15300
11203,4614,32,1,165600
11204,4614,82,4,208000
11205,4614,270,1,87600
11206,4615,219,1,31500
11207,4616,288,1,68400
11208,4616,16,1,14400
11209,4616,254,1,50400
11210,4617,43,1,161100
11211,4617,35,3,57600
11212,4617,149,1,23000
11213,4618,97,1,83700
11214,4619,298,1,28000
11215,4620,138,1,109200
11216,4621,213,1,106400
11217,4621,281,2,188000
11218,4621,66,1,30000
11219,4621,29,1,13600
11220,4622,114,1,46000
11221,4622,188,2,29700
11222,4623,72,1,126000
11223,4624,296,2,22000
11224,4625,165,1,4500
11225,4625,167,4,159000
11226,4625,173,1,140600
11227,4625,81,2,25000
11228,4625,245,2,68000
11229,4625,281,4,188000
11230,4626,11,3,125000
11231,4626,79,1,27600
11232,4627,275,1,58600
11233,4627,148,4,33200
11234,4627,253,2,19600
11235,4628,157,1,113400
11236,4629,72,1,119000
11237,4629,194,1,72200
11238,4629,234,3,11400
11239,4629,261,1,48000
11240,4630,124,1,25200
11241,4631,50,1,56000
11242,4631,14,1,46600
11243,4631,103,2,37000
11244,4632,233,1,19000
11245,4632,171,1,96900
11246,4632,14,1,49000
11247,4633,291,1,202300
11248,4633,140,1,33200
11249,4633,300,1,118000
11250,4633,206,1,30000
11251,4633,90,1,104400
11252,4633,284,2,61000
11253,4634,51,1,109600
11254,4634,63,4,106000
11255,4635,288,1,60800
11256,4636,25,2,25000
11257,4636,172,2,295200
11258,4636,209,3,3600
11259,4636,39,1,52200
11260,4637,292,2,235200
11261,4638,253,1,23000
11262,4639,195,2,45000
11263,4640,163,2,135800
11264,4640,76,1,11000
11265,4640,215,4,64000
11266,4641,153,2,164000
11267,4641,286,1,11000
11268,4642,66,1,25500
11269,4642,115,4,64000
11270,4643,96,1,27000
11271,4643,54,1,32300
11272,4643,135,1,54000
11273,4644,226,1,23800
11274,4644,124,1,28000
11275,4644,158,4,33300
11276,4645,291,1,214200
11277,4645,261,1,45600
11278,4646,295,5,48400
11279,4646,143,1,84200
11280,4647,192,1,362000
11281,4647,209,1,3800
11282,4647,191,1,93000
11283,4648,123,2,118800
11284,4648,199,3,8800
11285,4649,4,1,43000
11286,4650,208,2,64600
11287,4650,154,2,63600
11288,4651,140,3,33200
11289,4651,37,1,25000
11290,4651,38,3,103500
11291,4652,181,1,57000
11292,4653,284,1,54900
11293,4653,151,1,29700
11294,4654,32,1,186300
11295,4654,1,1,64600
11296,4654,97,2,79000
11297,4654,243,2,154800
11298,4654,27,1,36100
11299,4655,226,3,26600
11300,4655,3,1,19800
11301,4655,141,1,64000
11302,4655,51,1,116100
11303,4655,31,1,46000
11304,4656,280,2,115900
11305,4657,112,1,212500
11306,4657,172,2,328000
11307,4657,260,1,43000
11308,4657,125,1,45000
11309,4658,31,1,41400
11310,4659,244,1,45600
11311,4660,165,1,4800
11312,4660,7,1,97800
11313,4661,291,2,238000
11314,4661,214,2,64000
11315,4662,41,1,33300
11316,4662,83,1,156000
11317,4662,205,1,22400
11318,4663,62,1,259400
11319,4663,233,1,18000
11320,4663,38,1,97800
11321,4664,184,1,38000
11322,4664,274,2,83300
11323,4665,285,1,19000
11324,4665,125,5,40500
11325,4666,115,1,57600
11326,4666,196,1,24000
11327,4666,142,2,203000
11328,4667,203,1,96300
11329,4667,263,2,56700
11330,4668,24,1,47500
11331,4668,12,4,158400
11332,4669,139,3,41800
11333,4670,131,1,73800
11334,4670,203,4,85600
11335,4671,92,1,183000
11336,4671,110,1,115600
11337,4672,34,1,69600
11338,4673,130,2,149000
11339,4674,196,3,22800
11340,4675,204,2,6600
11341,4676,295,2,40800
11342,4676,73,2,68000
11343,4676,50,4,59000
11344,4676,150,5,34200
11345,4676,59,4,34200
11346,4677,36,1,32300
11347,4677,47,1,16000
11348,4678,104,1,21200
11349,4679,44,2,12400
11350,4679,247,4,55000
11351,4680,217,1,120000
11352,4680,298,2,28000
11353,4681,80,4,90100
11354,4681,299,2,46600
11355,4682,184,1,40000
11356,4682,150,1,28800
11357,4682,223,1,90000
11358,4683,129,1,27000
11359,4683,138,2,115000
11360,4683,75,2,61800
11361,4684,72,1,126000
11362,4685,44,1,12400
11363,4686,88,1,118800
11364,4686,221,2,30000
11365,4687,74,1,70200
11366,4687,111,2,123200
11367,4688,284,1,61000
11368,4689,80,4,106000
11369,4689,163,4,135800
11370,4690,53,1,32000
11371,4690,286,2,11000
11372,4691,290,1,25000
11373,4691,147,3,94000
11374,4692,274,1,78400
11375,4692,84,3,84600
11376,4692,53,3,28800
11377,4692,183,2,123000
11378,4693,73,1,80000
11379,4693,258,3,106000
11380,4694,194,2,85000
11381,4694,270,3,97800
11382,4695,191,1,74400
11383,4696,10,1,106200
11384,4696,174,1,49500
11385,4697,133,2,159600
11386,4697,103,1,35200
11387,4697,72,1,140000
11388,4697,207,1,52000
11389,4697,243,2,138600
11390,4697,277,1,75600
11391,4698,229,1,45000
11392,4698,61,1,34000
11393,4698,289,1,33200
11394,4699,1,4,61200
11395,4700,184,2,40000
11396,4701,287,1,55200
11397,4702,43,1,179000
11398,4703,137,2,82600
11399,4704,213,1,119700
11400,4704,125,1,42800
11401,4704,143,3,89100
11402,4705,124,1,22400
11403,4706,65,3,51000
11404,4706,215,4,57600
11405,4706,175,2,44000
11406,4707,88,1,118800
11407,4707,261,4,43200
11408,4707,282,2,315400
11409,4707,197,5,131000
11410,4708,244,1,45600
11411,4708,30,2,32300
11412,4709,227,1,73200
11413,4709,293,1,136000
11414,4709,275,1,69000
11415,4709,156,1,33200
11416,4709,255,2,12800
11417,4710,276,1,14000
11418,4711,300,1,94400
11419,4711,165,2,5000
11420,4712,265,1,27600
11421,4712,290,3,22500
11422,4712,74,1,74100
11423,4712,69,1,5700
11424,4713,131,2,82000
11425,4713,84,2,94000
11426,4713,155,2,32000
11427,4713,86,5,22000
11428,4714,24,2,50000
11429,4715,209,1,4000
11430,4715,98,1,107000
11431,4715,203,1,96300
11432,4715,181,2,51300
11433,4716,234,2,11400
11434,4716,293,1,129200
11435,4716,85,1,10000
11436,4717,98,3,96300
11437,4717,165,3,5000
11438,4717,262,1,90100
11439,4717,298,1,23800
11440,4717,185,1,4800
11441,4718,96,1,24000
11442,4718,293,2,136000
11443,4718,139,1,44000
11444,4718,141,1,64000
11445,4718,83,1,132600
11446,4718,121,1,18000
11447,4719,45,1,51300
11448,4719,47,1,14400
11449,4719,274,1,93100
11450,4719,84,1,94000
11451,4719,60,1,83600
11452,4719,126,1,13000
11453,4720,238,1,35200
11454,4721,128,1,62900
11455,4721,1,1,68000
11456,4721,66,3,28500
11457,4721,240,1,108900
11458,4721,53,4,28800
11459,4721,219,2,29800
11460,4722,181,4,48400
11461,4723,217,1,108000
11462,4723,290,1,23800
11463,4724,171,1,102000
11464,4724,14,1,39200
11465,4724,103,1,33300
11466,4725,56,2,19000
11467,4725,223,1,95000
11468,4726,265,1,29000
11469,4726,85,3,10000
11470,4727,298,5,26600
11471,4727,235,1,21000
11472,4728,7,1,87600
11473,4729,163,1,135800
11474,4730,283,1,124200
11475,4730,201,1,65400
11476,4730,187,1,79000
11477,4730,180,1,54000
11478,4731,137,1,74000
11479,4731,165,3,4200
11480,4732,243,2,146700
11481,4732,124,1,25200
11482,4732,262,1,106000
11483,4733,64,2,54000
11484,4733,67,2,76000
11485,4733,43,2,161100
11486,4733,183,3,116800
11487,4733,253,1,21800
11488,4733,61,2,32300
11489,4734,65,1,48400
11490,4734,131,1,82000
11491,4734,280,1,109800
11492,4734,122,1,54200
11493,4734,223,1,90000
11494,4735,234,4,9600
11495,4735,51,2,129000
11496,4735,151,1,33000
11497,4736,107,2,102600
11498,4736,291,1,238000
11499,4736,204,2,6300
11500,4736,184,1,40000
11501,4737,138,1,103500
11502,4737,140,1,39000
11503,4738,284,2,61000
11504,4739,189,1,27900
11505,4740,164,4,20000
11506,4740,191,5,93000
11507,4741,61,2,34000
11508,4742,153,1,147600
11509,4742,146,1,29400
11510,4742,108,1,80000
11511,4742,135,1,43200
11512,4743,256,2,18000
11513,4743,106,2,33200
11514,4743,260,1,34400
11515,4743,141,1,64000
11516,4744,273,1,139200
11517,4744,241,1,137700
11518,4744,37,1,23800
11519,4745,33,1,31400
11520,4745,34,1,74000
11521,4745,227,3,69300
11522,4745,261,2,43200
11523,4745,144,3,35100
11524,4745,250,2,139000
11525,4746,281,2,188000
11526,4746,25,1,22500
11527,4746,71,1,134900
11528,4747,91,1,70000
11529,4748,216,1,13600
11530,4749,11,1,125000
11531,4749,83,1,156000
11532,4749,52,2,309400
11533,4749,96,1,28500
11534,4750,273,1,174000
11535,4750,162,1,133400
11536,4750,115,2,57600
11537,4750,34,4,82600
11538,4751,121,2,14400
11539,4751,134,1,24000
11540,4752,36,1,30600
11541,4752,223,5,100000
11542,4753,258,1,95400
11543,4753,183,1,123000
11544,4754,236,1,29400
11545,4754,255,4,12800
11546,4755,11,3,118800
11547,4755,29,1,13600
11548,4755,141,1,60800
11549,4756,299,1,49000
11550,4756,68,1,88400
11551,4757,233,1,16200
11552,4757,186,1,33600
11553,4757,51,2,129000
11554,4758,141,3,54400
11555,4759,122,1,57000
11556,4759,13,1,79200
11557,4760,144,2,37000
11558,4760,258,1,100700
11559,4760,75,1,65000
11560,4760,151,1,31400
11561,4761,145,2,32000
11562,4762,115,1,54400
11563,4762,214,5,60800
11564,4763,146,1,31000
11565,4763,124,1,26600
11566,4764,221,1,28500
11567,4764,223,4,90000
11568,4765,33,2,29700
11569,4765,292,1,235200
11570,4765,69,2,5700
11571,4765,80,3,100700
11572,4765,24,1,50000
11573,4766,55,1,19600
11574,4767,41,3,31400
11575,4767,5,1,58000
11576,4767,22,3,189000
11577,4767,25,1,25000
11578,4768,106,1,31500
11579,4768,260,3,38700
11580,4769,83,2,140400
11581,4770,8,3,121000
11582,4770,9,4,52200
11583,4770,25,1,25000
11584,4771,264,1,64800
11585,4771,265,1,24600
11586,4771,80,2,106000
11587,4771,121,2,16200
11588,4772,73,1,80000
11589,4773,26,2,12000
11590,4773,21,2,76000
11591,4773,132,2,25000
11592,4773,253,1,23000
11593,4774,5,5,49300
11594,4774,63,1,100700
11595,4775,44,2,13000
11596,4775,189,5,29400
11597,4775,278,1,47700
11598,4776,107,1,86400
11599,4776,131,2,69700
11600,4777,251,1,200400
11601,4778,136,1,30600
11602,4778,280,1,103700
11603,4778,164,1,18000
11604,4778,240,1,121000
11605,4779,291,1,238000
11606,4779,123,1,105600
11607,4780,130,2,126600
11608,4780,148,1,29800
11609,4780,141,1,64000
11610,4781,192,1,362000
11611,4781,167,2,159000
11612,4781,143,1,94000
11613,4782,112,2,250000
11614,4782,177,3,114000
11615,4782,243,1,163000
11616,4782,276,1,13300
11617,4782,217,1,120000
11618,4782,62,1,259400
11619,4783,232,1,171000
11620,4784,209,5,4000
11621,4785,264,1,72000
11622,4785,17,1,101600
11623,4785,239,2,43700
11624,4786,47,1,15200
11625,4787,240,4,108900
11626,4787,224,1,87400
11627,4787,56,1,18000
11628,4787,66,1,30000
11629,4788,224,3,82800
11630,4789,170,1,92600
11631,4790,201,2,65400
11632,4790,163,1,128700
11633,4791,34,1,78300
11634,4791,46,5,16200
11635,4791,211,1,67000
11636,4791,89,1,46000
11637,4791,28,1,102600
11638,4792,203,1,101600
11639,4792,172,1,328000
11640,4792,101,3,107000
11641,4793,249,1,41000
11642,4793,155,1,38000
11643,4793,63,2,106000
11644,4794,110,1,136000
11645,4795,273,1,165300
11646,4795,26,1,12000
11647,4796,65,1,51000
11648,4796,93,1,176000
11649,4797,161,4,137600
11650,4797,61,1,32300
11651,4797,85,1,9000
11652,4798,176,2,28000
11653,4798,169,3,39600
11654,4798,140,1,39000
11655,4799,63,1,100700
11656,4800,52,1,345800
11657,4801,281,1,188000
11658,4801,187,3,93000
11659,4802,297,4,35200
11660,4802,34,2,74000
11661,4802,67,4,68000
11662,4802,124,1,28000
11663,4803,32,2,186300
11664,4803,154,1,60300
11665,4803,54,1,34000
11666,4803,47,2,14400
11667,4804,8,2,108900
11668,4804,250,2,111200
11669,4804,45,3,54000
11670,4804,37,1,23800
11671,4805,65,3,48400
11672,4805,78,2,55800
11673,4805,119,1,11900
11674,4806,163,1,135800
11675,4807,192,1,343900
11676,4808,260,2,43000
11677,4809,19,1,51000
11678,4810,182,1,222300
11679,4810,238,1,29600
11680,4811,183,2,98400
11681,4811,27,1,32300
11682,4811,245,2,61200
11683,4811,189,1,31000
11684,4812,110,1,136000
11685,4812,171,1,102000
11686,4812,268,1,88000
11687,4812,190,1,59400
11688,4813,186,1,39900
11689,4813,90,3,116000
11690,4813,214,1,57600
11691,4814,146,1,29400
11692,4815,25,3,25000
11693,4815,3,1,20900
11694,4815,255,2,15000
11695,4816,293,4,129200
11696,4817,133,1,159600
11697,4817,44,1,11000
11698,4817,78,5,62000
11699,4817,213,1,119700
11700,4817,222,1,168000
11701,4818,195,1,45000
11702,4819,213,1,119700
11703,4819,5,2,58000
11704,4819,260,1,40800
11705,4819,293,1,129200
11706,4820,123,1,118800
11707,4820,213,2,113000
11708,4821,65,3,45900
11709,4821,9,1,49500
11710,4821,237,3,27000
11711,4821,15,2,73000
11712,4821,143,1,94000
11713,4822,294,1,19000
11714,4822,262,5,106000
11715,4822,167,2,151000
11716,4823,153,1,147600
11717,4824,64,1,45900
11718,4824,202,2,216900
11719,4824,35,2,57600
11720,4825,123,1,112200
11721,4825,12,1,158400
11722,4826,192,1,343900
11723,4826,163,2,135800
11724,4826,105,1,36600
11725,4826,215,1,60800
11726,4826,156,1,39000
11727,4827,233,1,16200
11728,4828,208,2,76000
11729,4828,284,1,58000
11730,4828,174,1,52200
11731,4829,292,1,294000
11732,4830,91,2,63000
11733,4830,294,1,16200
11734,4830,63,1,84800
11735,4831,180,1,48600
11736,4831,53,1,30400
11737,4832,83,1,156000
11738,4832,206,3,28500
11739,4832,195,5,45000
11740,4833,1,1,68000
11741,4834,113,2,61800
11742,4834,17,4,107000
11743,4835,20,1,74700
11744,4836,262,1,95400
11745,4836,73,1,80000
11746,4836,300,2,100300
11747,4836,177,2,120000
11748,4836,213,1,113000
11749,4836,191,2,93000
11750,4837,72,1,126000
11751,4837,48,2,51800
11752,4837,253,2,19600
11753,4838,18,2,94000
11754,4838,290,1,20000
11755,4838,122,1,54200
11756,4839,271,2,91800
11757,4839,94,2,65600
11758,4839,278,1,53000
11759,4840,72,4,140000
11760,4841,31,1,36800
11761,4842,242,1,202400
11762,4843,276,2,14000
11763,4844,250,1,139000
11764,4845,282,1,352400
11765,4846,184,1,40000
11766,4846,251,1,179400
11767,4846,124,2,22400
11768,4846,13,2,79200
11769,4847,288,1,76000
11770,4847,131,1,82000
11771,4847,12,2,167200
11772,4847,4,1,38700
11773,4848,190,1,66000
11774,4848,31,2,43700
11775,4849,277,1,71400
11776,4849,165,1,4500
11777,4849,70,1,126900
11778,4850,290,2,22500
11779,4850,77,1,146000
11780,4851,26,1,10800
11781,4851,143,1,94000
11782,4852,96,1,30000
11783,4852,100,3,45000
11784,4852,171,1,102000
11785,4852,117,1,94000
11786,4852,251,1,168800
11787,4853,269,1,29000
11788,4854,200,4,118800
11789,4854,236,1,29400
11790,4855,1,2,57800
11791,4855,122,3,54200
11792,4855,187,2,93000
11793,4855,151,1,33000
11794,4856,11,1,106200
11795,4856,294,2,17100
11796,4856,183,1,110700
11797,4857,272,1,321100
11798,4857,153,5,139400
11799,4858,8,1,121000
11800,4858,291,1,190400
11801,4859,80,1,106000
11802,4859,161,1,154800
11803,4859,223,1,95000
11804,4860,275,3,65600
11805,4860,132,3,21200
11806,4861,168,2,21000
11807,4861,141,1,64000
11808,4861,83,1,140400
11809,4861,84,1,84600
11810,4861,31,2,46000
11811,4862,51,1,116100
11812,4862,271,1,97200
11813,4863,57,1,18700
11814,4863,45,2,54000
11815,4863,270,2,82400
11816,4864,64,2,54000
11817,4864,202,1,229000
11818,4864,44,2,13000
11819,4864,52,1,309400
11820,4864,187,1,83700
11821,4865,169,2,37400
11822,4865,122,2,51300
11823,4865,107,1,108000
11824,4866,42,3,171000
11825,4866,45,1,45900
11826,4867,153,1,164000
11827,4867,204,1,6600
11828,4867,41,1,37000
11829,4867,111,5,145000
11830,4868,101,2,101600
11831,4868,71,1,127800
11832,4868,202,1,241000
11833,4868,266,1,30000
11834,4868,74,1,70200
11835,4868,92,1,155600
11836,4869,227,2,77000
11837,4869,292,1,249900
11838,4869,195,1,45000
11839,4869,7,4,92700
11840,4869,171,1,86700
11841,4870,200,1,118800
11842,4870,74,1,78000
11843,4870,205,1,28000
11844,4870,208,2,64600
11845,4870,18,2,99000
11846,4870,247,1,44000
11847,4871,236,1,31000
11848,4871,165,1,4800
11849,4871,271,1,91800
11850,4872,112,2,250000
11851,4873,227,1,73200
11852,4874,221,1,28500
11853,4874,95,2,66600
11854,4875,25,4,23800
11855,4875,181,1,48400
11856,4876,212,1,291600
11857,4876,14,1,49000
11858,4877,266,1,27000
11859,4877,46,1,14400
11860,4877,79,1,27600
11861,4877,112,1,250000
11862,4877,191,1,93000
11863,4878,53,2,30400
11864,4878,151,1,33000
11865,4879,64,1,54000
11866,4880,196,4,22800
11867,4880,103,2,33300
11868,4880,105,1,43000
11869,4880,11,1,112500
11870,4880,155,1,38000
11871,4881,183,1,110700
11872,4881,234,1,12000
11873,4881,51,1,129000
11874,4881,127,2,120600
11875,4882,160,1,140000
11876,4882,127,3,120600
11877,4883,285,1,17100
11878,4884,258,1,106000
11879,4884,215,2,51200
11880,4885,9,1,55000
11881,4886,98,2,91000
11882,4886,275,1,62100
11883,4886,93,1,158400
11884,4887,213,1,126400
11885,4888,185,1,5400
11886,4889,26,4,11400
11887,4889,199,1,9900
11888,4890,142,1,172600
11889,4891,216,2,16000
11890,4891,204,1,6000
11891,4892,257,1,134000
11892,4892,131,1,69700
11893,4892,272,5,287300
11894,4892,177,1,120000
11895,4892,212,2,307000
11896,4892,21,1,68000
11897,4893,96,1,24000
11898,4893,203,2,101600
11899,4894,240,2,121000
11900,4894,83,2,156000
11901,4895,251,2,211000
11902,4895,213,1,126400
11903,4896,143,1,79200
11904,4897,264,5,72000
11905,4897,105,1,43000
11906,4897,243,1,146700
11907,4898,35,1,64000
11908,4898,263,3,53600
11909,4898,210,1,103000
11910,4898,50,2,59000
11911,4898,156,2,33200
11912,4899,125,1,45000
11913,4899,229,1,42800
11914,4900,235,2,21000
11915,4900,45,2,51300
11916,4900,182,2,210600
11917,4901,66,3,27000
11918,4902,204,1,5600
11919,4902,276,1,14000
11920,4902,253,1,23000
11921,4902,231,3,200400
11922,4903,29,1,16200
11923,4903,42,1,171000
11924,4903,85,1,9500
11925,4904,123,1,125400
11926,4905,233,1,19000
11927,4905,91,2,66500
11928,4905,117,3,84600
11929,4906,178,2,7600
11930,4907,74,2,70200
11931,4907,7,2,87600
11932,4907,117,5,89300
11933,4907,215,1,60800
11934,4908,14,3,41600
11935,4909,105,1,43000
11936,4909,21,1,80000
11937,4909,110,1,129200
11938,4910,218,1,28800
11939,4910,13,2,88000
11940,4911,144,2,35100
11941,4912,173,2,133200
11942,4912,167,1,159000
11943,4913,8,2,108900
11944,4913,145,1,28800
11945,4913,203,2,107000
11946,4914,208,1,68400
11947,4914,291,2,214200
11948,4915,289,1,39000
11949,4915,201,1,69300
11950,4915,297,1,37000
11951,4916,224,2,82800
11952,4916,178,1,6800
11953,4916,95,1,74000
11954,4916,135,2,48600
11955,4917,197,1,111400
11956,4917,247,2,52200
11957,4918,145,1,28800
11958,4918,260,1,38700
11959,4919,215,3,54400
11960,4919,247,1,52200
11961,4920,129,3,27000
11962,4920,228,1,130000
11963,4921,176,1,26600
11964,4921,291,1,202300
11965,4922,16,1,15300
11966,4922,157,1,126000
11967,4923,105,1,38700
11968,4924,114,2,46000
11969,4924,188,1,29700
11970,4925,184,2,36000
11971,4925,110,1,136000
11972,4926,194,1,85000
11973,4926,103,2,35200
11974,4926,235,3,21000
11975,4926,284,2,54900
11976,4926,222,1,151200
11977,4927,148,1,28000
11978,4927,190,2,59400
11979,4928,233,1,17100
11980,4928,127,1,127300
11981,4929,21,2,72000
11982,4929,283,1,124200
11983,4929,85,1,10000
11984,4930,219,1,31500
11985,4931,62,2,273000
11986,4932,136,3,34200
11987,4932,154,1,57000
11988,4933,256,1,18000
11989,4933,213,1,133000
11990,4933,237,2,24300
11991,4934,212,1,291600
11992,4935,201,1,73200
11993,4936,258,5,100700
11994,4936,287,1,69000
11995,4936,95,4,70300
11996,4936,71,1,127800
11997,4937,178,1,8000
11998,4937,15,1,65700
11999,4938,259,1,7600
12000,4938,3,2,22000
12001,4938,207,1,49400
12002,4938,185,1,5400
12003,4938,221,1,30000
12004,4939,284,2,61000
12005,4940,241,1,145400
12006,4940,13,4,79200
12007,4941,260,5,36600
12008,4941,292,2,294000
12009,4942,257,1,120600
12010,4942,275,3,69000
12011,4943,235,1,18900
12012,4944,74,1,74100
12013,4944,92,2,183000
12014,4945,34,1,82600
12015,4945,19,3,51000
12016,4945,151,1,33000
12017,4946,153,1,139400
12018,4946,260,1,43000
12019,4946,25,3,23800
12020,4946,263,1,59800
12021,4947,87,2,69000
12022,4948,280,1,115900
12023,4948,247,1,49500
12024,4949,41,2,31400
12025,4949,213,1,113000
12026,4950,132,3,23800
12027,4950,119,1,12600
12028,4951,217,2,96000
12029,4952,96,2,28500
12030,4952,116,2,14400
12031,4952,231,1,211000
12032,4953,257,1,120600
12033,4954,23,2,86400
12034,4955,211,2,60300
12035,4955,294,1,19000
12036,4955,119,2,11200
12037,4956,234,1,12000
12038,4956,300,1,118000
12039,4956,46,1,17100
12040,4956,16,1,18000
12041,4956,124,1,23800
12042,4957,72,3,126000
12043,4957,148,1,29800
12044,4958,34,1,74000
12045,4958,91,2,66500
12046,4958,141,4,57600
12047,4959,136,1,34200
12048,4959,251,2,189900
12049,4959,141,3,60800
12050,4959,166,1,30000
12051,4960,283,1,124200
12052,4960,44,4,11700
12053,4961,75,2,52000
12054,4962,291,1,238000
12055,4962,4,1,34400
12056,4963,138,1,115000
12057,4963,36,1,34000
12058,4964,203,1,101600
12059,4964,181,1,54200
12060,4965,114,1,43700
12061,4966,62,1,273000
12062,4967,72,1,140000
12063,4967,241,1,153000
12064,4968,33,1,28000
12065,4968,227,1,77000
12066,4968,295,2,51000
12067,4968,58,1,7600
12068,4968,94,1,55200
12069,4969,123,1,112200
12070,4970,21,1,64000
12071,4970,267,3,71200
12072,4970,171,1,102000
12073,4971,93,1,176000
12074,4971,141,2,60800
12075,4972,12,3,176000
12076,4972,93,1,167200
12077,4973,193,1,26600
12078,4973,275,2,62100
12079,4973,141,1,51200
12080,4973,207,1,52000
12081,4974,151,3,29700
12082,4974,170,1,92600
12083,4974,183,1,116800
12084,4975,72,2,119000
12085,4975,235,1,18900
12086,4975,79,1,26100
12087,4975,27,1,38000
12088,4975,255,2,12800
12089,4976,224,1,82800
12090,4977,161,1,163400
12091,4977,147,1,94000
12092,4978,141,3,64000
12093,4979,119,2,13300
12094,4980,185,1,6000
12095,4980,4,4,40800
12096,4980,39,1,52200
12097,4980,295,1,51000
12098,4981,296,3,22000
12099,4982,194,1,80800
12100,4982,243,1,154800
12101,4983,71,2,142000
12102,4983,263,3,59800
12103,4983,177,1,120000
12104,4983,53,1,32000
12105,4983,218,2,32000
12106,4983,60,1,88000
12107,4984,212,5,261000
12108,4984,175,1,44000
12109,4985,201,2,73200
12110,4985,14,1,44100
12111,4986,212,2,307000
12112,4987,72,1,133000
12113,4987,28,1,97200
12114,4988,165,1,4000
12115,4988,201,1,77000
12116,4988,44,3,13000
12117,4988,61,1,34000
12118,4988,285,1,19000
12119,4989,91,1,70000
12120,4989,261,1,40800
12121,4989,143,2,94000
12122,4990,27,3,34200
12123,4990,236,1,31000
12124,4990,133,1,168000
12125,4990,243,3,138600
12126,4991,251,1,211000
12127,4991,252,3,282200
12128,4992,162,1,133400
12129,4992,141,2,64000
12130,4992,254,2,47700
12131,4993,219,1,31500
12132,4994,6,2,40000
12133,4994,71,1,142000
12134,4994,105,2,36600
12135,4994,171,1,96900
12136,4994,236,1,24800
12137,4994,76,1,13000
12138,4995,65,1,51000
12139,4996,184,1,38000
12140,4996,64,2,51300
12141,4996,30,1,38000
12142,4996,230,2,89300
12143,4997,146,4,31000
12144,4997,259,1,7600
12145,4998,266,1,30000
12146,4998,76,1,12400
12147,4998,83,1,148200
12148,4998,52,1,345800
12149,4998,55,3,23000
12150,4998,95,1,74000
12151,4999,83,5,156000
12152,5000,252,5,297000
12153,5001,272,2,321100
12154,5001,256,1,18000
12155,5002,166,4,30000
12156,5002,246,1,13600
12157,5003,265,3,26100
12158,5003,246,1,12800
12159,5003,191,1,93000
12160,5004,135,3,45900
12161,5005,81,5,22500
12162,5005,241,3,153000
12163,5005,211,1,57000
12164,5005,86,1,22000
12165,5005,62,1,259400
12166,5005,190,1,56100
12167,5006,155,5,40000
12168,5006,236,2,27900
12169,5006,21,1,72000
12170,5006,141,1,64000
12171,5007,122,2,51300
12172,5008,128,1,74000
12173,5008,281,1,178600
12174,5009,35,3,54400
12175,5009,63,3,100700
12176,5010,248,3,89200
12177,5011,48,1,48800
12178,5011,170,1,98100
12179,5011,213,1,119700
12180,5012,197,1,131000
12181,5012,241,1,153000
12182,5012,285,1,19000
12183,5012,141,1,60800
12184,5013,152,1,148800
12185,5013,87,1,58600
12186,5014,26,1,11400
12187,5014,204,1,6300
12188,5015,161,1,172000
12189,5015,165,2,4500
12190,5015,297,1,37000
12191,5015,113,1,65000
12192,5015,181,3,54200
12193,5015,250,1,125100
12194,5016,160,1,133000
12195,5016,64,1,48600
12196,5017,249,1,39000
12197,5018,224,1,92000
12198,5018,125,1,40500
12199,5019,155,5,38000
12200,5020,24,2,47500
12201,5020,226,1,23800
12202,5020,60,3,79200
12203,5020,38,1,109200
12204,5021,290,2,22500
12205,5021,5,4,58000
12206,5022,75,1,61800
12207,5022,2,1,163000
12208,5022,27,2,34200
12209,5023,80,1,100700
12210,5024,188,1,28000
12211,5024,189,4,29400
12212,5024,36,2,27200
12213,5024,263,2,59800
12214,5025,192,2,343900
12215,5025,46,1,18000
12216,5025,148,1,35000
12217,5025,184,1,40000
12218,5025,91,1,70000
12219,5026,264,2,72000
12220,5026,65,2,51000
12221,5026,40,1,85000
12222,5026,251,3,189900
12223,5027,75,3,58500
12224,5028,72,1,133000
12225,5029,35,1,64000
12226,5029,44,1,12400
12227,5029,78,2,58900
12228,5029,143,2,99000
12229,5030,145,1,28800
12230,5030,211,1,57000
12231,5031,172,1,328000
12232,5032,104,2,23800
12233,5033,197,1,131000
12234,5034,289,2,39000
12235,5034,67,3,72000
12236,5034,157,1,107100
12237,5035,155,1,40000
12238,5036,65,1,45900
12239,5037,208,1,64600
12240,5037,121,2,16200
12241,5037,235,1,18900
12242,5038,107,2,97200
12243,5038,197,1,111400
12244,5038,295,5,51000
12245,5039,224,4,92000
12246,5040,151,3,33000
12247,5040,239,1,41400
12248,5041,19,1,48400
12249,5041,190,4,62700
12250,5041,155,1,36000
12251,5041,270,1,97800
12252,5042,168,2,17800
12253,5042,21,1,76000
12254,5042,254,1,50400
12255,5042,55,1,20700
12256,5043,65,2,45900
12257,5043,33,3,31400
12258,5043,197,2,117900
12259,5043,296,3,20900
12260,5043,139,1,35200
12261,5044,210,1,87600
12262,5044,59,1,38000
12263,5044,102,2,254700
12264,5045,183,1,110700
12265,5046,162,3,149200
12266,5046,238,1,33300
12267,5047,196,2,20400
12268,5047,38,1,115000
12269,5048,135,1,48600
12270,5048,295,2,45900
12271,5049,291,1,238000
12272,5049,63,1,90100
12273,5050,227,1,65400
12274,5050,198,2,20700
12275,5051,72,1,112000
12276,5051,65,1,51000
12277,5051,162,1,157000
12278,5051,84,1,94000
12279,5052,104,1,22500
12280,5052,226,1,25200
12281,5052,212,1,307000
12282,5052,46,3,18000
12283,5053,51,3,129000
12284,5053,100,2,45000
12285,5054,249,1,36900
12286,5054,186,1,37800
12287,5055,1,1,68000
12288,5055,75,1,61800
12289,5055,81,2,25000
12290,5055,19,1,40800
12291,5055,59,1,30400
12292,5056,192,1,307700
12293,5057,169,2,44000
12294,5057,125,2,42800
12295,5057,253,3,18400
12296,5058,274,1,93100
12297,5058,27,1,36100
12298,5058,15,2,69400
12299,5058,183,2,123000
12300,5059,296,1,22000
12301,5059,153,1,131200
12302,5060,200,1,100000
12303,5060,283,1,138000
12304,5060,186,3,39900
12305,5060,243,1,163000
12306,5061,226,1,28000
12307,5061,12,2,149600
12308,5061,54,1,28900
12309,5061,167,2,127200
12310,5062,135,1,48600
12311,5063,186,1,39900
12312,5063,179,1,16200
12313,5063,62,1,259400
12314,5064,158,2,33300
12315,5065,164,1,19000
12316,5066,99,1,22500
12317,5066,275,1,58600
12318,5067,152,1,175000
12319,5067,107,3,91800
12320,5067,52,1,327600
12321,5067,61,1,30600
12322,5068,100,2,45000
12323,5069,144,1,39000
12324,5069,157,2,126000
12325,5070,98,1,96300
12326,5070,107,1,91800
12327,5070,103,2,37000
12328,5071,275,2,69000
12329,5071,91,1,66500
12330,5072,177,4,120000
12331,5072,93,1,158400
12332,5072,23,1,91000
12333,5073,226,1,26600
12334,5073,263,1,56700
12335,5074,210,2,103000
12336,5074,54,2,28900
12337,5075,300,1,112100
12338,5075,269,2,29000
12339,5076,232,1,171000
12340,5076,137,3,82600
12341,5076,284,1,58000
12342,5077,296,1,22000
12343,5077,243,2,163000
12344,5078,274,1,83300
12345,5079,86,1,19800
12346,5079,279,2,20000
12347,5080,96,2,24000
12348,5080,171,3,86700
12349,5081,121,1,18000
12350,5081,141,2,60800
12351,5082,73,1,64000
12352,5082,14,1,41600
12353,5082,279,2,23800
12354,5083,253,1,23000
12355,5083,193,5,28000
12356,5083,189,3,27900
12357,5084,228,2,117000
12358,5084,38,4,103500
12359,5084,79,1,26100
12360,5085,296,1,22000
12361,5086,148,1,33200
12362,5086,276,2,14000
12363,5087,20,1,83000
12364,5087,263,3,59800
12365,5088,129,1,27000
12366,5088,195,4,45000
12367,5088,254,5,47700
12368,5088,79,1,27600
12369,5089,34,1,87000
12370,5089,296,2,22000
12371,5089,114,1,43700
12372,5089,275,1,69000
12373,5089,148,1,31500
12374,5089,245,1,64600
12375,5090,260,2,40800
12376,5091,36,2,32300
12377,5091,175,1,41800
12378,5091,51,1,122600
12379,5091,85,1,9000
12380,5091,245,1,64600
12381,5092,80,3,106000
12382,5092,68,1,98800
12383,5093,280,1,109800
12384,5093,161,1,172000
12385,5093,2,1,163000
12386,5093,185,1,6000
12387,5094,281,1,169200
12388,5095,165,1,5000
12389,5095,71,1,142000
12390,5096,176,1,25200
12391,5096,201,1,77000
12392,5096,268,1,83600
12393,5096,284,3,61000
12394,5097,273,1,147900
12395,5098,90,1,110200
12396,5098,174,2,55000
12397,5098,230,2,89300
12398,5099,64,1,43200
12399,5099,223,1,95000
12400,5100,181,5,57000
12401,5100,63,1,84800
12402,5101,26,1,11400
12403,5101,204,1,7000
12404,5102,172,1,278800
12405,5102,165,1,4000
12406,5103,297,2,37000
12407,5103,246,4,13600
12408,5103,127,1,134000
12409,5104,8,1,102800
12410,5104,40,1,100000
12411,5105,53,1,27200
12412,5105,238,2,35200
12413,5105,55,1,20700
12414,5106,73,1,64000
12415,5106,147,1,89100
12416,5106,53,3,28800
12417,5107,144,2,39000
12418,5107,101,1,107000
12419,5108,88,1,118800
12420,5108,258,1,95400
12421,5108,235,1,16800
12422,5108,294,1,19000
12423,5109,40,3,100000
12424,5109,41,1,37000
12425,5109,188,1,28000
12426,5109,46,2,18000
12427,5110,3,1,22000
12428,5110,91,2,63000
12429,5110,116,1,14400
12430,5110,61,1,32300
12431,5111,155,2,34000
12432,5112,80,2,95400
12433,5112,119,1,12600
12434,5113,272,1,321100
12435,5113,282,2,371000
12436,5113,20,1,78800
12437,5113,263,1,63000
12438,5114,31,1,39100
12439,5115,201,1,77000
12440,5115,284,2,61000
12441,5116,247,2,49500
12442,5116,175,1,41800
12443,5117,184,4,34000
12444,5117,91,1,66500
12445,5117,94,2,62100
12446,5118,230,2,94000
12447,5119,289,1,37000
12448,5119,95,4,74000
12449,5120,121,2,16200
12450,5120,67,1,80000
12451,5121,192,5,289600
12452,5121,114,1,43700
12453,5121,187,3,88400
12454,5122,97,1,93000
12455,5122,25,4,22500
12456,5123,256,4,17100
12457,5123,94,1,69000
12458,5123,77,1,116800
12459,5123,238,1,31400
12460,5124,243,1,163000
12461,5124,39,1,55000
12462,5124,231,2,200400
12463,5125,246,3,16000
12464,5126,59,1,34200
12465,5126,148,1,35000
12466,5127,157,1,126000
12467,5127,175,1,39600
12468,5128,153,4,147600
12469,5128,52,1,327600
12470,5128,103,1,37000
12471,5129,64,1,54000
12472,5129,270,1,103000
12473,5130,263,3,59800
12474,5130,266,2,27000
12475,5130,16,1,18000
12476,5130,179,1,15300
12477,5130,221,2,30000
12478,5130,63,1,106000
12479,5131,96,3,24000
12480,5131,170,1,92600
12481,5131,251,1,211000
12482,5132,96,3,28500
12483,5132,235,1,20000
12484,5133,213,1,113000
12485,5134,292,2,279300
12486,5135,122,1,57000
12487,5136,290,2,22500
12488,5137,197,1,117900
12489,5137,19,2,48400
12490,5137,245,1,61200
12491,5137,238,1,35200
12492,5138,101,3,107000
12493,5139,184,1,40000
12494,5139,74,1,78000
12495,5140,177,1,120000
12496,5140,44,1,11000
12497,5141,140,2,33200
12498,5141,85,3,10000
12499,5142,118,1,33000
12500,5142,94,1,62100
12501,5143,129,4,23000
12502,5144,102,1,268800
12503,5145,32,1,207000
12504,5145,181,1,54200
12505,5145,142,2,203000
12506,5145,215,1,51200
12507,5146,35,1,54400
12508,5147,232,2,162400
12509,5147,33,1,33000
12510,5148,275,5,65600
12511,5149,213,3,133000
12512,5150,61,1,34000
12513,5150,62,1,259400
12514,5150,215,1,64000
12515,5151,166,1,30000
12516,5152,137,2,87000
12517,5153,88,2,125000
12518,5153,253,1,23000
12519,5154,241,1,137700
12520,5154,127,1,127300
12521,5154,105,3,43000
12522,5154,119,1,13300
12523,5155,84,3,89300
12524,5155,31,2,41400
12525,5156,29,1,16200
12526,5156,22,2,199500
12527,5156,87,1,55200
12528,5157,39,1,52200
12529,5157,55,1,23000
12530,5158,264,1,72000
12531,5158,185,1,6000
12532,5158,204,1,7000
12533,5158,230,1,94000
12534,5159,65,2,51000
12535,5159,234,1,12000
12536,5159,295,1,43400
12537,5160,3,1,20900
12538,5160,166,1,28500
12539,5160,144,1,39000
12540,5160,152,2,175000
12541,5160,88,1,112500
12542,5161,122,1,57000
12543,5161,19,2,51000
12544,5161,143,1,99000
12545,5162,98,1,107000
12546,5163,75,2,65000
12547,5163,189,1,26400
12548,5164,243,1,154800
12549,5164,287,2,69000
12550,5165,124,1,23800
12551,5166,92,1,146400
12552,5166,119,1,13300
12553,5167,169,5,39600
12554,5167,293,1,115600
12555,5167,205,1,28000
12556,5168,288,1,72200
12557,5168,17,3,96300
12558,5168,100,2,45000
12559,5168,238,2,31400
12560,5169,274,4,88200
12561,5169,43,1,152200
12562,5170,233,1,17100
12563,5170,297,1,33300
12564,5171,44,2,13000
12565,5172,33,1,28000
12566,5172,36,1,30600
12567,5173,66,1,28500
12568,5174,113,2,58500
12569,5175,194,1,85000
12570,5175,262,2,95400
12571,5175,134,3,21600
12572,5175,73,1,76000
12573,5175,154,1,63600
12574,5176,75,1,52000
12575,5176,268,1,83600
12576,5177,184,2,36000
12577,5177,234,1,11400
12578,5178,122,3,57000
12579,5178,171,3,91800
12580,5178,92,2,183000
12581,5178,47,1,15200
12582,5179,274,1,98000
12583,5180,31,1,46000
12584,5181,71,2,134900
12585,5182,170,1,109000
12586,5183,224,3,78200
12587,5183,214,1,57600
12588,5184,9,1,55000
12589,5184,99,2,25000
12590,5184,63,1,100700
12591,5184,295,1,51000
12592,5185,23,1,91000
12593,5186,18,1,99000
12594,5186,299,1,49000
12595,5187,195,2,38200
12596,5187,236,1,31000
12597,5187,7,1,103000
12598,5188,145,1,32000
12599,5189,17,3,96300
12600,5189,236,1,31000
12601,5190,295,1,40800
12602,5191,272,1,321100
12603,5191,122,2,48400
12604,5192,143,1,99000
12605,5193,240,1,108900
12606,5193,55,1,23000
12607,5193,119,2,12600
12608,5194,263,1,56700
12609,5195,213,1,126400
12610,5195,11,1,125000
12611,5195,173,2,148000
12612,5196,245,5,61200
12613,5197,265,1,24600
12614,5197,290,3,23800
12615,5197,141,1,64000
12616,5198,195,2,45000
12617,5198,31,1,43700
12618,5199,104,1,21200
12619,5199,121,1,15300
12620,5200,152,1,175000
12621,5200,253,1,20700
12622,5201,56,1,20000
12623,5201,280,1,115900
12624,5201,113,1,65000
12625,5201,47,2,16000
12626,5202,11,1,112500
12627,5202,85,1,10000
12628,5202,111,3,116000
12629,5203,153,1,164000
12630,5203,67,2,76000
12631,5203,14,2,49000
12632,5204,209,2,3600
12633,5205,93,1,167200
12634,5205,287,3,58600
12635,5206,59,1,38000
12636,5207,75,1,61800
12637,5207,267,1,71200
12638,5208,41,1,37000
12639,5208,285,1,17100
12640,5208,85,2,10000
12641,5209,86,1,22000
12642,5209,251,2,179400
12643,5209,294,1,19000
12644,5210,225,1,4200
12645,5211,73,1,80000
12646,5211,5,2,58000
12647,5212,178,3,8000
12648,5212,238,2,35200
12649,5212,215,1,60800
12650,5213,208,1,76000
12651,5213,156,1,39000
12652,5213,205,2,23800
12653,5213,79,1,29000
12654,5214,152,1,166200
12655,5214,90,1,110200
12656,5214,174,1,55000
12657,5214,23,2,91000
12658,5215,35,2,64000
12659,5215,53,3,27200
12660,5216,264,1,72000
12661,5216,164,1,20000
12662,5217,274,1,98000
12663,5217,146,1,29400
12664,5217,275,1,58600
12665,5217,125,1,42800
12666,5218,224,3,92000
12667,5218,126,4,12400
12668,5218,183,2,98400
12669,5219,80,1,95400
12670,5219,103,1,33300
12671,5220,290,4,23800
12672,5220,38,2,109200
12673,5221,123,4,132000
12674,5222,33,1,33000
12675,5222,271,3,102600
12676,5223,227,1,65400
12677,5223,211,3,67000
12678,5223,223,1,90000
12679,5224,14,1,46600
12680,5225,97,1,88400
12681,5225,109,1,8500
12682,5226,96,1,28500
12683,5226,193,1,25200
12684,5227,44,1,13000
12685,5227,230,1,79900
12686,5227,167,2,143100
12687,5228,288,1,76000
12688,5228,264,1,72000
12689,5228,282,1,352400
12690,5228,113,1,58500
12691,5228,153,2,164000
12692,5228,58,1,7600
12693,5229,128,2,74000
12694,5229,34,2,78300
12695,5229,64,2,54000
12696,5230,11,1,125000
12697,5230,69,1,5400
12698,5230,21,2,64000
12699,5230,173,2,133200
12700,5231,50,1,59000
12701,5231,166,1,30000
12702,5231,271,3,102600
12703,5232,139,1,44000
12704,5233,225,2,4800
12705,5233,13,1,70400
12706,5233,273,1,174000
12707,5234,91,1,56000
12708,5235,184,2,38000
12709,5235,93,1,167200
12710,5236,203,1,107000
12711,5237,93,3,176000
12712,5237,135,1,51300
12713,5238,67,1,64000
12714,5239,224,3,87400
12715,5239,244,1,45600
12716,5240,171,1,102000
12717,5241,128,3,66600
12718,5241,51,1,116100
12719,5242,260,1,38700
12720,5242,139,1,41800
12721,5242,203,3,85600
12722,5242,181,2,54200
12723,5242,254,1,53000
12724,5243,10,2,106200
12725,5243,197,1,111400
12726,5244,130,1,126600
12727,5244,52,1,345800
12728,5244,15,1,65700
12729,5245,184,4,36000
12730,5245,113,1,55200
12731,5245,165,2,5000
12732,5245,62,5,232000
12733,5246,64,1,45900
12734,5247,72,2,126000
12735,5247,178,2,7600
12736,5247,293,2,129200
12737,5247,151,1,31400
12738,5248,145,2,28800
12739,5248,207,1,46800
12740,5249,73,2,80000
12741,5249,243,2,154800
12742,5249,142,1,192800
12743,5250,124,1,26600
12744,5250,50,1,53100
12745,5250,284,1,61000
12746,5250,293,2,136000
12747,5251,209,4,4000
12748,5251,194,1,80800
12749,5251,213,2,126400
12750,5252,209,1,4000
12751,5252,84,1,89300
12752,5252,293,1,129200
12753,5253,251,2,189900
12754,5254,43,1,161100
12755,5255,35,2,57600
12756,5255,200,1,118800
12757,5255,211,1,60300
12758,5255,278,1,53000
12759,5255,94,2,62100
12760,5256,156,1,37000
12761,5257,163,1,143000
12762,5258,184,1,40000
12763,5258,90,1,92800
12764,5259,45,4,51300
12765,5259,142,1,182700
12766,5259,159,1,21000
12767,5260,179,2,17000
12768,5260,188,4,28000
12769,5260,221,3,27000
12770,5261,233,1,19000
12771,5261,141,2,57600
12772,5261,165,1,4200
12773,5262,276,1,14000
12774,5262,253,1,18400
12775,5262,255,1,13500
12776,5263,224,2,87400
12777,5263,193,2,25200
12778,5263,3,5,18700
12779,5263,44,2,11000
12780,5263,23,1,91000
12781,5264,200,1,125000
12782,5264,128,1,66600
12783,5265,189,2,27900
12784,5266,33,1,31400
12785,5266,204,1,7000
12786,5267,141,2,60800
12787,5267,55,1,21800
12788,5268,114,1,36800
12789,5268,115,2,57600
12790,5268,166,1,30000
12791,5268,246,4,13600
12792,5269,290,1,22500
12793,5270,104,1,25000
12794,5270,189,1,29400
12795,5271,253,1,23000
12796,5272,141,1,57600
12797,5272,238,1,31400
12798,5272,273,1,174000
12799,5272,20,1,83000
12800,5272,187,1,79000
12801,5272,254,1,47700
12802,5273,185,1,6000
12803,5273,165,3,4800
12804,5274,289,2,39000
12805,5274,34,1,87000
12806,5274,137,3,82600
12807,5274,139,1,39600
12808,5275,42,4,145400
12809,5275,275,3,69000
12810,5275,166,2,27000
12811,5276,65,1,48400
12812,5276,290,3,25000
12813,5276,292,1,294000
12814,5276,83,1,156000
12815,5276,280,2,103700
12816,5276,158,1,31400
12817,5277,296,1,22000
12818,5277,104,1,23800
12819,5277,38,1,115000
12820,5278,169,1,44000
12821,5278,163,4,128700
12822,5279,220,2,56800
12823,5279,236,3,31000
12824,5280,35,2,57600
12825,5280,175,1,39600
12826,5281,240,1,115000
12827,5282,248,1,105000
12828,5282,240,1,108900
12829,5282,92,1,155600
12830,5282,252,1,297000
12831,5283,240,1,115000
12832,5283,201,1,69300
12833,5283,19,2,43400
12834,5283,117,1,79900
12835,5284,137,1,74000
12836,5284,29,1,15300
12837,5284,215,3,54400
12838,5285,38,2,103500
12839,5286,234,1,12000
12840,5286,163,1,128700
12841,5286,86,1,22000
12842,5287,105,1,43000
12843,5287,285,2,18000
12844,5287,133,1,151200
12845,5287,231,1,211000
12846,5288,58,1,8600
12847,5289,232,1,171000
12848,5290,178,1,7600
12849,5290,29,1,17000
12850,5291,248,1,105000
12851,5291,60,1,74800
12852,5292,275,1,65600
12853,5292,52,1,327600
12854,5292,278,3,47700
12855,5293,16,3,15300
12856,5293,26,1,10200
12857,5294,84,3,79900
12858,5294,253,1,18400
12859,5295,235,1,18900
12860,5296,233,1,16200
12861,5297,90,1,116000
12862,5298,192,1,325800
12863,5298,168,2,18900
12864,5298,215,1,64000
12865,5299,76,1,13000
12866,5299,174,5,46800
12867,5300,152,2,148800
12868,5301,104,2,20000
12869,5301,114,2,46000
12870,5302,225,1,4800
12871,5302,260,1,43000
12872,5302,61,1,34000
12873,5303,32,1,207000
12874,5304,216,1,16000
12875,5304,95,1,74000
12876,5305,28,1,91800
12877,5306,291,2,202300
12878,5306,67,1,76000
12879,5306,201,1,61600
12880,5306,75,1,58500
12881,5306,246,1,13600
12882,5306,249,1,39000
12883,5307,193,1,25200
12884,5307,122,1,54200
12885,5308,104,1,25000
12886,5308,54,2,34000
12887,5309,224,3,82800
12888,5309,203,1,85600
12889,5309,147,1,89100
12890,5309,153,4,164000
12891,5309,29,1,17000
12892,5310,280,2,103700
12893,5310,164,4,20000
12894,5310,55,1,20700
12895,5311,29,1,17000
12896,5312,112,1,250000
12897,5312,37,1,23800
12898,5313,74,1,62400
12899,5314,212,1,276300
12900,5315,125,4,36000
12901,5316,142,2,182700
12902,5317,242,1,227700
12903,5317,203,2,91000
12904,5317,6,1,40000
12905,5318,61,1,32300
12906,5319,63,1,106000
12907,5320,154,1,67000
12908,5321,85,1,9000
12909,5322,115,2,64000
12910,5322,102,2,254700
12911,5322,254,1,53000
12912,5323,259,2,8000
12913,5323,171,1,81600
12914,5323,108,2,80000
12915,5323,173,1,133200
12916,5323,75,1,61800
12917,5323,112,1,250000
12918,5324,245,1,61200
12919,5325,48,1,61000
12920,5325,224,2,92000
12921,5326,33,1,28000
12922,5327,176,1,25200
12923,5327,243,2,163000
12924,5327,254,1,53000
12925,5328,221,1,30000
12926,5329,92,3,173800
12927,5330,205,2,28000
12928,5330,111,1,130500
12929,5331,43,3,170000
12930,5331,181,1,45600
12931,5332,25,1,21200
12932,5332,42,1,162400
12933,5333,135,1,43200
12934,5334,193,1,26600
12935,5334,115,5,54400
12936,5334,248,4,105000
12937,5334,185,2,6000
12938,5334,223,2,90000
12939,5335,115,1,60800
12940,5336,112,2,237500
12941,5336,274,2,83300
12942,5336,173,5,148000
12943,5337,242,2,240400
12944,5337,3,1,19800
12945,5337,245,2,64600
12946,5338,193,1,28000
12947,5338,131,1,73800
12948,5339,163,2,128700
12949,5340,243,2,163000
12950,5340,15,1,62000
12951,5341,270,3,87600
12952,5341,271,1,108000
12953,5341,29,1,17000
12954,5341,123,1,125400
12955,5341,125,2,45000
12956,5342,282,3,371000
12957,5342,223,5,100000
12958,5343,294,3,17100
12959,5343,201,3,69300
12960,5343,54,2,32300
12961,5344,241,1,153000
12962,5345,65,1,43400
12963,5345,66,1,24000
12964,5346,264,2,64800
12965,5346,76,1,11700
12966,5347,96,1,24000
12967,5347,257,1,127300
12968,5347,225,1,5000
12969,5347,116,3,15200
12970,5347,213,3,126400
12971,5348,101,2,101600
12972,5349,128,2,74000
12973,5349,163,4,135800
12974,5349,283,1,124200
12975,5349,213,1,119700
12976,5350,99,1,25000
12977,5350,108,1,72000
12978,5350,263,1,56700
12979,5351,283,1,138000
12980,5352,263,2,56700
12981,5353,260,1,40800
12982,5353,101,1,96300
12983,5353,94,1,65600
12984,5354,20,5,78800
12985,5354,222,1,142800
12986,5354,55,1,23000
12987,5355,64,2,45900
12988,5355,100,1,42800
12989,5355,264,2,72000
12990,5355,269,1,23200
12991,5355,270,1,92700
12992,5356,107,1,91800
12993,5356,111,2,145000
12994,5357,209,3,3800
12995,5357,223,2,90000
12996,5358,159,1,21000
12997,5359,75,1,58500
12998,5360,37,4,21200
12999,5361,300,2,118000
13000,5361,174,1,49500
13001,5362,120,1,134000
13002,5363,164,2,19000
13003,5364,171,2,86700
13004,5365,288,1,76000
13005,5365,47,1,15200
13006,5366,282,1,371000
13007,5367,96,1,30000
13008,5367,104,1,25000
13009,5367,93,2,176000
13010,5368,132,1,20000
13011,5368,4,1,38700
13012,5369,32,1,207000
13013,5369,225,1,5000
13014,5369,110,1,136000
13015,5370,74,1,70200
13016,5370,42,2,136800
13017,5370,82,2,197600
13018,5370,63,2,90100
13019,5371,98,1,107000
13020,5371,259,1,8000
13021,5371,269,2,24600
13022,5371,103,1,37000
13023,5372,224,1,78200
13024,5372,91,1,56000
13025,5372,252,1,252400
13026,5373,300,1,100300
13027,5373,29,2,15300
13028,5374,195,2,40500
13029,5374,204,2,6600
13030,5374,13,1,79200
13031,5375,115,1,51200
13032,5375,12,3,158400
13033,5375,171,1,102000
13034,5375,47,1,14400
13035,5376,8,1,108900
13036,5376,251,2,189900
13037,5376,28,2,108000
13038,5376,95,2,74000
13039,5377,162,1,125600
13040,5378,203,2,107000
13041,5378,255,1,15000
13042,5379,268,1,83600
13043,5380,105,2,40800
13044,5380,163,2,143000
13045,5381,75,1,65000
13046,5381,45,2,48600
13047,5382,41,1,31400
13048,5382,275,2,65600
13049,5383,96,1,30000
13050,5383,261,1,43200
13051,5383,109,2,9500
13052,5383,148,1,35000
13053,5383,251,2,200400
13054,5384,118,3,29700
13055,5385,105,1,34400
13056,5385,21,1,80000
13057,5385,155,1,38000
13058,5385,117,1,89300
13059,5386,227,1,77000
13060,5386,92,2,164700
13061,5387,272,2,287300
13062,5387,153,2,155800
13063,5388,43,1,152200
13064,5388,291,1,214200
13065,5388,95,1,62900
13066,5389,267,1,71200
13067,5389,110,1,129200
13068,5389,182,5,210600
13069,5389,254,1,53000
13070,5389,255,1,15000
13071,5390,300,2,100300
13072,5390,293,1,108800
13073,5391,129,3,24300
13074,5391,163,1,143000
13075,5391,151,2,28000
13076,5392,186,2,42000
13077,5392,284,1,61000
13078,5393,135,3,51300
13079,5393,213,4,113000
13080,5393,279,2,21200
13081,5393,156,3,39000
13082,5393,127,2,120600
13083,5394,37,1,25000
13084,5394,229,2,45000
13085,5394,41,3,37000
13086,5394,269,1,27600
13087,5394,237,1,27000
13088,5395,191,2,88400
13089,5395,271,1,108000
13090,5396,69,1,4800
13091,5397,265,1,23200
13092,5398,187,1,93000
13093,5398,175,1,44000
13094,5399,1,1,64600
13095,5400,115,4,64000
13096,5400,150,1,30600
13097,5401,176,1,25200
13098,5401,255,2,15000
13099,5401,215,1,57600
13100,5402,68,5,83200
13101,5402,5,1,58000
13102,5402,54,4,34000
13103,5403,25,1,22500
13104,5403,82,1,187200
13105,5403,278,1,53000
13106,5403,138,2,103500
13107,5404,209,1,3400
13108,5404,170,2,103600
13109,5404,107,2,108000
13110,5405,2,1,154800
13111,5405,122,1,54200
13112,5405,283,1,138000
13113,5406,252,5,237600
13114,5406,117,1,89300
13115,5406,279,3,25000
13116,5407,252,3,267300
13117,5407,157,2,126000
13118,5408,208,3,68400
13119,5408,57,1,18700
13120,5409,152,2,148800
13121,5410,162,1,157000
13122,5410,50,1,59000
13123,5410,29,1,17000
13124,5410,22,2,199500
13125,5411,225,1,4200
13126,5411,42,1,171000
13127,5411,211,1,67000
13128,5411,151,3,29700
13129,5412,282,1,371000
13130,5413,115,1,64000
13131,5413,285,1,18000
13132,5413,54,1,34000
13133,5413,103,2,31400
13134,5414,216,1,14400
13135,5414,227,1,77000
13136,5414,268,1,79200
13137,5415,31,2,43700
13138,5416,275,2,69000
13139,5416,133,1,142800
13140,5417,142,1,192800
13141,5418,273,2,165300
13142,5418,28,1,97200
13143,5418,54,2,32300
13144,5419,290,2,25000
13145,5419,15,2,73000
13146,5419,55,3,23000
13147,5420,129,2,24300
13148,5420,285,2,19000
13149,5420,55,2,21800
13150,5421,196,1,24000
13151,5421,5,5,58000
13152,5421,205,1,28000
13153,5421,241,1,130000
13154,5421,90,2,92800
13155,5422,58,1,8600
13156,5422,10,1,118000
13157,5422,76,1,10400
13158,5423,46,3,16200
13159,5424,114,3,43700
13160,5425,145,2,28800
13161,5426,250,5,132000
13162,5427,218,4,32000
13163,5427,207,1,52000
13164,5428,65,1,51000
13165,5428,89,3,41400
13166,5429,232,1,136800
13167,5429,146,2,27900
13168,5430,116,2,16000
13169,5430,284,1,48800
13170,5430,244,1,48000
13171,5430,76,2,13000
13172,5431,42,1,153900
13173,5431,156,2,39000
13174,5431,93,1,167200
13175,5431,118,1,33000
13176,5432,1,3,68000
13177,5432,21,2,64000
13178,5432,181,4,48400
13179,5433,161,2,163400
13180,5433,11,1,125000
13181,5433,164,2,20000
13182,5434,280,1,122000
13183,5434,247,1,55000
13184,5435,39,2,55000
13185,5435,269,1,26100
13186,5435,183,2,116800
13187,5436,56,1,20000
13188,5436,176,2,28000
13189,5437,241,1,145400
13190,5438,34,5,82600
13191,5438,54,2,34000
13192,5438,79,3,29000
13193,5439,233,1,18000
13194,5440,16,1,16200
13195,5440,65,4,51000
13196,5441,264,1,72000
13197,5441,226,2,25200
13198,5441,235,1,20000
13199,5442,192,1,362000
13200,5442,17,2,107000
13201,5443,91,1,66500
13202,5443,77,1,146000
13203,5444,208,1,76000
13204,5444,71,1,134900
13205,5445,65,1,51000
13206,5445,134,1,19200
13207,5446,265,2,26100
13208,5446,154,1,60300
13209,5446,165,1,5000
13210,5447,206,1,30000
13211,5447,223,1,100000
13212,5448,261,1,48000
13213,5449,174,3,52200
13214,5449,111,1,130500
13215,5450,168,1,21000
13216,5451,292,2,279300
13217,5451,70,1,126900
13218,5451,208,2,72200
13219,5451,178,2,7200
13220,5451,243,1,146700
13221,5451,21,1,76000
13222,5452,57,1,17600
13223,5452,223,1,95000
13224,5453,42,5,153900
13225,5453,132,4,23800
13226,5454,265,1,29000
13227,5454,271,2,108000
13228,5455,42,1,171000
13229,5455,156,1,35100
13230,5455,109,5,9000
13231,5456,8,1,108900
13232,5456,42,2,171000
13233,5456,91,1,66500
13234,5457,280,1,103700
13235,5457,169,1,44000
13236,5458,8,1,102800
13237,5458,223,1,90000
13238,5458,42,1,153900
13239,5458,119,3,13300
13240,5459,61,1,34000
13241,5460,241,1,153000
13242,5460,5,1,49300
13243,5461,10,1,100300
13244,5461,255,1,15000
13245,5462,131,1,73800
13246,5462,20,1,74700
13247,5463,4,1,43000
13248,5464,93,1,158400
13249,5465,44,1,12400
13250,5466,273,1,165300
13251,5466,199,2,9400
13252,5466,163,1,143000
13253,5466,175,4,44000
13254,5467,25,1,23800
13255,5467,34,1,87000
13256,5468,61,1,30600
13257,5469,95,1,66600
13258,5469,223,3,90000
13259,5470,2,1,138600
13260,5471,116,2,15200
13261,5471,119,1,12600
13262,5471,239,1,41400
13263,5472,21,1,80000
13264,5473,35,3,64000
13265,5473,132,5,25000
13266,5474,41,1,29600
13267,5475,178,1,7600
13268,5476,23,1,86400
13269,5477,169,4,44000
13270,5477,299,4,49000
13271,5477,52,2,364000
13272,5477,285,1,19000
13273,5478,65,3,51000
13274,5478,9,1,49500
13275,5478,293,1,136000
13276,5478,166,2,27000
13277,5479,294,2,15200
13278,5480,42,2,162400
13279,5480,82,2,208000
13280,5480,223,1,90000
13281,5481,120,3,113900
13282,5481,276,1,13300
13283,5481,134,1,24000
13284,5482,1,3,61200
13285,5482,34,1,74000
13286,5482,250,3,118200
13287,5482,213,1,133000
13288,5483,142,1,192800
13289,5484,51,2,129000
13290,5484,36,2,30600
13291,5485,72,1,140000
13292,5485,24,3,42500
13293,5485,154,1,60300
13294,5485,200,3,112500
13295,5486,164,1,20000
13296,5486,284,1,58000
13297,5487,166,3,30000
13298,5488,291,1,214200
13299,5488,229,1,42800
13300,5488,205,2,25200
13301,5488,78,1,55800
13302,5488,184,1,40000
13303,5488,153,3,147600
13304,5489,211,1,63600
13305,5489,55,1,20700
13306,5490,283,1,138000
13307,5490,119,1,13300
13308,5491,233,1,17100
13309,5491,15,1,73000
13310,5492,234,2,12000
13311,5492,119,1,12600
13312,5493,9,1,55000
13313,5493,147,2,89100
13314,5493,215,1,64000
13315,5493,218,1,32000
13316,5493,63,1,90100
13317,5494,291,2,190400
13318,5494,293,1,108800
13319,5495,296,1,20900
13320,5496,138,1,115000
13321,5496,195,3,45000
13322,5496,182,1,198900
13323,5497,65,3,45900
13324,5497,197,1,124400
13325,5498,263,1,59800
13326,5499,132,3,25000
13327,5500,257,1,120600
13328,5501,164,2,18000
13329,5502,93,3,176000
13330,5503,98,1,107000
13331,5503,283,1,138000
13332,5503,45,3,51300
13333,5503,111,1,137800
13334,5504,264,1,61200
13335,5504,146,1,29400
13336,5505,31,1,41400
13337,5506,24,5,45000
13338,5506,172,2,311600
13339,5507,1,1,68000
13340,5507,270,1,97800
13341,5508,139,2,39600
13342,5508,45,1,51300
13343,5509,34,1,87000
13344,5509,275,1,69000
13345,5509,155,1,40000
13346,5510,24,4,47500
13347,5510,274,2,88200
13348,5510,54,1,34000
13349,5510,231,3,189900
13350,5511,10,1,106200
13351,5511,55,1,20700
13352,5512,284,2,61000
13353,5513,177,1,108000
13354,5514,56,1,18000
13355,5514,147,1,79200
13356,5514,198,1,19600
13357,5514,262,1,106000
13358,5515,145,1,30400
13359,5515,55,1,20700
13360,5516,227,2,73200
13361,5516,20,2,83000
13362,5517,81,1,23800
13363,5517,185,1,5700
13364,5517,121,2,15300
13365,5517,215,2,54400
13366,5518,98,1,91000
13367,5518,164,1,19000
13368,5518,101,1,101600
13369,5518,72,1,133000
13370,5518,202,3,204800
13371,5519,121,1,16200
13372,5519,174,1,46800
13373,5520,19,1,43400
13374,5521,5,1,52200
13375,5522,291,1,238000
13376,5522,270,2,97800
13377,5522,271,2,86400
13378,5522,54,1,34000
13379,5522,253,4,19600
13380,5523,32,2,176000
13381,5523,153,1,155800
13382,5523,215,1,54400
13383,5524,278,2,42400
13384,5524,15,2,73000
13385,5525,193,2,26600
13386,5525,170,2,92600
13387,5526,281,2,188000
13388,5526,105,1,40800
13389,5527,201,2,77000
13390,5528,136,1,30600
13391,5528,138,1,103500
13392,5528,54,1,32300
13393,5529,89,1,46000
13394,5529,132,1,22500
13395,5529,69,2,5700
13396,5530,144,1,33200
13397,5530,296,2,19800
13398,5531,193,2,23800
13399,5531,51,1,129000
13400,5532,136,1,34200
13401,5532,35,1,64000
13402,5532,12,1,167200
13403,5533,144,4,39000
13404,5533,250,1,132000
13405,5534,220,5,67400
13406,5535,160,2,119000
13407,5535,262,2,90100
13408,5535,299,2,41600
13409,5535,87,2,65600
13410,5535,253,1,23000
13411,5536,292,1,294000
13412,5536,181,1,51300
13413,5537,182,2,210600
13414,5538,217,2,102000
13415,5538,122,1,51300
13416,5538,243,3,138600
13417,5539,2,1,163000
13418,5539,116,2,15200
13419,5540,136,2,28800
13420,5540,134,2,20400
13421,5540,206,2,30000
13422,5541,165,3,5000
13423,5541,264,1,68400
13424,5541,265,3,29000
13425,5541,18,3,89100
13426,5541,115,3,51200
13427,5541,220,1,67400
13428,5542,177,1,120000
13429,5543,268,1,79200
13430,5544,112,1,250000
13431,5544,1,1,68000
13432,5544,204,3,7000
13433,5545,160,1,112000
13434,5545,81,1,21200
13435,5545,268,3,70400
13436,5546,243,1,163000
13437,5546,262,2,95400
13438,5546,23,5,91000
13439,5547,25,2,23800
13440,5547,131,2,82000
13441,5547,36,3,34000
13442,5548,172,2,328000
13443,5548,44,1,10400
13444,5548,231,2,200400
13445,5549,295,2,45900
13446,5549,8,1,108900
13447,5549,168,1,21000
13448,5549,174,3,55000
13449,5549,81,1,22500
13450,5549,253,1,23000
13451,5550,33,1,29700
13452,5550,237,1,24300
13453,5551,9,1,52200
13454,5551,293,1,122400
13455,5552,121,1,17100
13456,5552,251,1,211000
13457,5552,5,2,52200
13458,5552,57,3,19800
13459,5553,234,1,9600
13460,5553,196,4,24000
13461,5553,4,1,43000
13462,5554,185,2,6000
13463,5554,6,1,36000
13464,5555,200,3,112500
13465,5555,68,2,104000
13466,5555,286,2,11000
13467,5556,95,2,70300
13468,5557,226,1,22400
13469,5557,124,3,22400
13470,5557,165,1,4500
13471,5557,254,1,47700
13472,5558,128,1,70300
13473,5558,224,3,87400
13474,5558,263,1,53600
13475,5559,88,1,106200
13476,5559,184,2,36000
13477,5560,3,1,17600
13478,5560,46,2,15300
13479,5560,251,1,200400
13480,5561,72,1,133000
13481,5561,113,1,65000
13482,5561,250,1,118200
13483,5561,246,1,16000
13484,5562,177,2,114000
13485,5563,172,1,278800
13486,5564,224,2,92000
13487,5564,257,1,127300
13488,5565,152,2,157500
13489,5565,146,1,26400
13490,5565,188,1,31400
13491,5565,133,1,168000
13492,5566,132,2,25000
13493,5567,102,1,268800
13494,5567,55,3,19600
13495,5568,75,1,65000
13496,5568,275,1,69000
13497,5568,261,3,48000
13498,5568,151,1,33000
13499,5569,208,1,76000
13500,5569,46,2,18000
13501,5569,22,1,210000
13502,5570,225,1,4000
13503,5570,35,1,54400
13504,5570,133,1,151200
13505,5571,91,3,56000
13506,5571,44,1,13000
13507,5571,182,1,234000
13508,5572,285,1,16200
13509,5573,143,1,99000
13510,5573,81,3,23800
13511,5573,106,3,28000
13512,5573,279,1,21200
13513,5574,202,2,216900
13514,5574,181,1,51300
13515,5574,7,2,87600
13516,5575,65,3,51000
13517,5575,113,1,65000
13518,5575,37,1,22500
13519,5576,256,1,19000
13520,5576,104,3,25000
13521,5576,232,1,171000
13522,5576,179,1,14400
13523,5576,59,2,38000
13524,5576,285,2,17100
13525,5577,5,1,46400
13526,5577,21,1,72000
13527,5577,95,1,74000
13528,5578,261,1,45600
13529,5579,65,2,45900
13530,5580,235,1,18900
13531,5580,294,3,19000
13532,5581,19,2,51000
13533,5581,261,2,45600
13534,5582,136,1,36000
13535,5582,113,2,65000
13536,5582,210,4,92700
13537,5583,80,1,90100
13538,5583,173,3,148000
13539,5583,110,1,115600
13540,5584,161,3,154800
13541,5584,196,1,22800
13542,5584,235,1,17800
13543,5584,174,3,52200
13544,5584,146,1,29400
13545,5585,96,1,27000
13546,5585,4,1,34400
13547,5585,197,4,131000
13548,5586,224,1,92000
13549,5587,44,2,11700
13550,5587,255,1,14200
13551,5588,8,3,121000
13552,5588,128,1,74000
13553,5588,268,2,79200
13554,5588,205,1,23800
13555,5589,205,1,28000
13556,5589,174,2,55000
13557,5589,207,1,52000
13558,5589,181,1,48400
13559,5589,95,2,66600
13560,5590,17,5,85600
13561,5590,124,3,28000
13562,5591,132,1,22500
13563,5591,71,1,142000
13564,5592,151,1,26400
13565,5592,203,4,101600
13566,5592,271,2,108000
13567,5593,208,2,68400
13568,5594,239,2,39100
13569,5595,73,1,80000
13570,5595,273,1,139200
13571,5595,94,3,62100
13572,5596,256,1,17100
13573,5596,171,1,96900
13574,5596,186,1,37800
13575,5596,59,1,38000
13576,5596,157,1,126000
13577,5597,124,1,23800
13578,5598,282,1,371000
13579,5598,171,1,96900
13580,5598,158,1,31400
13581,5599,293,1,115600
13582,5599,39,1,52200
13583,5599,105,2,38700
13584,5599,270,2,97800
13585,5599,145,1,32000
13586,5600,234,1,10200
13587,5600,31,1,43700
13588,5601,297,1,35200
13589,5601,67,1,72000
13590,5601,262,2,100700
13591,5602,180,1,51300
13592,5603,292,2,279300
13593,5603,11,1,112500
13594,5603,109,1,10000
13595,5603,173,1,140600
13596,5603,85,1,9500
13597,5603,94,1,65600
13598,5604,232,1,162400
13599,5604,137,1,87000
13600,5604,18,2,99000
13601,5605,205,1,23800
13602,5606,293,2,136000
13603,5606,167,1,159000
13604,5606,237,2,23000
13605,5606,19,1,45900
13606,5606,180,1,48600
13607,5606,283,1,131100
13608,5607,160,2,126000
13609,5608,218,1,30400
13610,5608,7,1,103000
13611,5608,151,2,31400
13612,5609,20,1,78800
13613,5610,163,1,143000
13614,5610,181,2,51300
13615,5610,141,2,64000
13616,5610,119,2,11200
13617,5611,241,1,137700
13618,5611,227,1,77000
13619,5611,255,2,12000
13620,5612,9,1,49500
13621,5612,147,1,84200
13622,5612,171,3,81600
13623,5612,22,2,189000
13624,5613,16,1,17100
13625,5613,225,1,4200
13626,5613,85,2,8000
13627,5613,55,2,18400
13628,5614,193,1,28000
13629,5614,44,1,13000
13630,5614,110,2,129200
13631,5615,33,1,29700
13632,5615,255,5,13500
13633,5616,104,1,22500
13634,5616,234,5,10800
13635,5616,78,1,62000
13636,5616,121,4,17100
13637,5616,287,2,69000
13638,5617,293,2,129200
13639,5618,257,1,127300
13640,5618,74,1,74100
13641,5618,171,3,96900
13642,5619,235,4,20000
13643,5619,100,5,38200
13644,5619,230,1,89300
13645,5619,239,1,41400
13646,5620,53,2,32000
13647,5621,73,1,72000
13648,5621,145,3,27200
13649,5621,179,1,15300
13650,5621,121,1,17100
13651,5622,77,1,146000
13652,5622,271,2,102600
13653,5622,179,3,16200
13654,5622,52,4,364000
13655,5622,121,2,17100
13656,5622,63,1,100700
13657,5623,160,2,133000
13658,5623,255,1,12000
13659,5624,151,1,33000
13660,5624,23,1,77400
13661,5624,6,1,40000
13662,5624,15,1,69400
13663,5625,75,4,61800
13664,5626,120,1,127300
13665,5626,262,4,100700
13666,5627,24,1,50000
13667,5627,27,4,34200
13668,5627,44,1,11700
13669,5628,194,2,76500
13670,5628,259,2,6800
13671,5628,203,1,107000
13672,5628,188,1,33000
13673,5628,191,1,79000
13674,5629,241,1,130000
13675,5629,2,1,138600
13676,5629,78,1,58900
13677,5630,1,1,54400
13678,5631,138,1,97800
13679,5631,35,1,57600
13680,5631,111,3,137800
13681,5632,95,2,59200
13682,5632,175,2,41800
13683,5633,5,1,58000
13684,5633,135,1,43200
13685,5634,204,1,6000
13686,5635,300,1,112100
13687,5635,126,1,12400
13688,5636,155,1,34000
13689,5637,38,1,115000
13690,5637,95,1,74000
13691,5638,17,3,107000
13692,5638,15,3,69400
13693,5639,233,1,16200
13694,5639,244,2,48000
13695,5640,211,3,60300
13696,5640,46,4,18000
13697,5641,223,3,90000
13698,5641,55,2,20700
13699,5642,174,1,55000
13700,5642,167,1,159000
13701,5643,160,2,112000
13702,5643,51,1,122600
13703,5643,182,2,210600
13704,5644,217,3,108000
13705,5644,11,1,118800
13706,5644,78,2,58900
13707,5645,192,1,325800
13708,5645,124,1,25200
13709,5645,61,2,34000
13710,5646,25,1,23800
13711,5646,33,1,29700
13712,5646,199,1,8800
13713,5647,28,1,91800
13714,5648,109,1,9000
13715,5649,73,1,72000
13716,5649,43,1,179000
13717,5650,230,1,84600
13718,5650,233,2,19000
13719,5650,268,2,83600
13720,5650,16,2,15300
13721,5650,21,1,80000
13722,5651,102,3,226400
13723,5651,236,1,26400
13724,5651,94,2,69000
13725,5652,288,1,68400
13726,5652,41,1,37000
13727,5652,59,1,38000
13728,5653,12,1,176000
13729,5653,238,3,35200
13730,5653,159,2,20000
13731,5654,121,1,18000
13732,5654,124,2,25200
13733,5655,17,3,107000
13734,5655,180,5,43200
13735,5655,93,1,167200
13736,5655,30,5,32300
13737,5656,12,1,149600
13738,5656,62,1,245700
13739,5656,151,2,33000
13740,5657,10,1,100300
13741,5657,171,3,102000
13742,5657,147,1,89100
13743,5657,195,1,42800
13744,5658,178,1,7600
13745,5659,297,1,35200
13746,5659,249,5,34800
13747,5659,33,1,31400
13748,5660,146,1,31000
13749,5660,206,4,30000
13750,5661,164,1,18000
13751,5661,4,1,34400
13752,5661,254,2,45000
13753,5662,20,2,83000
13754,5663,193,3,23800
13755,5663,4,1,43000
13756,5663,154,1,60300
13757,5663,123,1,112200
13758,5663,159,2,18900
13759,5664,219,1,35000
13760,5664,148,1,31500
13761,5664,222,2,168000
13762,5665,6,3,34000
13763,5666,291,1,226100
13764,5667,165,4,4200
13765,5667,263,1,56700
13766,5668,168,2,21000
13767,5668,130,1,134100
13768,5668,179,2,15300
13769,5668,183,4,104600
13770,5669,133,1,159600
13771,5670,233,3,18000
13772,5670,85,1,10000
13773,5670,281,1,159800
13774,5671,103,1,33300
13775,5671,75,1,65000
13776,5671,267,1,71200
13777,5671,181,1,57000
13778,5671,216,2,16000
13779,5671,283,1,124200
13780,5672,255,4,14200
13781,5672,109,1,8500
13782,5672,78,1,49600
13783,5672,181,1,54200
13784,5673,180,2,48600
13785,5673,277,2,75600
13786,5673,270,2,92700
13787,5673,95,1,74000
13788,5674,213,1,119700
13789,5675,156,3,37000
13790,5675,213,1,113000
13791,5675,102,1,268800
13792,5676,286,1,8800
13793,5676,111,1,145000
13794,5677,13,1,79200
13795,5678,171,5,96900
13796,5679,196,2,21600
13797,5679,158,1,31400
13798,5680,131,3,82000
13799,5680,268,1,88000
13800,5681,191,2,93000
13801,5682,91,1,66500
13802,5682,85,1,9500
13803,5682,205,1,28000
13804,5682,191,1,93000
13805,5683,129,1,23000
13806,5684,280,1,109800
13807,5684,165,1,5000
13808,5684,167,1,127200
13809,5685,211,1,60300
13810,5685,166,2,27000
13811,5686,44,1,11700
13812,5687,263,2,59800
13813,5687,247,1,55000
13814,5688,39,3,46800
13815,5689,120,2,134000
13816,5689,218,2,28800
13817,5689,42,1,153900
13818,5690,91,3,66500
13819,5690,143,1,79200
13820,5691,11,1,125000
13821,5692,98,2,96300
13822,5693,193,1,28000
13823,5693,243,1,163000
13824,5693,252,4,297000
13825,5693,299,1,41600
13826,5694,65,2,51000
13827,5694,138,1,109200
13828,5695,146,1,29400
13829,5695,94,2,58600
13830,5696,199,4,10400
13831,5696,170,1,109000
13832,5696,149,2,25600
13833,5696,278,2,47700
13834,5696,120,1,134000
13835,5696,153,4,147600
13836,5697,207,2,46800
13837,5697,125,1,45000
13838,5697,190,2,66000
13839,5697,231,1,211000
13840,5698,16,2,14400
13841,5699,267,3,67500
13842,5700,272,1,287300
13843,5700,58,1,7600
13844,5700,227,2,65400
13845,5700,122,1,51300
13846,5701,36,1,32300
13847,5702,110,1,136000
13848,5703,100,1,36000
13849,5703,205,1,23800
13850,5703,210,2,92700
13851,5703,283,1,131100
13852,5703,252,2,267300
13853,5704,25,1,23800
13854,5704,290,3,25000
13855,5704,60,2,79200
13856,5705,258,1,95400
13857,5705,174,2,55000
13858,5705,286,2,11000
13859,5706,265,2,23200
13860,5707,71,2,120700
13861,5708,217,1,114000
13862,5708,290,2,25000
13863,5708,68,1,98800
13864,5709,25,1,22500
13865,5709,83,1,132600
13866,5709,20,1,74700
13867,5709,143,1,99000
13868,5710,243,1,154800
13869,5710,84,3,94000
13870,5711,182,1,198900
13871,5712,205,3,25200
13872,5712,175,1,44000
13873,5713,92,2,164700
13874,5713,253,2,23000
13875,5714,4,1,34400
13876,5714,293,1,108800
13877,5715,24,1,50000
13878,5715,121,1,15300
13879,5715,190,1,59400
13880,5716,144,5,33200
13881,5716,169,1,41800
13882,5716,132,1,25000
13883,5717,68,1,104000
13884,5718,31,1,43700
13885,5719,99,2,22500
13886,5719,267,2,75000
13887,5719,66,2,27000
13888,5719,115,1,54400
13889,5720,73,1,72000
13890,5720,9,2,44000
13891,5720,76,2,12400
13892,5721,73,1,72000
13893,5721,287,1,69000
13894,5722,201,1,77000
13895,5722,51,2,129000
13896,5722,220,1,71000
13897,5722,125,2,45000
13898,5723,235,1,18900
13899,5724,32,1,207000
13900,5724,295,3,45900
13901,5725,261,1,38400
13902,5725,104,1,25000
13903,5725,73,1,68000
13904,5725,241,3,137700
13905,5725,22,1,189000
13906,5725,222,1,159600
13907,5726,207,3,52000
13908,5727,16,1,15300
13909,5727,10,3,106200
13910,5727,253,1,21800
13911,5727,98,1,91000
13912,5728,35,1,60800
13913,5728,6,4,38000
13914,5728,107,3,108000
13915,5728,242,2,202400
13916,5728,20,1,83000
13917,5728,282,2,371000
13918,5729,201,3,73200
13919,5729,215,1,60800
13920,5729,263,2,56700
13921,5730,208,1,60800
13922,5730,298,1,23800
13923,5730,101,1,107000
13924,5730,143,1,99000
13925,5731,72,1,112000
13926,5732,65,1,48400
13927,5732,242,1,240400
13928,5732,3,2,20900
13929,5733,272,1,321100
13930,5733,274,1,93100
13931,5733,15,1,65700
13932,5733,119,1,14000
13933,5734,162,1,157000
13934,5734,131,3,82000
13935,5734,92,1,155600
13936,5734,76,1,11700
13937,5735,253,3,23000
13938,5736,134,1,22800
13939,5736,223,1,100000
13940,5737,160,3,126000
13941,5737,3,2,22000
13942,5737,151,1,28000
13943,5738,126,1,13000
13944,5738,180,1,48600
13945,5738,54,1,34000
13946,5739,160,1,140000
13947,5739,297,1,37000
13948,5739,50,3,56000
13949,5739,181,1,51300
13950,5740,32,2,176000
13951,5740,268,4,74800
13952,5741,161,5,146200
13953,5741,179,1,14400
13954,5742,143,2,84200
13955,5743,57,1,19800
13956,5743,236,1,29400
13957,5744,194,1,85000
13958,5745,65,2,40800
13959,5745,5,1,49300
13960,5745,7,2,103000
13961,5745,75,1,58500
13962,5745,14,2,41600
13963,5746,63,2,95400
13964,5746,279,3,25000
13965,5747,33,4,33000
13966,5747,171,1,102000
13967,5747,268,2,79200
13968,5747,112,1,250000
13969,5747,25,1,21200
13970,5748,32,1,176000
13971,5748,261,2,40800
13972,5748,21,1,80000
13973,5748,184,1,38000
13974,5748,223,1,85000
13975,5749,137,1,82600
13976,5750,257,2,134000
13977,5750,112,1,237500
13978,5750,180,1,48600
13979,5750,276,1,11900
13980,5750,222,1,168000
13981,5751,240,2,121000
13982,5751,106,2,35000
13983,5751,11,1,125000
13984,5751,94,1,58600
13985,5752,65,1,51000
13986,5752,110,1,129200
13987,5753,65,3,51000
13988,5753,93,1,176000
13989,5753,110,2,136000
13990,5754,96,2,28500
13991,5754,11,1,118800
13992,5754,44,2,11700
13993,5754,203,1,85600
13994,5754,14,1,46600
13995,5754,215,1,64000
13996,5755,273,2,156600
13997,5755,161,3,172000
13998,5756,300,1,112100
13999,5756,46,1,15300
14000,5756,177,2,114000
14001,5756,147,1,99000
14002,5756,63,1,95400
14003,5757,45,1,54000
14004,5758,257,1,127300
14005,5758,155,1,36000
14006,5759,289,1,35100
14007,5759,253,1,23000
14008,5760,16,3,14400
14009,5760,137,3,78300
14010,5760,2,1,138600
14011,5761,233,2,17100
14012,5761,234,1,12000
14013,5761,78,1,62000
14014,5761,55,3,23000
14015,5761,126,4,13000
14016,5762,26,1,12000
14017,5762,166,3,30000
14018,5762,6,1,36000
14019,5763,33,4,33000
14020,5763,143,1,99000
14021,5763,84,1,89300
14022,5763,278,5,53000
14023,5763,184,1,36000
14024,5763,94,1,58600
14025,5764,82,2,197600
14026,5764,150,5,30600
14027,5765,249,4,36900
14028,5765,271,1,102600
14029,5766,265,1,23200
14030,5766,115,3,57600
14031,5766,92,1,164700
14032,5766,197,1,124400
14033,5767,253,1,23000
14034,5768,266,1,25500
14035,5769,59,2,34200
14036,5769,118,1,33000
14037,5770,104,1,23800
14038,5770,209,2,4000
14039,5771,282,2,352400
14040,5771,114,1,39100
14041,5771,75,1,65000
14042,5772,235,2,18900
14043,5772,228,1,123500
14044,5772,85,5,10000
14045,5773,275,1,62100
14046,5773,147,1,94000
14047,5774,148,2,35000
14048,5775,18,1,84200
14049,5775,213,1,133000
14050,5775,271,1,97200
14051,5776,219,1,33200
14052,5776,167,2,159000
14053,5777,26,1,10200
14054,5777,271,1,102600
14055,5778,290,1,25000
14056,5779,153,1,147600
14057,5779,84,1,89300
14058,5780,163,1,128700
14059,5780,198,1,19600
14060,5780,295,2,51000
14061,5780,169,1,44000
14062,5780,88,2,100000
14063,5780,57,2,19800
14064,5781,97,1,93000
14065,5781,213,1,119700
14066,5781,126,1,11000
14067,5781,230,2,94000
14068,5782,148,2,33200
14069,5783,121,3,16200
14070,5783,299,1,44100
14071,5783,13,1,88000
14072,5784,100,5,40500
14073,5784,107,3,91800
14074,5784,300,2,112100
14075,5784,240,2,115000
14076,5784,60,1,79200
14077,5784,126,1,13000
14078,5785,239,1,41400
14079,5786,162,1,157000
14080,5786,230,2,89300
14081,5786,80,1,100700
14082,5786,176,1,28000
14083,5786,51,1,109600
14084,5786,185,2,5100
14085,5787,56,1,20000
14086,5787,182,4,234000
14087,5787,278,2,50400
14088,5787,247,1,46800
14089,5788,33,2,29700
14090,5788,28,2,108000
14091,5788,263,1,63000
14092,5789,51,2,109600
14093,5789,230,2,94000
14094,5789,287,1,65600
14095,5790,297,2,35200
14096,5790,54,1,34000
14097,5790,127,2,120600
14098,5791,75,2,58500
14099,5792,265,1,29000
14100,5792,169,2,41800
14101,5792,233,2,18000
14102,5793,197,1,131000
14103,5793,293,2,129200
14104,5794,107,2,102600
14105,5795,134,2,22800
14106,5795,103,1,37000
14107,5795,168,1,18900
14108,5795,204,1,7000
14109,5795,242,3,227700
14110,5795,255,1,14200
14111,5796,147,1,99000
14112,5796,108,1,80000
14113,5796,198,1,18400
14114,5797,141,1,57600
14115,5798,41,3,33300
14116,5798,108,1,80000
14117,5798,79,1,27600
14118,5799,122,1,54200
14119,5799,250,1,132000
14120,5800,35,1,64000
14121,5800,103,2,37000
14122,5800,71,2,142000
14123,5800,202,1,216900
14124,5800,138,1,109200
14125,5801,223,1,90000
14126,5801,11,3,125000
14127,5801,110,3,136000
14128,5801,175,4,44000
14129,5802,64,1,51300
14130,5802,291,4,202300
14131,5802,71,2,120700
14132,5802,265,1,29000
14133,5802,61,2,30600
14134,5803,87,2,62100
14135,5804,206,3,30000
14136,5805,41,1,37000
14137,5805,100,1,45000
14138,5806,113,1,65000
14139,5806,295,1,48400
14140,5807,248,1,105000
14141,5807,281,2,188000
14142,5807,155,1,34000
14143,5807,14,2,44100
14144,5808,179,2,17000
14145,5808,117,1,94000
14146,5809,205,1,28000
14147,5809,91,1,59500
14148,5809,101,1,107000
14149,5810,84,1,94000
14150,5810,69,2,5100
14151,5811,233,2,18000
14152,5811,85,1,10000
14153,5812,61,1,32300
14154,5813,256,1,19000
14155,5813,124,1,22400
14156,5813,166,2,25500
14157,5814,153,1,155800
14158,5814,15,4,62000
14159,5814,293,3,108800
14160,5814,271,1,97200
14161,5815,94,3,58600
14162,5815,159,1,17800
14163,5816,275,3,58600
14164,5816,183,2,123000
14165,5817,202,3,229000
14166,5817,27,1,32300
14167,5818,130,3,134100
14168,5819,33,1,31400
14169,5819,25,1,20000
14170,5820,31,1,41400
14171,5821,214,2,54400
14172,5822,74,4,78000
14173,5822,270,1,92700
14174,5823,34,1,78300
14175,5823,143,1,99000
14176,5823,210,1,97800
14177,5823,183,1,110700
14178,5823,253,1,23000
14179,5824,131,1,77900
14180,5824,268,2,79200
14181,5824,22,1,199500
14182,5825,117,2,75200
14183,5826,219,1,31500
14184,5826,28,1,102600
14185,5826,179,1,16200
14186,5827,291,2,214200
14187,5827,108,2,80000
14188,5828,283,1,124200
14189,5828,69,1,5100
14190,5828,183,2,110700
14191,5829,75,1,52000
14192,5829,211,4,67000
14193,5830,66,2,28500
14194,5830,12,2,176000
14195,5830,260,1,40800
14196,5831,283,2,138000
14197,5832,6,1,38000
14198,5832,295,1,51000
14199,5833,193,1,25200
14200,5833,70,1,134000
14201,5834,17,1,107000
14202,5834,31,1,43700
14203,5835,96,1,30000
14204,5835,240,1,115000
14205,5835,44,2,11700
14206,5835,174,4,49500
14207,5836,92,1,164700
14208,5837,161,3,154800
14209,5837,110,1,136000
14210,5838,42,2,171000
14211,5838,204,2,7000
14212,5839,235,1,16800
14213,5840,165,1,5000
14214,5841,120,3,127300
14215,5841,115,1,54400
14216,5841,111,1,116000
14217,5842,201,1,77000
14218,5842,93,1,158400
14219,5843,264,1,61200
14220,5844,143,2,99000
14221,5845,104,2,20000
14222,5845,183,1,123000
14223,5845,186,1,39900
14224,5845,63,1,90100
14225,5846,170,1,98100
14226,5846,229,2,40500
14227,5847,80,1,106000
14228,5847,113,1,58500
14229,5847,282,2,315400
14230,5848,211,2,67000
14231,5849,203,1,107000
14232,5849,284,5,58000
14233,5850,160,1,126000
14234,5850,94,1,65600
14235,5850,14,4,41600
14236,5851,185,1,5700
14237,5851,153,2,164000
14238,5851,142,1,203000
14239,5852,232,1,145400
14240,5852,227,1,77000
14241,5852,205,1,28000
14242,5853,33,1,29700
14243,5853,209,1,3800
14244,5853,157,2,119700
14245,5854,233,3,15200
14246,5854,114,1,41400
14247,5855,209,1,3600
14248,5855,146,1,31000
14249,5856,83,2,156000
14250,5856,294,1,19000
14251,5857,68,2,88400
14252,5857,111,1,145000
14253,5858,110,3,136000
14254,5858,51,3,122600
14255,5858,62,1,273000
14256,5859,1,1,61200
14257,5859,12,1,176000
14258,5860,163,1,135800
14259,5860,232,2,145400
14260,5860,270,2,103000
14261,5860,93,1,176000
14262,5860,158,3,33300
14263,5861,208,1,76000
14264,5862,177,1,114000
14265,5862,273,1,174000
14266,5863,265,1,29000
14267,5863,162,1,157000
14268,5863,30,1,36100
14269,5864,40,1,100000
14270,5864,132,1,25000
14271,5865,83,1,148200
14272,5866,225,1,4800
14273,5866,268,4,79200
14274,5866,236,2,31000
14275,5867,39,1,52200
14276,5868,271,2,97200
14277,5869,256,2,16200
14278,5869,236,1,29400
14279,5870,136,1,36000
14280,5870,169,1,41800
14281,5870,259,1,7600
14282,5870,225,5,4500
14283,5871,140,1,37000
14284,5871,126,1,12400
14285,5872,132,2,25000
14286,5873,96,2,30000
14287,5873,16,1,15300
14288,5873,29,1,17000
14289,5873,197,1,124400
14290,5874,9,1,55000
14291,5874,143,1,89100
14292,5874,112,2,250000
14293,5874,25,3,25000
14294,5874,222,1,151200
14295,5875,250,3,139000
14296,5875,115,1,64000
14297,5876,249,1,39000
14298,5876,158,5,31400
14299,5877,268,1,79200
14300,5878,9,1,49500
14301,5878,91,3,63000
14302,5878,21,3,80000
14303,5879,41,1,31400
14304,5879,204,2,7000
14305,5879,118,2,33000
14306,5879,215,1,60800
14307,5879,91,2,70000
14308,5880,258,1,106000
14309,5880,263,1,56700
14310,5880,141,1,60800
14311,5880,210,2,92700
14312,5880,88,1,100000
14313,5880,91,5,70000
14314,5881,264,2,64800
14315,5882,161,2,154800
14316,5882,267,3,67500
14317,5882,255,1,12800
14318,5883,2,1,146700
14319,5883,5,1,55100
14320,5884,64,3,48600
14321,5885,227,3,77000
14322,5886,132,2,22500
14323,5886,167,2,159000
14324,5886,88,3,125000
14325,5886,218,4,32000
14326,5886,123,2,112200
14327,5887,160,5,133000
14328,5887,11,1,100000
14329,5887,245,2,68000
14330,5888,163,1,135800
14331,5888,131,2,73800
14332,5888,165,1,4800
14333,5888,176,1,25200
14334,5888,281,1,159800
14335,5889,283,1,138000
14336,5890,37,1,23800
14337,5890,95,2,70300
14338,5891,97,1,93000
14339,5891,181,2,54200
14340,5892,226,1,26600
14341,5893,193,5,25200
14342,5893,26,1,11400
14343,5893,43,4,170000
14344,5894,122,1,57000
14345,5895,262,1,95400
14346,5896,84,1,84600
14347,5896,215,1,64000
14348,5897,272,1,321100
14349,5897,275,1,58600
14350,5897,295,2,43400
14351,5898,92,2,173800
14352,5899,257,1,134000
14353,5900,272,1,270400
14354,5900,172,1,262400
14355,5900,244,1,48000
14356,5900,173,1,133200
14357,5901,192,1,325800
14358,5901,225,2,5000
14359,5901,291,2,214200
14360,5901,165,1,5000
14361,5901,20,3,78800
14362,5901,248,1,105000
14363,5902,291,1,214200
14364,5902,164,1,19000
14365,5903,160,1,112000
14366,5903,274,4,83300
14367,5904,146,1,27900
14368,5904,283,2,117300
14369,5905,23,1,81900
14370,5905,247,1,52200
14371,5906,213,1,113000
14372,5906,86,2,19800
14373,5907,17,1,101600
14374,5907,237,1,27000
14375,5907,110,1,115600
14376,5908,2,1,163000
14377,5908,153,1,131200
14378,5908,102,1,283000
14379,5908,266,1,25500
14380,5908,217,1,114000
14381,5909,201,3,65400
14382,5909,21,1,72000
14383,5909,158,2,37000
14384,5910,96,1,30000
14385,5910,73,1,76000
14386,5911,61,1,30600
14387,5911,148,3,31500
14388,5911,244,1,48000
14389,5911,215,5,64000
14390,5912,152,2,140000
14391,5912,281,1,169200
14392,5912,107,1,102600
14393,5912,47,2,16000
14394,5913,264,1,68400
14395,5913,65,1,48400
14396,5913,185,2,5700
14397,5913,29,1,16200
14398,5914,11,1,125000
14399,5914,171,3,96900
14400,5914,254,2,53000
14401,5915,146,1,24800
14402,5916,176,2,25200
14403,5916,183,2,123000
14404,5916,115,1,57600
14405,5916,295,3,51000
14406,5917,16,1,16200
14407,5917,124,1,26600
14408,5918,225,2,5000
14409,5919,95,3,70300
14410,5920,245,2,64600
14411,5921,132,1,25000
14412,5921,134,1,21600
14413,5922,241,1,130000
14414,5922,165,1,4800
14415,5923,124,2,28000
14416,5923,151,1,31400
14417,5924,13,1,83600
14418,5924,207,1,49400
14419,5925,248,3,94500
14420,5926,194,1,72200
14421,5927,5,1,52200
14422,5927,238,1,35200
14423,5927,79,1,29000
14424,5927,49,3,15300
14425,5927,123,3,132000
14426,5928,65,1,51000
14427,5928,238,1,37000
14428,5929,63,2,100700
14429,5930,243,1,146700
14430,5931,149,1,24300
14431,5932,112,1,237500
14432,5932,14,4,41600
14433,5932,151,4,31400
14434,5933,22,2,178500
14435,5934,189,1,27900
14436,5935,225,1,5000
14437,5935,58,1,7600
14438,5935,214,2,64000
14439,5936,25,1,22500
14440,5937,80,1,90100
14441,5937,97,4,93000
14442,5937,227,2,77000
14443,5938,298,1,26600
14444,5939,220,1,63900
14445,5939,158,1,37000
14446,5939,254,2,47700
14447,5940,99,4,25000
14448,5940,228,2,123500
14449,5940,210,1,92700
14450,5940,243,1,138600
14451,5940,52,2,345800
14452,5941,103,2,29600
14453,5942,77,4,131400
14454,5943,124,1,28000
14455,5943,271,1,86400
14456,5943,175,1,44000
14457,5944,284,4,51800
14458,5944,181,1,54200
14459,5945,34,3,87000
14460,5945,163,1,143000
14461,5945,271,1,91800
14462,5945,144,2,33200
14463,5945,62,1,232000
14464,5946,160,1,140000
14465,5946,171,3,102000
14466,5946,190,1,66000
14467,5947,283,2,124200
14468,5947,236,1,27900
14469,5948,185,1,6000
14470,5948,191,2,79000
14471,5949,122,1,48400
14472,5949,23,2,86400
14473,5950,11,1,112500
14474,5950,43,1,161100
14475,5950,173,1,140600
14476,5951,99,1,20000
14477,5951,252,2,297000
14478,5951,206,1,24000
14479,5951,278,1,47700
14480,5952,241,3,153000
14481,5953,168,3,21000
14482,5953,9,1,55000
14483,5954,108,1,76000
14484,5954,134,1,21600
14485,5954,287,1,58600
14486,5955,112,1,212500
14487,5955,145,1,25600
14488,5955,196,1,21600
14489,5955,166,2,30000
14490,5956,211,2,67000
14491,5956,47,2,15200
14492,5957,133,2,134400
14493,5958,136,1,34200
14494,5958,185,1,5700
14495,5958,198,3,23000
14496,5959,188,1,33000
14497,5960,141,4,60800
14498,5960,15,1,62000
14499,5960,113,1,55200
14500,5960,56,1,19000
14501,5960,253,3,23000
14502,5961,204,1,7000
14503,5961,85,1,10000
14504,5961,189,1,26400
14505,5962,177,2,120000
14506,5963,35,1,60800
14507,5963,36,1,27200
14508,5963,260,1,40800
14509,5963,233,1,19000
14510,5963,50,1,56000
14511,5964,101,1,107000
14512,5964,127,1,120600
14513,5965,296,1,22000
14514,5965,114,1,46000
14515,5966,64,1,51300
14516,5966,234,1,10800
14517,5967,161,2,172000
14518,5967,145,1,30400
14519,5967,139,1,37400
14520,5967,44,1,11000
14521,5968,186,1,39900
14522,5968,261,1,48000
14523,5968,102,1,240600
14524,5969,160,1,119000
14525,5969,69,1,6000
14526,5969,93,2,158400
14527,5970,73,1,68000
14528,5970,134,1,22800
14529,5971,65,1,40800
14530,5971,102,1,268800
14531,5972,105,1,40800
14532,5972,42,2,145400
14533,5972,63,2,95400
14534,5973,197,2,111400
14535,5973,25,3,22500
14536,5973,85,4,8500
14537,5974,104,4,23800
14538,5974,271,1,86400
14539,5974,215,2,64000
14540,5975,80,3,90100
14541,5976,251,2,179400
14542,5976,269,4,26100
14543,5977,95,1,74000
14544,5978,161,5,163400
14545,5978,70,1,141000
14546,5978,297,1,33300
14547,5978,56,2,18000
14548,5978,120,1,113900
14549,5978,190,1,52800
14550,5979,212,1,307000
14551,5980,187,4,93000
14552,5980,295,4,51000
14553,5981,54,2,34000
14554,5981,31,2,46000
14555,5982,72,1,140000
14556,5982,1,4,61200
14557,5982,291,1,238000
14558,5983,50,1,53100
14559,5983,31,1,41400
14560,5984,215,2,54400
14561,5985,291,2,214200
14562,5986,48,1,58000
14563,5986,2,1,146700
14564,5987,256,1,18000
14565,5987,273,1,139200
14566,5987,219,1,29800
14567,5988,210,1,103000
14568,5988,234,1,11400
14569,5989,274,1,93100
14570,5989,228,4,130000
14571,5989,30,2,32300
14572,5989,68,1,93600
14573,5990,81,2,22500
14574,5990,260,1,43000
14575,5991,197,1,117900
14576,5991,1,1,61200
14577,5991,13,4,83600
14578,5992,17,1,107000
14579,5992,154,2,57000
14580,5992,125,2,45000
14581,5992,95,3,74000
14582,5993,299,1,41600
14583,5993,20,2,78800
14584,5993,293,1,129200
14585,5994,277,1,75600
14586,5994,79,2,26100
14587,5995,202,1,241000
14588,5995,221,2,25500
14589,5995,222,1,151200
14590,5996,144,1,35100
14591,5996,82,1,176800
14592,5996,174,3,49500
14593,5997,133,1,168000
14594,5997,206,1,24000
14595,5997,143,1,99000
14596,5998,232,1,153900
14597,5999,24,1,42500
14598,5999,218,1,27200
14599,5999,115,2,64000
14600,5999,94,1,62100
14601,6000,152,2,157500
14602,6000,163,1,143000
14603,6000,124,2,23800
