order_id,customer_id,order_date,payment_method,order_status
1,1121,2026-05-18,간편결제,배송중
2,993,2026-02-01,신용카드,환불
3,261,2025-05-08,신용카드,배송완료
4,783,2026-02-18,신용카드,결제완료
5,292,2025-06-20,신용카드,배송완료
6,212,2025-05-31,간편결제,배송완료
7,658,2025-07-04,신용카드,배송중
8,1170,2025-06-22,간편결제,배송중
9,89,2026-03-26,신용카드,배송완료
10,306,2025-12-07,신용카드,배송완료
11,1061,2025-11-11,계좌이체,배송완료
12,732,2025-05-08,간편결제,배송완료
13,291,2025-05-13,신용카드,배송완료
14,90,2026-04-10,신용카드,배송완료
15,830,2026-01-14,간편결제,배송중
16,1131,2025-01-13,신용카드,배송완료
17,197,2025-02-13,신용카드,배송준비
18,936,2025-10-30,신용카드,배송완료
19,1019,2025-06-10,휴대폰결제,배송완료
20,1148,2025-02-26,신용카드,배송중
21,393,2026-02-22,신용카드,배송완료
22,334,2025-12-20,무통장입금,취소
23,353,2025-04-14,신용카드,배송완료
24,320,2026-07-16,계좌이체,배송완료
25,805,2026-06-30,간편결제,배송완료
26,855,2026-01-21,신용카드,배송완료
27,468,2025-04-06,휴대폰결제,배송완료
28,958,2025-12-04,무통장입금,배송완료
29,578,2025-11-09,간편결제,배송완료
30,456,2025-04-23,간편결제,배송완료
31,416,2025-05-29,신용카드,배송완료
32,4,2025-08-01,간편결제,배송완료
33,985,2025-12-18,간편결제,배송완료
34,1033,2026-07-26,신용카드,결제완료
35,1179,2025-01-13,계좌이체,배송완료
36,1167,2025-12-29,간편결제,배송완료
37,370,2025-09-22,간편결제,배송완료
38,634,2025-11-21,신용카드,배송완료
39,1178,2025-02-22,간편결제,배송완료
40,829,2025-10-30,계좌이체,배송완료
41,534,2025-11-24,신용카드,배송완료
42,354,2026-04-07,간편결제,배송완료
43,827,2025-03-13,신용카드,배송준비
44,691,2025-05-17,간편결제,배송완료
45,456,2025-11-22,간편결제,배송완료
46,772,2025-03-02,간편결제,배송완료
47,167,2025-03-13,신용카드,배송완료
48,367,2026-07-27,무통장입금,배송준비
49,78,2025-11-26,휴대폰결제,배송준비
50,316,2025-10-18,간편결제,배송완료
51,578,2026-02-03,계좌이체,배송완료
52,943,2025-07-13,신용카드,배송완료
53,713,2025-04-30,계좌이체,배송완료
54,652,2025-04-19,계좌이체,배송완료
55,93,2025-08-13,간편결제,배송완료
56,70,2026-01-18,신용카드,배송완료
57,347,2025-11-17,신용카드,배송완료
58,43,2025-04-09,신용카드,배송완료
59,136,2025-11-11,신용카드,배송완료
60,189,2025-03-03,간편결제,배송완료
61,836,2026-06-22,신용카드,배송완료
62,745,2025-12-12,휴대폰결제,배송완료
63,909,2025-12-01,계좌이체,배송완료
64,895,2025-08-29,신용카드,배송완료
65,185,2026-05-01,신용카드,배송완료
66,977,2026-05-25,휴대폰결제,배송완료
67,225,2025-01-12,신용카드,배송완료
68,732,2025-04-15,계좌이체,배송완료
69,890,2026-07-06,계좌이체,배송완료
70,854,2025-01-11,신용카드,배송완료
71,786,2025-06-20,간편결제,취소
72,357,2025-01-29,간편결제,배송완료
73,704,2026-02-26,신용카드,배송완료
74,1170,2026-04-16,휴대폰결제,배송완료
75,1008,2026-01-15,무통장입금,배송완료
76,287,2025-01-17,계좌이체,배송완료
77,633,2025-09-21,휴대폰결제,환불
78,154,2026-02-01,간편결제,배송완료
79,1101,2025-02-21,신용카드,배송완료
80,627,2025-04-21,계좌이체,배송완료
81,399,2026-05-11,간편결제,배송완료
82,474,2025-08-12,계좌이체,배송완료
83,363,2026-02-13,신용카드,배송완료
84,16,2026-01-09,신용카드,배송완료
85,137,2026-04-07,간편결제,배송완료
86,335,2025-03-04,계좌이체,배송완료
87,400,2026-07-10,휴대폰결제,취소
88,546,2025-03-04,계좌이체,취소
89,55,2026-07-16,계좌이체,배송완료
90,85,2025-04-28,간편결제,취소
91,345,2025-11-16,간편결제,배송완료
92,649,2025-09-14,계좌이체,배송완료
93,120,2025-02-07,휴대폰결제,배송완료
94,16,2025-04-19,신용카드,배송완료
95,424,2025-09-21,계좌이체,배송완료
96,438,2025-03-25,휴대폰결제,배송완료
97,897,2025-12-05,계좌이체,배송완료
98,751,2025-05-23,신용카드,배송완료
99,772,2025-09-03,간편결제,배송중
100,145,2025-07-16,계좌이체,배송완료
101,1137,2025-01-04,간편결제,배송완료
102,587,2026-05-15,간편결제,배송완료
103,951,2025-04-27,신용카드,배송완료
104,111,2025-11-28,신용카드,배송완료
105,360,2025-04-29,신용카드,배송완료
106,670,2025-10-24,신용카드,배송완료
107,260,2026-05-08,신용카드,배송완료
108,1185,2025-05-21,휴대폰결제,배송완료
109,414,2025-06-01,신용카드,배송완료
110,497,2026-05-28,신용카드,배송완료
111,923,2025-11-17,신용카드,배송완료
112,653,2025-07-09,신용카드,배송완료
113,232,2025-07-22,계좌이체,배송완료
114,308,2025-12-13,신용카드,배송완료
115,485,2025-11-05,신용카드,배송완료
116,811,2026-07-13,신용카드,배송완료
117,608,2025-08-18,간편결제,배송완료
118,864,2026-03-21,신용카드,배송완료
119,550,2026-01-11,신용카드,배송완료
120,209,2025-04-23,간편결제,배송완료
121,525,2026-06-03,신용카드,배송완료
122,410,2026-03-06,신용카드,배송완료
123,875,2025-05-22,신용카드,배송완료
124,877,2026-06-13,신용카드,배송완료
125,550,2026-03-08,휴대폰결제,취소
126,250,2025-01-14,휴대폰결제,배송완료
127,394,2026-03-12,신용카드,배송완료
128,1014,2025-01-15,신용카드,배송완료
129,1064,2026-04-13,휴대폰결제,배송완료
130,465,2025-08-18,간편결제,배송완료
131,785,2026-04-16,신용카드,배송완료
132,439,2026-03-25,간편결제,배송완료
133,1168,2025-10-13,간편결제,배송완료
134,872,2025-10-09,계좌이체,배송완료
135,457,2025-07-18,신용카드,배송완료
136,629,2026-03-21,신용카드,배송완료
137,1035,2025-09-19,간편결제,취소
138,534,2025-11-14,신용카드,배송완료
139,891,2026-06-12,신용카드,배송완료
140,1006,2026-05-30,신용카드,배송완료
141,959,2026-02-18,신용카드,배송완료
142,291,2025-04-11,신용카드,배송완료
143,1067,2025-01-18,신용카드,배송완료
144,1148,2025-07-08,간편결제,배송완료
145,142,2025-07-08,계좌이체,환불
146,758,2025-07-16,계좌이체,배송중
147,1105,2025-12-30,간편결제,배송완료
148,34,2025-12-08,신용카드,배송완료
149,1183,2025-06-06,간편결제,배송완료
150,447,2025-11-03,신용카드,취소
151,1116,2026-03-15,신용카드,배송완료
152,39,2025-05-18,계좌이체,배송완료
153,741,2026-07-16,신용카드,배송중
154,73,2025-09-06,간편결제,배송완료
155,1025,2025-03-19,신용카드,취소
156,837,2026-04-21,무통장입금,배송완료
157,744,2025-04-29,신용카드,환불
158,105,2026-05-26,간편결제,배송완료
159,1194,2025-02-28,계좌이체,배송완료
160,985,2025-10-19,계좌이체,배송완료
161,887,2025-09-14,신용카드,배송완료
162,1036,2026-02-03,간편결제,배송완료
163,1101,2025-08-01,간편결제,배송완료
164,574,2026-05-07,간편결제,취소
165,361,2025-07-31,계좌이체,배송완료
166,1011,2025-01-30,신용카드,취소
167,26,2025-01-05,휴대폰결제,배송중
168,966,2025-04-06,간편결제,배송완료
169,781,2025-12-05,휴대폰결제,배송완료
170,1058,2026-03-09,간편결제,배송완료
171,1131,2025-04-12,신용카드,배송완료
172,605,2025-03-10,신용카드,배송완료
173,384,2025-03-12,휴대폰결제,배송완료
174,92,2025-03-03,신용카드,배송완료
175,859,2026-03-20,신용카드,배송완료
176,268,2025-05-01,신용카드,배송완료
177,1182,2025-02-19,신용카드,배송완료
178,368,2025-04-04,신용카드,배송준비
179,792,2026-04-12,신용카드,배송완료
180,808,2025-05-05,신용카드,배송완료
181,237,2026-01-24,계좌이체,배송완료
182,1091,2026-04-26,무통장입금,배송완료
183,263,2025-04-27,무통장입금,환불
184,330,2025-07-28,간편결제,배송완료
185,738,2025-03-29,간편결제,배송완료
186,871,2025-06-24,신용카드,배송완료
187,96,2025-04-11,간편결제,배송완료
188,164,2025-03-22,간편결제,배송완료
189,1090,2026-07-18,간편결제,결제완료
190,1002,2025-04-27,신용카드,배송완료
191,360,2025-04-04,신용카드,배송완료
192,89,2025-03-07,신용카드,배송완료
193,682,2025-12-26,휴대폰결제,환불
194,977,2026-06-11,간편결제,배송완료
195,154,2026-04-13,간편결제,배송완료
196,878,2025-06-27,신용카드,배송완료
197,839,2025-07-28,휴대폰결제,배송완료
198,928,2026-05-12,신용카드,배송완료
199,894,2026-06-18,휴대폰결제,배송완료
200,1189,2025-05-14,신용카드,배송완료
201,593,2025-02-28,간편결제,배송완료
202,526,2026-06-29,신용카드,배송완료
203,85,2026-06-19,신용카드,배송완료
204,708,2025-10-02,신용카드,배송완료
205,602,2025-01-23,휴대폰결제,배송완료
206,868,2026-01-06,계좌이체,배송완료
207,722,2026-06-24,신용카드,배송완료
208,892,2025-11-21,신용카드,배송완료
209,1061,2025-12-05,신용카드,배송완료
210,438,2026-04-25,간편결제,취소
211,75,2026-07-30,계좌이체,배송준비
212,816,2026-03-02,신용카드,배송완료
213,208,2025-12-08,무통장입금,배송완료
214,197,2025-06-16,신용카드,배송완료
215,1137,2025-06-13,간편결제,배송완료
216,293,2025-09-23,간편결제,배송완료
217,383,2025-08-27,간편결제,배송완료
218,848,2026-07-19,신용카드,배송준비
219,1081,2025-01-15,계좌이체,배송완료
220,1028,2025-06-17,신용카드,배송완료
221,501,2026-05-03,계좌이체,환불
222,320,2025-03-07,간편결제,배송준비
223,1044,2025-05-18,간편결제,취소
224,86,2026-03-15,간편결제,배송완료
225,421,2026-03-16,신용카드,배송완료
226,551,2025-12-08,신용카드,배송완료
227,339,2025-02-07,간편결제,취소
228,875,2025-11-18,신용카드,환불
229,865,2025-09-30,신용카드,배송완료
230,770,2025-08-10,간편결제,배송완료
231,255,2025-07-23,무통장입금,배송완료
232,684,2026-05-10,신용카드,배송완료
233,415,2025-10-11,간편결제,환불
234,452,2026-02-22,신용카드,배송완료
235,222,2025-01-15,신용카드,배송완료
236,1178,2026-02-15,무통장입금,배송완료
237,354,2026-06-17,계좌이체,배송완료
238,562,2025-11-09,간편결제,배송완료
239,107,2025-04-05,신용카드,취소
240,411,2025-03-02,간편결제,배송완료
241,316,2026-03-13,간편결제,배송완료
242,564,2026-04-09,신용카드,배송완료
243,641,2025-09-16,간편결제,배송완료
244,396,2026-07-19,무통장입금,배송완료
245,344,2025-09-23,신용카드,배송완료
246,718,2025-09-09,신용카드,배송완료
247,904,2025-11-09,신용카드,배송완료
248,379,2025-02-01,휴대폰결제,배송완료
249,992,2025-03-28,계좌이체,배송완료
250,691,2025-01-18,계좌이체,취소
251,1009,2025-08-28,신용카드,배송완료
252,465,2025-05-31,신용카드,배송완료
253,682,2026-01-22,신용카드,배송완료
254,285,2025-12-29,신용카드,배송완료
255,955,2025-01-24,신용카드,배송완료
256,626,2025-05-07,간편결제,배송완료
257,242,2026-04-19,간편결제,배송완료
258,832,2026-03-01,신용카드,배송완료
259,941,2025-04-19,무통장입금,배송완료
260,653,2026-02-17,간편결제,배송완료
261,910,2025-02-11,간편결제,배송완료
262,320,2026-05-15,신용카드,배송완료
263,960,2025-11-29,휴대폰결제,배송완료
264,459,2026-02-13,간편결제,배송완료
265,124,2025-12-09,간편결제,배송완료
266,755,2026-04-18,계좌이체,배송완료
267,151,2025-09-12,신용카드,배송완료
268,368,2025-09-22,신용카드,배송완료
269,673,2026-04-08,신용카드,배송완료
270,636,2025-03-23,신용카드,취소
271,283,2025-11-01,신용카드,취소
272,1079,2025-02-20,신용카드,배송완료
273,890,2026-04-03,휴대폰결제,배송완료
274,965,2026-02-21,간편결제,배송완료
275,206,2026-05-14,신용카드,배송완료
276,729,2026-05-01,신용카드,배송완료
277,298,2025-11-09,휴대폰결제,배송완료
278,1133,2025-12-28,계좌이체,배송완료
279,216,2026-04-13,신용카드,취소
280,208,2026-05-13,신용카드,배송완료
281,550,2025-11-19,간편결제,취소
282,828,2025-12-17,간편결제,배송완료
283,1018,2026-06-17,간편결제,취소
284,307,2025-03-18,휴대폰결제,환불
285,710,2025-12-03,무통장입금,환불
286,158,2026-03-03,간편결제,배송완료
287,1178,2025-09-08,신용카드,배송완료
288,128,2026-05-26,간편결제,배송완료
289,975,2025-11-09,신용카드,배송완료
290,163,2025-01-19,신용카드,배송완료
291,495,2025-06-04,간편결제,배송완료
292,348,2026-02-03,신용카드,배송완료
293,447,2026-07-06,간편결제,배송완료
294,632,2025-03-14,간편결제,배송완료
295,3,2025-09-13,간편결제,배송완료
296,1049,2025-02-13,무통장입금,배송완료
297,90,2025-12-09,신용카드,배송완료
298,989,2026-02-28,계좌이체,배송완료
299,362,2026-02-25,신용카드,배송완료
300,245,2026-02-03,계좌이체,환불
301,1119,2026-06-09,계좌이체,배송완료
302,1067,2025-11-28,휴대폰결제,배송완료
303,2,2026-07-14,신용카드,배송완료
304,322,2025-11-19,간편결제,결제완료
305,126,2025-07-11,신용카드,배송완료
306,220,2025-07-21,계좌이체,배송완료
307,496,2025-10-29,신용카드,배송완료
308,163,2025-02-06,무통장입금,배송완료
309,1153,2026-02-15,간편결제,배송완료
310,941,2025-02-21,신용카드,배송완료
311,975,2025-07-12,신용카드,환불
312,564,2025-12-22,간편결제,배송완료
313,334,2025-11-10,신용카드,배송완료
314,806,2026-04-25,신용카드,배송완료
315,453,2025-04-21,간편결제,배송준비
316,26,2026-02-07,간편결제,배송완료
317,53,2026-05-29,무통장입금,배송완료
318,109,2026-03-17,간편결제,배송완료
319,77,2026-06-26,계좌이체,취소
320,130,2025-08-24,신용카드,배송완료
321,465,2025-07-30,간편결제,배송완료
322,474,2025-10-24,신용카드,환불
323,500,2025-11-09,계좌이체,배송완료
324,119,2026-02-22,신용카드,배송완료
325,569,2026-05-25,신용카드,배송완료
326,564,2026-02-14,휴대폰결제,취소
327,346,2026-05-04,신용카드,배송완료
328,1120,2025-07-24,간편결제,배송완료
329,619,2026-07-22,계좌이체,배송준비
330,308,2026-06-26,계좌이체,배송완료
331,350,2026-05-04,간편결제,배송완료
332,483,2026-04-11,신용카드,배송완료
333,84,2026-05-18,신용카드,배송완료
334,604,2026-06-14,신용카드,배송완료
335,78,2026-07-04,간편결제,배송완료
336,417,2026-01-09,신용카드,배송완료
337,345,2025-12-27,무통장입금,취소
338,639,2025-10-02,신용카드,배송완료
339,119,2025-12-12,신용카드,환불
340,1080,2025-09-17,간편결제,배송완료
341,892,2026-05-28,신용카드,배송완료
342,527,2026-04-27,간편결제,배송완료
343,265,2025-03-12,간편결제,환불
344,1185,2025-06-16,계좌이체,배송완료
345,374,2026-04-10,신용카드,환불
346,232,2025-02-01,간편결제,환불
347,585,2025-10-06,신용카드,배송완료
348,718,2025-12-02,간편결제,배송완료
349,438,2025-08-28,무통장입금,배송완료
350,1087,2026-05-03,무통장입금,배송완료
351,484,2026-06-07,간편결제,환불
352,887,2025-12-23,휴대폰결제,배송완료
353,442,2026-03-12,휴대폰결제,배송완료
354,185,2026-03-05,계좌이체,배송완료
355,670,2025-05-10,계좌이체,배송완료
356,960,2025-07-13,간편결제,배송완료
357,280,2026-04-17,신용카드,배송완료
358,1157,2025-12-14,간편결제,배송완료
359,1153,2025-08-09,신용카드,취소
360,1103,2026-01-22,간편결제,배송완료
361,1022,2025-02-07,계좌이체,배송완료
362,766,2025-08-04,간편결제,배송완료
363,160,2026-02-13,무통장입금,배송중
364,29,2025-07-29,계좌이체,취소
365,336,2025-10-28,간편결제,배송완료
366,37,2025-01-05,계좌이체,배송완료
367,433,2025-09-23,신용카드,배송완료
368,415,2026-03-22,간편결제,배송완료
369,562,2026-02-28,계좌이체,배송완료
370,605,2026-01-27,신용카드,배송완료
371,904,2025-11-21,계좌이체,배송완료
372,492,2025-03-09,간편결제,배송완료
373,549,2026-01-02,신용카드,배송완료
374,370,2025-04-09,계좌이체,취소
375,787,2025-05-17,신용카드,배송완료
376,499,2026-07-19,간편결제,배송완료
377,15,2026-01-15,신용카드,배송완료
378,283,2026-04-21,신용카드,배송완료
379,947,2025-09-01,무통장입금,취소
380,1037,2025-04-09,신용카드,취소
381,1123,2025-03-05,계좌이체,배송완료
382,635,2025-09-06,신용카드,배송완료
383,510,2025-08-07,간편결제,배송완료
384,70,2025-05-05,간편결제,배송완료
385,1178,2025-06-13,무통장입금,배송완료
386,611,2025-05-08,신용카드,배송완료
387,892,2026-03-25,신용카드,배송완료
388,779,2026-02-13,간편결제,배송완료
389,864,2025-08-31,신용카드,배송완료
390,1049,2025-02-04,계좌이체,배송완료
391,672,2025-04-08,신용카드,배송중
392,475,2025-04-01,신용카드,환불
393,421,2025-07-28,계좌이체,배송완료
394,68,2025-12-07,계좌이체,취소
395,887,2025-08-21,신용카드,배송완료
396,178,2026-01-30,간편결제,취소
397,8,2025-04-24,휴대폰결제,배송완료
398,833,2026-07-24,간편결제,배송준비
399,708,2025-12-13,신용카드,배송완료
400,926,2025-04-13,신용카드,배송완료
401,773,2026-07-31,신용카드,배송준비
402,711,2025-08-25,휴대폰결제,배송완료
403,920,2025-03-30,무통장입금,배송완료
404,477,2025-03-31,계좌이체,배송완료
405,908,2025-11-02,계좌이체,배송완료
406,632,2025-10-19,간편결제,취소
407,10,2025-11-05,신용카드,배송완료
408,748,2025-05-06,신용카드,배송완료
409,1112,2025-04-14,무통장입금,취소
410,298,2025-05-11,계좌이체,배송완료
411,872,2025-11-19,신용카드,배송완료
412,565,2025-11-06,신용카드,배송완료
413,166,2025-06-19,휴대폰결제,배송완료
414,949,2025-06-27,무통장입금,배송완료
415,105,2025-09-18,간편결제,배송완료
416,897,2025-06-24,신용카드,배송완료
417,372,2025-11-26,신용카드,배송완료
418,255,2026-03-08,신용카드,배송완료
419,880,2025-05-04,신용카드,배송완료
420,909,2026-07-11,휴대폰결제,배송완료
421,768,2026-06-04,계좌이체,배송완료
422,304,2025-08-02,간편결제,취소
423,803,2025-10-21,휴대폰결제,취소
424,1138,2025-08-01,신용카드,배송완료
425,1071,2026-01-06,계좌이체,배송완료
426,18,2026-07-30,간편결제,배송준비
427,73,2025-02-23,간편결제,배송완료
428,404,2025-10-08,신용카드,취소
429,1170,2025-02-03,신용카드,배송완료
430,93,2025-01-27,간편결제,배송완료
431,153,2026-06-03,간편결제,배송완료
432,343,2025-05-10,신용카드,배송완료
433,631,2026-04-12,신용카드,배송완료
434,155,2025-12-29,신용카드,배송완료
435,437,2025-11-23,신용카드,배송완료
436,115,2025-12-20,간편결제,배송완료
437,966,2025-11-07,계좌이체,배송완료
438,1125,2025-02-01,간편결제,배송완료
439,977,2025-11-17,간편결제,배송완료
440,876,2025-09-27,신용카드,배송완료
441,1087,2025-12-25,계좌이체,배송완료
442,205,2025-03-10,계좌이체,배송완료
443,635,2025-12-02,간편결제,배송완료
444,414,2025-09-25,간편결제,배송완료
445,1070,2025-05-15,신용카드,배송완료
446,566,2025-04-19,간편결제,배송완료
447,1069,2025-04-19,무통장입금,배송완료
448,112,2026-05-30,간편결제,환불
449,451,2026-07-13,신용카드,결제완료
450,173,2025-03-04,신용카드,배송완료
451,142,2025-12-29,신용카드,배송완료
452,733,2025-06-04,휴대폰결제,배송완료
453,812,2026-06-14,계좌이체,배송완료
454,75,2026-06-06,신용카드,배송완료
455,389,2026-03-02,신용카드,배송완료
456,906,2025-08-27,간편결제,배송완료
457,390,2025-12-09,간편결제,배송완료
458,519,2026-02-04,무통장입금,배송완료
459,1019,2025-03-04,계좌이체,배송완료
460,357,2025-05-27,계좌이체,배송완료
461,1191,2026-04-01,계좌이체,배송완료
462,199,2025-08-24,신용카드,배송완료
463,979,2026-01-22,계좌이체,취소
464,666,2026-02-02,신용카드,배송완료
465,190,2025-11-10,무통장입금,취소
466,732,2025-05-23,신용카드,배송완료
467,19,2025-08-27,신용카드,배송완료
468,700,2025-05-13,신용카드,배송완료
469,335,2026-01-15,간편결제,배송완료
470,1014,2026-05-28,계좌이체,배송완료
471,187,2026-06-08,간편결제,배송완료
472,508,2025-11-19,계좌이체,배송완료
473,198,2025-01-03,간편결제,배송완료
474,739,2026-03-28,계좌이체,배송완료
475,665,2025-10-24,신용카드,배송완료
476,861,2025-08-27,계좌이체,취소
477,80,2025-06-14,간편결제,배송완료
478,626,2025-10-12,계좌이체,배송완료
479,731,2025-09-02,신용카드,취소
480,30,2025-12-01,신용카드,배송완료
481,594,2026-06-24,신용카드,배송완료
482,456,2025-10-25,간편결제,취소
483,1049,2026-04-20,신용카드,배송완료
484,987,2025-11-08,계좌이체,배송완료
485,293,2025-12-13,휴대폰결제,배송완료
486,308,2025-01-08,휴대폰결제,배송완료
487,608,2025-11-06,신용카드,배송완료
488,364,2025-07-18,무통장입금,배송완료
489,1132,2025-12-10,무통장입금,배송완료
490,31,2025-11-04,휴대폰결제,취소
491,143,2026-03-03,신용카드,배송완료
492,62,2026-07-03,계좌이체,배송완료
493,844,2026-07-14,간편결제,취소
494,1064,2026-06-06,신용카드,배송완료
495,1,2026-03-08,신용카드,배송완료
496,1017,2026-07-08,계좌이체,배송완료
497,530,2025-06-19,신용카드,배송완료
498,820,2026-05-10,신용카드,배송완료
499,457,2026-01-23,간편결제,배송완료
500,463,2025-01-16,무통장입금,배송완료
501,1083,2026-03-11,간편결제,배송완료
502,711,2025-07-13,신용카드,배송완료
503,405,2025-12-07,신용카드,배송완료
504,1183,2025-12-18,간편결제,배송완료
505,1173,2025-04-18,신용카드,배송완료
506,1040,2026-05-22,무통장입금,배송완료
507,892,2025-01-27,신용카드,배송완료
508,797,2025-11-04,신용카드,배송완료
509,832,2026-02-24,신용카드,배송완료
510,178,2025-03-20,신용카드,배송완료
511,218,2025-02-01,신용카드,배송완료
512,61,2026-04-15,휴대폰결제,결제완료
513,1071,2026-07-08,신용카드,배송완료
514,222,2025-04-14,신용카드,배송중
515,1050,2026-03-07,간편결제,배송완료
516,229,2025-09-14,신용카드,배송완료
517,1125,2025-04-02,신용카드,배송완료
518,382,2026-07-02,간편결제,배송완료
519,793,2025-12-04,신용카드,배송완료
520,603,2025-05-30,신용카드,배송완료
521,870,2026-01-09,신용카드,배송완료
522,324,2025-06-25,신용카드,배송완료
523,1174,2025-11-29,신용카드,취소
524,790,2025-02-09,무통장입금,취소
525,1076,2025-07-27,휴대폰결제,배송완료
526,1138,2025-02-02,신용카드,배송완료
527,331,2025-01-28,계좌이체,배송완료
528,959,2025-04-18,신용카드,취소
529,409,2025-01-18,신용카드,배송완료
530,689,2025-12-10,신용카드,배송완료
531,215,2026-04-09,신용카드,배송완료
532,711,2025-04-25,신용카드,배송완료
533,5,2025-05-06,신용카드,배송완료
534,570,2025-05-08,신용카드,배송완료
535,330,2026-06-02,간편결제,배송완료
536,176,2025-09-22,신용카드,배송완료
537,229,2025-06-24,신용카드,배송완료
538,386,2025-09-25,간편결제,배송완료
539,49,2026-03-24,간편결제,배송완료
540,55,2025-11-16,간편결제,취소
541,667,2025-01-10,간편결제,배송완료
542,215,2025-11-27,계좌이체,배송완료
543,880,2025-12-05,계좌이체,배송완료
544,870,2026-04-25,간편결제,배송완료
545,745,2025-03-17,계좌이체,배송완료
546,61,2025-04-29,신용카드,배송완료
547,228,2025-12-28,간편결제,배송완료
548,865,2025-08-19,계좌이체,배송완료
549,394,2026-05-17,휴대폰결제,취소
550,554,2026-02-09,신용카드,배송완료
551,1198,2025-05-25,휴대폰결제,배송완료
552,731,2025-06-02,계좌이체,배송완료
553,260,2026-03-31,간편결제,배송완료
554,423,2025-02-13,신용카드,배송완료
555,706,2026-05-01,간편결제,배송완료
556,658,2026-03-26,간편결제,환불
557,191,2026-06-17,신용카드,배송완료
558,715,2026-05-18,계좌이체,배송완료
559,918,2025-09-06,신용카드,배송완료
560,708,2025-09-06,계좌이체,배송완료
561,12,2025-12-19,계좌이체,배송완료
562,1120,2026-04-19,간편결제,배송완료
563,816,2025-04-13,계좌이체,배송완료
564,125,2025-09-05,신용카드,배송완료
565,570,2026-02-19,간편결제,배송완료
566,324,2025-01-14,간편결제,배송완료
567,772,2026-04-13,신용카드,배송완료
568,842,2025-03-17,간편결제,배송완료
569,191,2025-12-12,간편결제,배송완료
570,364,2025-03-29,신용카드,배송완료
571,165,2026-07-03,신용카드,배송완료
572,414,2025-02-10,신용카드,배송완료
573,699,2025-10-08,신용카드,배송완료
574,299,2025-04-18,신용카드,배송완료
575,727,2025-11-11,휴대폰결제,취소
576,871,2026-02-23,신용카드,배송완료
577,841,2025-10-27,신용카드,취소
578,226,2025-05-31,신용카드,배송완료
579,463,2026-02-18,간편결제,배송완료
580,256,2025-05-19,간편결제,배송완료
581,1069,2025-04-03,신용카드,배송완료
582,401,2025-07-08,계좌이체,배송완료
583,777,2025-11-01,간편결제,배송완료
584,1122,2025-09-25,간편결제,배송완료
585,27,2026-07-02,간편결제,배송완료
586,1146,2025-04-23,신용카드,배송완료
587,369,2026-05-25,신용카드,취소
588,627,2025-10-18,신용카드,배송완료
589,16,2025-03-17,신용카드,배송완료
590,1067,2025-12-04,신용카드,환불
591,910,2025-11-30,무통장입금,배송완료
592,760,2025-12-23,신용카드,배송완료
593,976,2026-04-20,신용카드,배송완료
594,1161,2025-06-21,간편결제,배송완료
595,521,2025-05-19,신용카드,배송완료
596,966,2025-01-20,간편결제,취소
597,95,2025-10-04,계좌이체,배송완료
598,636,2026-02-23,휴대폰결제,배송완료
599,1079,2025-12-22,계좌이체,배송완료
600,1183,2026-04-27,무통장입금,배송완료
601,590,2026-01-13,신용카드,배송완료
602,140,2026-03-23,신용카드,배송완료
603,861,2025-01-12,신용카드,취소
604,972,2025-11-07,휴대폰결제,배송완료
605,115,2026-05-20,계좌이체,취소
606,846,2026-06-26,간편결제,배송완료
607,69,2025-05-22,간편결제,배송완료
608,458,2025-07-02,간편결제,배송완료
609,672,2025-12-28,간편결제,배송완료
610,977,2025-04-20,신용카드,배송완료
611,398,2025-04-20,신용카드,배송완료
612,854,2025-07-03,간편결제,배송완료
613,1105,2026-07-24,휴대폰결제,배송중
614,151,2025-11-03,간편결제,배송준비
615,3,2026-06-14,신용카드,배송완료
616,98,2025-04-17,간편결제,배송완료
617,409,2026-05-18,신용카드,배송완료
618,311,2025-10-19,신용카드,배송완료
619,824,2025-12-13,간편결제,배송완료
620,345,2026-02-01,간편결제,배송완료
621,430,2025-12-08,휴대폰결제,배송완료
622,876,2025-07-10,계좌이체,환불
623,662,2025-07-24,신용카드,배송완료
624,420,2026-04-25,간편결제,배송완료
625,673,2026-06-01,간편결제,배송완료
626,473,2025-11-14,간편결제,환불
627,591,2026-04-21,신용카드,배송완료
628,248,2026-02-22,휴대폰결제,배송완료
629,479,2025-04-24,계좌이체,배송완료
630,674,2025-08-01,신용카드,취소
631,405,2025-11-22,신용카드,배송완료
632,640,2025-06-29,신용카드,배송완료
633,1005,2026-07-30,간편결제,결제완료
634,605,2025-10-10,신용카드,배송준비
635,1107,2025-09-29,계좌이체,배송완료
636,686,2025-01-06,신용카드,배송완료
637,1109,2025-10-07,신용카드,취소
638,951,2025-09-28,신용카드,배송완료
639,6,2025-02-28,신용카드,배송완료
640,113,2025-07-21,간편결제,배송완료
641,633,2026-05-17,신용카드,배송완료
642,138,2025-11-16,계좌이체,배송완료
643,1174,2025-04-12,간편결제,배송완료
644,1069,2026-06-03,신용카드,환불
645,1072,2025-09-14,신용카드,배송완료
646,1114,2026-04-14,신용카드,배송완료
647,941,2025-03-04,신용카드,취소
648,202,2025-01-11,신용카드,배송완료
649,308,2025-12-29,신용카드,배송완료
650,520,2026-05-14,신용카드,배송완료
651,550,2025-11-25,신용카드,배송완료
652,255,2025-10-12,계좌이체,배송완료
653,940,2025-03-09,신용카드,배송완료
654,402,2025-09-01,간편결제,배송완료
655,423,2025-07-04,신용카드,취소
656,432,2026-03-25,무통장입금,배송완료
657,551,2025-12-09,간편결제,배송완료
658,485,2025-11-09,휴대폰결제,배송완료
659,758,2025-08-23,신용카드,배송완료
660,441,2025-11-19,신용카드,배송완료
661,919,2026-05-26,휴대폰결제,배송완료
662,125,2026-02-09,휴대폰결제,취소
663,327,2025-12-20,휴대폰결제,배송완료
664,1196,2026-05-21,신용카드,배송완료
665,825,2025-06-30,간편결제,배송완료
666,625,2026-03-14,신용카드,배송완료
667,524,2025-10-28,간편결제,배송완료
668,1003,2026-03-14,계좌이체,배송완료
669,697,2025-03-09,간편결제,배송완료
670,534,2026-01-07,계좌이체,배송완료
671,966,2025-12-05,간편결제,배송완료
672,1031,2026-01-27,계좌이체,배송완료
673,731,2025-03-13,신용카드,배송완료
674,110,2026-04-25,간편결제,배송완료
675,513,2025-12-18,신용카드,환불
676,257,2026-02-10,간편결제,배송완료
677,159,2025-08-26,신용카드,배송완료
678,463,2025-05-13,신용카드,취소
679,1185,2025-12-08,휴대폰결제,배송완료
680,531,2026-05-13,간편결제,배송완료
681,357,2025-02-28,신용카드,배송완료
682,360,2025-03-29,신용카드,배송완료
683,459,2025-10-12,신용카드,취소
684,183,2026-06-10,계좌이체,배송완료
685,110,2026-01-08,계좌이체,배송완료
686,1094,2026-04-28,간편결제,배송완료
687,790,2025-01-29,간편결제,배송완료
688,720,2026-05-13,무통장입금,배송완료
689,484,2025-02-28,간편결제,배송완료
690,624,2025-05-20,간편결제,배송완료
691,184,2025-11-12,간편결제,배송완료
692,112,2026-05-24,간편결제,배송완료
693,542,2025-12-13,계좌이체,배송완료
694,114,2025-01-10,간편결제,취소
695,579,2026-06-25,신용카드,배송완료
696,977,2025-02-19,계좌이체,배송완료
697,983,2026-05-07,간편결제,배송완료
698,338,2025-03-25,신용카드,배송완료
699,608,2025-06-13,계좌이체,배송완료
700,264,2025-05-12,신용카드,배송완료
701,1112,2025-10-01,신용카드,배송완료
702,854,2025-01-03,휴대폰결제,배송완료
703,335,2025-06-10,간편결제,배송완료
704,815,2025-06-03,간편결제,배송완료
705,379,2025-09-08,계좌이체,배송완료
706,1059,2026-04-06,간편결제,환불
707,940,2025-02-02,계좌이체,배송완료
708,877,2025-05-14,신용카드,배송완료
709,843,2026-07-08,신용카드,배송완료
710,977,2025-07-29,신용카드,배송완료
711,682,2025-05-02,계좌이체,배송완료
712,793,2026-02-08,계좌이체,배송완료
713,895,2025-12-08,휴대폰결제,배송완료
714,282,2025-06-27,계좌이체,배송완료
715,936,2025-09-23,간편결제,배송완료
716,1171,2025-05-30,휴대폰결제,배송완료
717,829,2025-11-02,간편결제,배송완료
718,837,2025-04-15,휴대폰결제,배송완료
719,662,2025-01-31,간편결제,배송완료
720,1122,2025-03-24,신용카드,배송완료
721,779,2025-01-23,계좌이체,배송완료
722,710,2025-09-21,신용카드,환불
723,748,2025-07-09,간편결제,배송완료
724,208,2025-04-13,간편결제,배송완료
725,191,2025-12-29,휴대폰결제,배송완료
726,864,2025-12-15,신용카드,배송완료
727,940,2025-07-06,휴대폰결제,배송완료
728,1184,2026-01-29,신용카드,배송완료
729,892,2025-09-01,신용카드,배송완료
730,453,2026-04-27,신용카드,배송완료
731,1150,2025-09-29,신용카드,취소
732,81,2025-01-11,계좌이체,배송완료
733,1149,2025-12-19,신용카드,배송완료
734,81,2025-08-11,간편결제,배송완료
735,7,2026-05-18,간편결제,배송완료
736,1054,2025-11-03,간편결제,배송완료
737,851,2026-06-01,신용카드,배송완료
738,264,2025-01-05,간편결제,취소
739,740,2026-03-04,계좌이체,배송완료
740,1072,2025-06-24,계좌이체,배송완료
741,665,2025-12-30,신용카드,배송완료
742,250,2026-01-19,신용카드,배송완료
743,32,2025-11-30,신용카드,배송완료
744,732,2025-08-06,신용카드,배송완료
745,1141,2025-06-13,신용카드,배송완료
746,751,2026-01-16,휴대폰결제,배송준비
747,374,2025-07-26,간편결제,배송완료
748,566,2025-01-10,간편결제,배송완료
749,813,2025-05-25,신용카드,환불
750,759,2025-02-05,신용카드,배송완료
751,513,2025-04-23,무통장입금,배송완료
752,205,2025-08-02,신용카드,배송완료
753,73,2026-06-26,신용카드,배송완료
754,256,2025-07-28,신용카드,배송완료
755,187,2025-11-11,계좌이체,배송준비
756,114,2025-12-17,간편결제,취소
757,551,2025-04-25,신용카드,배송중
758,321,2025-12-05,무통장입금,배송완료
759,666,2026-01-28,간편결제,취소
760,862,2026-07-27,신용카드,배송완료
761,1180,2026-01-23,신용카드,배송완료
762,809,2025-12-28,신용카드,배송완료
763,399,2025-03-24,간편결제,배송완료
764,116,2025-09-25,신용카드,배송완료
765,885,2026-07-02,간편결제,배송완료
766,680,2025-06-13,휴대폰결제,배송완료
767,848,2025-02-19,신용카드,배송완료
768,837,2026-07-14,신용카드,배송중
769,334,2025-03-03,무통장입금,배송완료
770,679,2025-04-14,간편결제,배송완료
771,1058,2025-09-11,간편결제,배송완료
772,365,2025-04-30,신용카드,환불
773,149,2025-07-24,간편결제,배송완료
774,857,2026-07-22,계좌이체,배송중
775,132,2025-12-02,신용카드,배송완료
776,583,2026-07-07,신용카드,배송완료
777,670,2025-11-05,신용카드,배송완료
778,167,2025-04-26,무통장입금,배송중
779,159,2025-12-22,신용카드,배송완료
780,570,2025-04-19,간편결제,배송완료
781,1078,2026-06-06,휴대폰결제,배송완료
782,60,2026-02-18,무통장입금,배송완료
783,129,2025-11-27,간편결제,배송완료
784,437,2025-07-30,간편결제,배송중
785,85,2025-04-20,신용카드,배송완료
786,388,2025-04-26,신용카드,환불
787,611,2025-01-26,간편결제,배송완료
788,1063,2025-04-15,무통장입금,배송완료
789,1009,2026-04-16,휴대폰결제,취소
790,697,2025-08-14,계좌이체,배송완료
791,841,2025-11-22,신용카드,배송완료
792,142,2025-06-16,신용카드,배송완료
793,1131,2026-05-19,간편결제,배송완료
794,241,2026-06-19,간편결제,배송완료
795,785,2026-04-12,신용카드,배송완료
796,343,2025-09-24,무통장입금,배송완료
797,129,2025-08-19,신용카드,배송완료
798,335,2025-02-10,휴대폰결제,배송완료
799,864,2025-12-08,무통장입금,배송완료
800,1088,2026-01-09,신용카드,배송완료
801,584,2025-12-11,간편결제,결제완료
802,1055,2025-07-19,계좌이체,배송완료
803,73,2026-07-09,신용카드,배송완료
804,1090,2025-11-13,신용카드,배송완료
805,302,2026-05-31,계좌이체,배송완료
806,1092,2026-01-30,신용카드,배송완료
807,866,2026-04-22,신용카드,배송완료
808,865,2026-03-14,간편결제,배송완료
809,853,2026-05-16,신용카드,배송완료
810,482,2025-10-21,신용카드,배송완료
811,447,2026-01-11,신용카드,취소
812,470,2026-05-16,간편결제,배송완료
813,337,2025-06-19,신용카드,배송완료
814,148,2025-11-29,신용카드,배송완료
815,759,2025-04-03,신용카드,환불
816,166,2025-11-21,무통장입금,취소
817,554,2026-05-09,휴대폰결제,배송완료
818,414,2025-12-06,신용카드,배송완료
819,417,2025-05-31,휴대폰결제,취소
820,1182,2025-09-19,신용카드,배송완료
821,738,2026-02-15,신용카드,배송완료
822,865,2025-02-25,신용카드,배송완료
823,669,2025-03-21,신용카드,배송완료
824,43,2025-05-15,신용카드,배송완료
825,1157,2026-01-23,무통장입금,배송완료
826,410,2026-06-05,신용카드,환불
827,1031,2025-09-13,신용카드,배송완료
828,756,2025-09-15,간편결제,배송중
829,322,2026-04-20,무통장입금,배송완료
830,815,2025-07-15,신용카드,배송완료
831,212,2026-01-29,신용카드,배송완료
832,542,2026-04-22,간편결제,환불
833,1038,2026-04-27,간편결제,배송완료
834,996,2025-12-23,신용카드,배송완료
835,1126,2026-07-30,계좌이체,결제완료
836,196,2025-10-27,계좌이체,배송완료
837,556,2025-08-05,간편결제,배송완료
838,972,2025-02-13,계좌이체,배송중
839,1191,2025-12-28,신용카드,취소
840,571,2025-09-08,신용카드,배송완료
841,202,2026-01-02,간편결제,환불
842,1175,2025-10-31,간편결제,배송완료
843,415,2025-10-25,간편결제,배송완료
844,549,2025-09-15,간편결제,배송완료
845,1038,2025-05-28,신용카드,배송완료
846,912,2025-03-07,신용카드,배송완료
847,140,2026-05-21,신용카드,배송완료
848,455,2026-03-18,간편결제,배송완료
849,118,2025-12-17,신용카드,배송중
850,388,2025-04-03,신용카드,배송완료
851,22,2025-08-11,신용카드,배송완료
852,1063,2026-05-18,간편결제,배송완료
853,1033,2026-07-25,간편결제,배송준비
854,3,2025-04-22,신용카드,취소
855,779,2025-01-14,간편결제,배송완료
856,267,2026-01-14,간편결제,배송완료
857,314,2025-08-05,간편결제,취소
858,935,2026-04-11,무통장입금,배송완료
859,167,2025-01-04,신용카드,배송완료
860,186,2025-09-10,신용카드,배송완료
861,39,2025-03-03,무통장입금,배송완료
862,1054,2025-09-02,신용카드,배송완료
863,580,2025-03-02,계좌이체,배송완료
864,858,2025-09-29,간편결제,배송완료
865,410,2025-12-03,계좌이체,배송완료
866,710,2025-07-31,간편결제,배송완료
867,53,2026-04-13,신용카드,배송완료
868,1086,2025-07-12,간편결제,배송완료
869,940,2025-08-16,간편결제,취소
870,192,2025-05-15,무통장입금,배송완료
871,206,2025-05-12,휴대폰결제,배송완료
872,720,2025-08-18,신용카드,배송완료
873,1173,2025-12-07,신용카드,배송완료
874,706,2025-12-26,신용카드,배송완료
875,379,2025-12-02,간편결제,배송완료
876,975,2026-05-09,계좌이체,배송완료
877,968,2026-01-19,간편결제,배송완료
878,632,2025-06-07,간편결제,배송완료
879,593,2025-03-03,신용카드,환불
880,223,2026-05-29,간편결제,배송완료
881,360,2025-10-28,신용카드,배송완료
882,331,2025-11-15,간편결제,결제완료
883,45,2026-01-22,간편결제,배송완료
884,264,2025-07-30,신용카드,배송완료
885,268,2025-12-27,신용카드,배송완료
886,348,2026-06-17,신용카드,환불
887,693,2025-08-27,신용카드,배송완료
888,349,2025-05-05,간편결제,배송완료
889,737,2026-07-12,계좌이체,결제완료
890,451,2025-07-01,신용카드,배송완료
891,21,2025-07-21,무통장입금,배송완료
892,876,2026-03-06,간편결제,배송완료
893,267,2025-04-08,휴대폰결제,배송완료
894,639,2026-04-27,무통장입금,배송완료
895,604,2025-09-25,신용카드,환불
896,91,2026-02-06,간편결제,취소
897,1101,2025-08-08,신용카드,배송완료
898,158,2025-12-22,신용카드,배송완료
899,1069,2025-01-18,간편결제,배송완료
900,369,2025-04-04,간편결제,배송완료
901,813,2025-02-10,무통장입금,배송완료
902,141,2026-01-10,계좌이체,배송완료
903,90,2025-03-22,간편결제,배송완료
904,680,2025-02-10,간편결제,배송완료
905,448,2025-02-13,휴대폰결제,배송완료
906,754,2025-01-25,간편결제,배송완료
907,527,2026-06-15,간편결제,배송완료
908,145,2025-03-16,신용카드,배송완료
909,759,2025-07-05,신용카드,배송완료
910,591,2026-01-08,휴대폰결제,취소
911,191,2025-03-13,신용카드,환불
912,505,2026-07-29,간편결제,배송준비
913,732,2025-01-22,신용카드,배송완료
914,612,2026-04-25,계좌이체,배송완료
915,17,2025-07-01,계좌이체,배송완료
916,314,2025-11-29,간편결제,취소
917,1073,2025-12-26,신용카드,배송완료
918,1005,2025-12-24,신용카드,배송완료
919,977,2025-07-03,무통장입금,배송완료
920,737,2025-02-15,신용카드,배송완료
921,975,2025-10-03,신용카드,배송완료
922,631,2026-05-20,간편결제,취소
923,347,2025-06-25,신용카드,환불
924,704,2025-09-02,신용카드,배송완료
925,883,2025-11-13,신용카드,배송완료
926,1194,2026-03-28,신용카드,취소
927,94,2025-04-25,신용카드,배송완료
928,712,2025-01-08,간편결제,환불
929,324,2025-03-10,신용카드,환불
930,1136,2025-10-23,계좌이체,배송완료
931,1151,2025-12-13,간편결제,취소
932,289,2026-05-08,신용카드,배송완료
933,929,2026-05-29,신용카드,배송완료
934,918,2025-07-23,신용카드,배송완료
935,78,2026-06-25,계좌이체,배송완료
936,1194,2026-04-15,신용카드,배송완료
937,758,2026-05-27,계좌이체,배송완료
938,733,2025-04-02,신용카드,배송완료
939,850,2025-10-15,신용카드,환불
940,530,2026-01-21,계좌이체,배송완료
941,610,2025-12-02,신용카드,배송완료
942,763,2025-05-19,신용카드,배송완료
943,946,2025-11-25,간편결제,배송완료
944,231,2026-01-15,계좌이체,환불
945,347,2025-07-30,간편결제,배송완료
946,232,2025-12-01,신용카드,배송완료
947,291,2025-03-08,간편결제,배송완료
948,672,2025-07-23,간편결제,배송완료
949,735,2026-04-17,간편결제,환불
950,1170,2025-06-12,간편결제,배송완료
951,441,2026-04-10,휴대폰결제,환불
952,216,2025-11-02,휴대폰결제,배송완료
953,114,2025-06-23,신용카드,배송완료
954,502,2026-07-03,신용카드,배송완료
955,189,2026-06-07,신용카드,배송완료
956,16,2025-03-08,신용카드,배송완료
957,703,2025-06-19,간편결제,배송완료
958,933,2025-09-30,계좌이체,배송완료
959,456,2025-06-15,신용카드,배송완료
960,1018,2025-06-04,신용카드,배송완료
961,1006,2026-03-02,간편결제,배송완료
962,859,2025-09-21,간편결제,결제완료
963,276,2025-06-28,간편결제,배송완료
964,109,2025-11-05,신용카드,배송완료
965,79,2026-03-06,신용카드,배송완료
966,451,2025-04-14,신용카드,배송완료
967,578,2025-03-06,신용카드,취소
968,793,2025-04-05,무통장입금,취소
969,645,2025-12-04,계좌이체,배송완료
970,230,2025-11-11,신용카드,배송완료
971,441,2026-07-08,간편결제,배송완료
972,166,2025-07-01,신용카드,배송완료
973,209,2025-12-14,계좌이체,배송완료
974,490,2026-03-08,신용카드,환불
975,679,2026-05-15,신용카드,배송완료
976,17,2026-04-22,휴대폰결제,환불
977,963,2025-11-17,신용카드,취소
978,475,2025-12-29,무통장입금,배송완료
979,431,2026-07-20,휴대폰결제,배송중
980,763,2025-12-27,신용카드,배송완료
981,428,2025-04-24,간편결제,배송완료
982,1094,2025-03-12,간편결제,배송완료
983,926,2025-11-12,간편결제,배송완료
984,600,2025-10-10,신용카드,배송완료
985,570,2026-06-10,간편결제,배송완료
986,969,2025-01-20,신용카드,배송완료
987,926,2025-02-06,신용카드,배송완료
988,292,2025-07-05,간편결제,배송완료
989,469,2025-04-27,간편결제,취소
990,1120,2026-04-03,계좌이체,배송완료
991,216,2025-01-10,휴대폰결제,배송완료
992,691,2025-01-24,계좌이체,배송완료
993,1123,2025-08-04,신용카드,취소
994,1044,2025-12-21,신용카드,배송완료
995,325,2026-06-29,간편결제,배송완료
996,875,2025-05-20,신용카드,배송완료
997,1019,2025-12-25,간편결제,배송완료
998,33,2025-07-22,신용카드,배송완료
999,547,2025-04-27,간편결제,배송완료
1000,1137,2026-06-27,신용카드,배송완료
1001,825,2025-10-19,계좌이체,배송완료
1002,515,2026-03-26,신용카드,배송완료
1003,1134,2025-12-20,신용카드,배송완료
1004,589,2025-09-11,신용카드,배송완료
1005,1196,2025-02-03,신용카드,배송완료
1006,340,2026-04-28,휴대폰결제,배송완료
1007,417,2025-09-13,신용카드,배송완료
1008,361,2025-04-05,신용카드,배송완료
1009,734,2025-05-02,간편결제,취소
1010,1178,2025-08-20,계좌이체,배송준비
1011,95,2025-09-20,간편결제,환불
1012,1153,2025-03-17,신용카드,배송완료
1013,615,2025-02-03,간편결제,환불
1014,30,2025-12-17,신용카드,배송완료
1015,453,2025-04-10,신용카드,배송완료
1016,1121,2025-11-29,휴대폰결제,배송완료
1017,655,2025-11-30,신용카드,배송완료
1018,73,2025-06-20,신용카드,배송완료
1019,459,2025-04-26,신용카드,환불
1020,753,2025-09-12,무통장입금,배송완료
1021,899,2025-09-17,계좌이체,배송완료
1022,602,2025-07-02,신용카드,배송완료
1023,774,2026-02-27,휴대폰결제,배송완료
1024,883,2025-04-30,휴대폰결제,배송완료
1025,402,2025-09-17,무통장입금,취소
1026,735,2026-06-14,신용카드,배송완료
1027,708,2025-12-27,간편결제,배송완료
1028,434,2026-07-07,신용카드,환불
1029,605,2025-05-21,계좌이체,배송완료
1030,946,2025-12-29,신용카드,배송완료
1031,167,2025-04-20,신용카드,배송완료
1032,646,2025-01-02,간편결제,배송완료
1033,322,2026-02-22,휴대폰결제,배송완료
1034,727,2025-10-23,신용카드,배송완료
1035,751,2025-10-05,신용카드,배송완료
1036,689,2025-11-26,간편결제,배송완료
1037,732,2025-08-31,신용카드,배송완료
1038,308,2026-05-21,무통장입금,배송완료
1039,8,2025-12-02,간편결제,배송완료
1040,29,2025-02-28,계좌이체,환불
1041,253,2026-04-23,무통장입금,배송완료
1042,367,2025-03-19,무통장입금,배송완료
1043,784,2025-07-05,계좌이체,배송완료
1044,1031,2025-04-04,휴대폰결제,배송완료
1045,334,2025-01-06,신용카드,배송완료
1046,172,2026-07-21,신용카드,배송완료
1047,1046,2025-12-19,신용카드,배송완료
1048,444,2025-11-07,신용카드,배송완료
1049,156,2025-11-23,신용카드,배송완료
1050,867,2026-01-17,신용카드,배송완료
1051,919,2025-12-30,신용카드,배송완료
1052,236,2026-07-28,휴대폰결제,배송완료
1053,784,2026-05-31,신용카드,배송완료
1054,1147,2026-04-10,간편결제,배송완료
1055,1019,2025-02-26,계좌이체,배송완료
1056,741,2025-06-08,신용카드,배송완료
1057,592,2025-12-16,신용카드,배송완료
1058,191,2025-12-11,신용카드,배송완료
1059,620,2025-03-13,간편결제,배송완료
1060,585,2026-05-12,신용카드,배송완료
1061,784,2026-04-07,신용카드,환불
1062,582,2026-04-17,간편결제,배송준비
1063,621,2025-09-16,간편결제,배송완료
1064,1138,2025-08-10,계좌이체,배송완료
1065,197,2025-06-20,신용카드,환불
1066,2,2026-01-21,간편결제,배송완료
1067,109,2026-05-14,간편결제,배송완료
1068,265,2025-11-17,신용카드,배송완료
1069,344,2026-03-13,간편결제,배송완료
1070,1079,2025-02-27,신용카드,배송완료
1071,261,2025-10-16,계좌이체,배송완료
1072,166,2026-01-23,신용카드,배송완료
1073,297,2025-03-13,휴대폰결제,취소
1074,338,2025-05-25,간편결제,배송완료
1075,861,2025-07-08,신용카드,배송완료
1076,672,2025-12-13,간편결제,환불
1077,287,2025-12-05,신용카드,배송완료
1078,406,2026-01-06,신용카드,배송완료
1079,115,2025-11-08,휴대폰결제,배송완료
1080,435,2025-09-20,신용카드,배송완료
1081,129,2026-01-22,무통장입금,배송완료
1082,704,2025-01-29,간편결제,배송완료
1083,2,2025-08-14,간편결제,배송완료
1084,484,2025-07-22,신용카드,배송완료
1085,718,2026-05-22,휴대폰결제,배송완료
1086,603,2026-04-24,휴대폰결제,배송완료
1087,901,2025-07-17,간편결제,배송완료
1088,529,2025-03-12,계좌이체,배송완료
1089,976,2026-02-24,간편결제,배송완료
1090,39,2025-02-05,신용카드,배송완료
1091,687,2026-05-21,계좌이체,배송완료
1092,1199,2026-05-03,신용카드,배송완료
1093,636,2025-02-22,계좌이체,배송완료
1094,664,2025-04-12,계좌이체,배송완료
1095,339,2026-05-05,휴대폰결제,배송완료
1096,461,2025-11-07,간편결제,배송완료
1097,385,2025-04-12,휴대폰결제,환불
1098,918,2026-04-16,간편결제,배송완료
1099,411,2025-11-09,신용카드,취소
1100,1134,2025-11-21,간편결제,배송완료
1101,878,2025-09-30,휴대폰결제,배송완료
1102,493,2025-07-14,신용카드,배송완료
1103,242,2025-07-08,신용카드,취소
1104,493,2025-04-07,계좌이체,배송완료
1105,88,2025-02-11,신용카드,배송완료
1106,252,2025-10-01,계좌이체,배송완료
1107,773,2026-07-29,신용카드,배송완료
1108,553,2025-11-04,무통장입금,배송완료
1109,1167,2025-12-29,간편결제,취소
1110,878,2025-07-19,신용카드,배송완료
1111,804,2025-08-15,계좌이체,배송완료
1112,1167,2026-02-22,계좌이체,배송완료
1113,1182,2025-02-19,신용카드,배송완료
1114,733,2025-05-31,계좌이체,취소
1115,1025,2025-05-07,신용카드,취소
1116,42,2026-02-28,간편결제,배송완료
1117,138,2025-07-13,간편결제,배송완료
1118,600,2026-03-25,신용카드,배송완료
1119,1186,2026-05-16,신용카드,배송완료
1120,737,2026-04-07,신용카드,배송완료
1121,1068,2026-07-04,신용카드,배송완료
1122,907,2025-09-20,신용카드,취소
1123,1029,2025-09-03,간편결제,배송중
1124,829,2025-02-28,신용카드,배송완료
1125,633,2025-01-06,간편결제,취소
1126,1198,2025-11-10,신용카드,환불
1127,336,2025-03-23,신용카드,취소
1128,633,2025-06-29,간편결제,환불
1129,529,2025-05-10,계좌이체,배송완료
1130,264,2025-04-05,계좌이체,배송중
1131,349,2025-11-06,신용카드,배송중
1132,792,2025-05-10,신용카드,배송완료
1133,226,2026-01-09,신용카드,배송완료
1134,272,2026-04-28,간편결제,배송완료
1135,211,2026-07-01,무통장입금,배송완료
1136,626,2025-11-08,신용카드,배송완료
1137,526,2025-04-07,간편결제,배송완료
1138,271,2026-01-11,신용카드,배송완료
1139,668,2025-09-14,간편결제,배송완료
1140,466,2026-02-16,간편결제,취소
1141,468,2026-02-26,간편결제,배송완료
1142,376,2025-05-13,무통장입금,배송완료
1143,879,2025-02-09,계좌이체,배송완료
1144,1001,2026-07-28,계좌이체,결제완료
1145,297,2026-03-16,신용카드,배송완료
1146,110,2026-04-12,계좌이체,배송완료
1147,666,2025-12-13,계좌이체,배송완료
1148,442,2026-01-28,계좌이체,배송완료
1149,491,2025-12-23,신용카드,배송완료
1150,2,2025-03-30,계좌이체,배송완료
1151,796,2025-04-27,신용카드,배송완료
1152,948,2025-10-10,신용카드,배송완료
1153,391,2025-01-09,간편결제,취소
1154,902,2025-02-18,휴대폰결제,결제완료
1155,807,2025-08-27,간편결제,배송완료
1156,369,2026-03-25,휴대폰결제,배송완료
1157,384,2025-11-22,간편결제,배송준비
1158,1182,2025-09-02,휴대폰결제,배송완료
1159,1137,2025-02-28,신용카드,배송완료
1160,734,2025-04-15,간편결제,배송완료
1161,926,2025-10-21,무통장입금,환불
1162,548,2026-04-06,무통장입금,배송완료
1163,570,2026-04-24,신용카드,환불
1164,688,2025-08-25,신용카드,배송완료
1165,1030,2026-06-08,간편결제,배송완료
1166,483,2026-03-22,간편결제,배송완료
1167,2,2025-08-09,간편결제,배송완료
1168,225,2025-01-09,무통장입금,배송완료
1169,2,2026-01-18,간편결제,배송완료
1170,1004,2026-01-23,신용카드,배송완료
1171,215,2026-05-24,신용카드,취소
1172,627,2025-07-06,무통장입금,취소
1173,1034,2025-03-30,무통장입금,배송완료
1174,337,2025-05-21,간편결제,배송완료
1175,600,2026-03-12,신용카드,배송완료
1176,1174,2026-04-25,신용카드,취소
1177,1198,2025-02-05,계좌이체,배송완료
1178,1175,2025-11-19,간편결제,배송완료
1179,1123,2025-09-06,간편결제,배송완료
1180,691,2025-01-30,휴대폰결제,배송완료
1181,605,2026-03-14,신용카드,배송완료
1182,363,2026-02-14,신용카드,배송완료
1183,326,2026-05-17,무통장입금,배송중
1184,790,2026-03-03,휴대폰결제,배송완료
1185,680,2025-03-16,계좌이체,배송완료
1186,456,2025-10-08,신용카드,배송완료
1187,353,2026-04-12,신용카드,환불
1188,905,2026-05-25,신용카드,배송완료
1189,626,2025-04-15,신용카드,배송완료
1190,776,2025-09-13,신용카드,취소
1191,320,2025-11-06,간편결제,배송완료
1192,699,2026-04-03,신용카드,배송완료
1193,390,2026-03-30,신용카드,배송완료
1194,990,2025-03-18,신용카드,배송완료
1195,821,2026-01-16,휴대폰결제,배송완료
1196,3,2026-05-30,신용카드,배송완료
1197,262,2025-06-09,간편결제,배송완료
1198,982,2025-07-15,신용카드,배송완료
1199,1037,2025-10-22,간편결제,배송완료
1200,760,2025-04-27,계좌이체,배송완료
1201,756,2025-03-04,신용카드,배송완료
1202,42,2026-06-23,계좌이체,배송완료
1203,965,2026-02-22,간편결제,배송중
1204,199,2025-05-23,간편결제,배송완료
1205,1031,2025-10-01,신용카드,배송완료
1206,681,2025-06-28,신용카드,배송완료
1207,727,2025-07-07,신용카드,배송완료
1208,498,2026-06-26,신용카드,배송완료
1209,755,2025-03-20,간편결제,배송완료
1210,891,2025-12-17,간편결제,환불
1211,1153,2026-07-25,계좌이체,결제완료
1212,1005,2025-09-09,신용카드,취소
1213,289,2025-12-29,간편결제,배송완료
1214,434,2025-10-19,간편결제,배송완료
1215,1080,2025-09-03,신용카드,배송완료
1216,980,2026-02-15,간편결제,배송완료
1217,42,2025-11-05,신용카드,배송완료
1218,1189,2026-06-28,간편결제,환불
1219,479,2026-05-06,간편결제,배송완료
1220,1086,2026-04-15,신용카드,배송완료
1221,1167,2025-05-14,신용카드,취소
1222,936,2025-03-23,휴대폰결제,배송완료
1223,886,2025-12-01,간편결제,배송완료
1224,240,2025-12-24,신용카드,배송완료
1225,896,2025-12-29,무통장입금,결제완료
1226,243,2025-04-27,휴대폰결제,배송완료
1227,1132,2026-06-09,계좌이체,배송완료
1228,1044,2026-04-06,간편결제,취소
1229,876,2025-03-11,간편결제,취소
1230,492,2026-04-12,계좌이체,배송완료
1231,922,2025-12-21,신용카드,배송완료
1232,1059,2026-01-19,신용카드,배송완료
1233,1063,2025-07-10,간편결제,배송완료
1234,619,2026-07-26,신용카드,배송중
1235,877,2026-05-24,간편결제,배송완료
1236,534,2025-12-09,계좌이체,배송완료
1237,770,2025-04-11,신용카드,배송완료
1238,1169,2026-05-06,간편결제,배송완료
1239,534,2025-12-21,신용카드,배송완료
1240,265,2025-05-10,신용카드,배송완료
1241,1112,2025-01-24,무통장입금,배송완료
1242,892,2025-11-30,간편결제,배송완료
1243,855,2025-01-23,간편결제,취소
1244,795,2025-03-07,휴대폰결제,결제완료
1245,748,2025-12-23,간편결제,배송완료
1246,452,2026-01-19,신용카드,배송완료
1247,728,2025-11-26,신용카드,환불
1248,616,2025-11-30,휴대폰결제,배송완료
1249,21,2025-05-17,신용카드,배송완료
1250,1090,2026-06-14,신용카드,배송완료
1251,1135,2025-08-28,간편결제,배송완료
1252,556,2025-03-06,간편결제,배송완료
1253,785,2026-02-13,휴대폰결제,배송완료
1254,808,2026-04-24,휴대폰결제,환불
1255,1168,2026-01-07,신용카드,배송완료
1256,247,2026-07-19,신용카드,배송완료
1257,334,2025-12-19,간편결제,배송완료
1258,1076,2025-12-05,신용카드,배송완료
1259,128,2025-11-02,계좌이체,배송완료
1260,643,2026-06-07,휴대폰결제,배송완료
1261,297,2026-03-16,무통장입금,배송완료
1262,495,2026-03-09,신용카드,환불
1263,1058,2025-11-21,간편결제,배송완료
1264,526,2025-08-23,신용카드,배송완료
1265,89,2025-02-04,신용카드,배송완료
1266,1089,2025-07-07,신용카드,배송완료
1267,287,2025-04-04,신용카드,배송완료
1268,140,2026-03-06,간편결제,배송완료
1269,604,2025-10-05,계좌이체,취소
1270,355,2026-01-10,신용카드,환불
1271,530,2026-01-30,신용카드,배송완료
1272,936,2026-06-01,신용카드,취소
1273,843,2026-05-07,신용카드,배송완료
1274,874,2025-04-25,신용카드,배송완료
1275,678,2025-03-09,신용카드,취소
1276,773,2026-06-21,신용카드,배송완료
1277,146,2025-04-12,계좌이체,배송완료
1278,422,2025-12-30,간편결제,취소
1279,177,2026-04-22,계좌이체,배송완료
1280,726,2025-04-06,간편결제,배송완료
1281,415,2025-03-14,신용카드,배송완료
1282,770,2025-03-23,계좌이체,취소
1283,754,2025-12-08,무통장입금,배송완료
1284,640,2026-03-05,간편결제,환불
1285,232,2025-06-18,신용카드,배송완료
1286,530,2025-02-09,신용카드,배송완료
1287,1079,2025-08-02,간편결제,배송완료
1288,428,2026-06-17,신용카드,취소
1289,700,2026-03-25,간편결제,배송완료
1290,126,2025-11-10,신용카드,배송완료
1291,285,2026-05-09,신용카드,배송완료
1292,338,2025-04-23,간편결제,배송완료
1293,286,2026-07-30,신용카드,배송준비
1294,1007,2025-08-20,간편결제,배송완료
1295,438,2026-03-18,신용카드,배송완료
1296,682,2025-12-01,신용카드,배송완료
1297,1072,2025-11-11,간편결제,배송완료
1298,225,2025-01-06,신용카드,배송완료
1299,255,2026-07-09,계좌이체,취소
1300,95,2025-07-22,간편결제,취소
1301,1132,2026-04-19,간편결제,취소
1302,409,2026-06-08,간편결제,배송완료
1303,1069,2025-12-21,계좌이체,배송완료
1304,876,2025-04-15,신용카드,배송완료
1305,316,2026-03-08,무통장입금,배송완료
1306,1001,2026-05-19,신용카드,배송완료
1307,1193,2025-11-07,계좌이체,배송완료
1308,842,2026-07-19,무통장입금,배송준비
1309,114,2026-01-12,간편결제,배송완료
1310,1166,2025-05-05,휴대폰결제,배송완료
1311,695,2025-05-20,신용카드,배송완료
1312,990,2025-04-03,신용카드,배송완료
1313,784,2025-12-11,신용카드,취소
1314,1004,2025-10-12,간편결제,배송완료
1315,563,2026-01-15,계좌이체,배송완료
1316,754,2026-01-20,신용카드,배송완료
1317,349,2025-03-02,간편결제,배송완료
1318,942,2026-07-22,신용카드,배송중
1319,499,2025-01-28,신용카드,환불
1320,726,2026-03-19,신용카드,배송완료
1321,632,2025-05-03,무통장입금,배송완료
1322,1194,2025-12-27,신용카드,취소
1323,403,2026-05-16,계좌이체,배송완료
1324,34,2026-01-05,신용카드,배송완료
1325,278,2025-06-25,계좌이체,배송완료
1326,502,2026-07-11,계좌이체,취소
1327,378,2026-07-09,간편결제,환불
1328,283,2025-01-29,신용카드,배송완료
1329,574,2026-02-09,신용카드,배송완료
1330,404,2026-06-27,신용카드,배송완료
1331,1122,2025-12-12,신용카드,배송완료
1332,643,2026-04-03,간편결제,배송완료
1333,485,2025-05-10,무통장입금,결제완료
1334,71,2025-10-06,무통장입금,배송완료
1335,199,2025-04-11,간편결제,배송준비
1336,955,2025-06-28,신용카드,배송완료
1337,509,2026-07-26,신용카드,배송중
1338,855,2025-06-10,신용카드,배송완료
1339,1036,2026-01-11,신용카드,배송완료
1340,411,2026-05-03,휴대폰결제,배송완료
1341,426,2025-05-20,신용카드,배송완료
1342,985,2025-05-12,계좌이체,취소
1343,128,2025-12-01,계좌이체,배송완료
1344,29,2025-05-25,간편결제,배송완료
1345,497,2026-07-18,휴대폰결제,배송완료
1346,54,2025-05-25,간편결제,취소
1347,349,2025-11-29,간편결제,배송완료
1348,548,2025-10-18,신용카드,배송완료
1349,723,2025-09-23,간편결제,배송완료
1350,143,2025-07-17,신용카드,배송완료
1351,321,2026-06-22,신용카드,배송완료
1352,498,2026-03-27,신용카드,배송완료
1353,477,2025-10-16,무통장입금,배송완료
1354,1000,2025-12-06,간편결제,배송완료
1355,1131,2025-06-15,신용카드,취소
1356,737,2025-07-24,신용카드,배송완료
1357,945,2026-02-18,신용카드,배송완료
1358,1050,2026-04-09,신용카드,배송완료
1359,389,2025-08-21,신용카드,취소
1360,856,2025-02-17,신용카드,취소
1361,187,2025-03-05,신용카드,배송완료
1362,871,2026-02-26,계좌이체,배송완료
1363,198,2025-08-11,신용카드,배송완료
1364,489,2025-06-04,간편결제,배송완료
1365,1120,2026-05-24,신용카드,배송완료
1366,413,2025-08-24,간편결제,환불
1367,158,2025-11-15,신용카드,배송완료
1368,398,2025-04-19,계좌이체,취소
1369,1166,2025-05-14,신용카드,배송완료
1370,22,2025-01-19,신용카드,배송완료
1371,9,2025-02-08,계좌이체,배송완료
1372,428,2025-03-16,신용카드,취소
1373,226,2025-09-09,신용카드,배송완료
1374,692,2026-04-30,계좌이체,배송완료
1375,289,2025-03-24,신용카드,배송준비
1376,515,2026-03-12,간편결제,배송완료
1377,411,2025-11-11,신용카드,배송완료
1378,61,2025-09-30,신용카드,배송완료
1379,492,2025-05-21,무통장입금,배송완료
1380,129,2026-07-14,간편결제,배송준비
1381,546,2025-09-06,신용카드,배송완료
1382,985,2025-11-24,무통장입금,배송완료
1383,1193,2025-11-13,무통장입금,배송완료
1384,1054,2025-04-22,신용카드,배송완료
1385,247,2026-01-11,간편결제,환불
1386,901,2025-12-02,신용카드,배송완료
1387,114,2025-03-08,신용카드,배송완료
1388,878,2025-03-20,신용카드,배송완료
1389,74,2025-05-20,신용카드,배송완료
1390,60,2025-02-18,간편결제,배송완료
1391,250,2025-04-26,신용카드,배송준비
1392,722,2025-09-07,간편결제,배송완료
1393,767,2026-06-06,신용카드,배송완료
1394,880,2025-10-19,계좌이체,배송완료
1395,29,2025-12-24,간편결제,배송완료
1396,438,2025-04-28,무통장입금,배송완료
1397,105,2025-10-23,계좌이체,배송완료
1398,132,2025-08-12,간편결제,배송중
1399,267,2025-01-17,신용카드,배송완료
1400,431,2026-06-18,신용카드,배송완료
1401,149,2026-03-08,신용카드,배송완료
1402,39,2025-12-03,계좌이체,배송완료
1403,465,2025-12-11,신용카드,배송완료
1404,718,2026-05-01,신용카드,배송완료
1405,383,2025-09-09,계좌이체,배송완료
1406,943,2026-03-17,계좌이체,배송완료
1407,996,2026-05-13,신용카드,배송완료
1408,495,2025-11-15,무통장입금,배송완료
1409,441,2026-01-07,무통장입금,배송완료
1410,42,2026-05-01,계좌이체,배송완료
1411,24,2025-05-07,계좌이체,배송완료
1412,953,2025-07-01,간편결제,배송중
1413,782,2025-09-09,간편결제,배송완료
1414,839,2026-04-26,간편결제,배송완료
1415,734,2025-01-13,계좌이체,배송완료
1416,216,2025-04-23,신용카드,배송완료
1417,405,2025-03-06,신용카드,환불
1418,311,2026-02-24,간편결제,배송완료
1419,639,2025-10-17,무통장입금,배송완료
1420,896,2025-07-26,신용카드,취소
1421,668,2025-03-23,신용카드,배송완료
1422,672,2025-05-09,간편결제,배송완료
1423,1007,2025-09-03,신용카드,배송완료
1424,630,2025-01-16,간편결제,배송완료
1425,1016,2026-03-03,신용카드,배송완료
1426,744,2026-07-16,계좌이체,결제완료
1427,1107,2025-08-28,간편결제,배송완료
1428,1175,2026-05-07,신용카드,배송완료
1429,1182,2025-07-25,계좌이체,배송완료
1430,295,2025-09-18,신용카드,배송완료
1431,456,2025-05-27,신용카드,배송완료
1432,775,2026-06-02,간편결제,환불
1433,837,2025-07-07,계좌이체,배송완료
1434,668,2025-11-12,신용카드,배송완료
1435,339,2025-01-02,간편결제,배송완료
1436,311,2025-02-11,신용카드,배송완료
1437,1136,2026-02-26,간편결제,취소
1438,238,2025-12-12,간편결제,배송완료
1439,257,2025-05-22,계좌이체,배송완료
1440,655,2026-06-07,간편결제,환불
1441,369,2025-07-21,간편결제,배송완료
1442,731,2026-07-03,계좌이체,배송완료
1443,315,2026-04-28,신용카드,배송완료
1444,642,2025-08-13,계좌이체,배송완료
1445,823,2025-12-13,신용카드,배송완료
1446,722,2026-03-22,무통장입금,배송완료
1447,438,2025-12-30,계좌이체,배송완료
1448,830,2026-03-19,신용카드,배송완료
1449,489,2025-03-06,계좌이체,배송완료
1450,1166,2026-04-01,계좌이체,배송완료
1451,936,2025-07-12,간편결제,배송완료
1452,1049,2026-01-26,휴대폰결제,배송완료
1453,599,2025-11-07,무통장입금,배송완료
1454,130,2025-04-15,계좌이체,배송완료
1455,907,2026-04-26,신용카드,배송완료
1456,997,2025-09-30,신용카드,배송완료
1457,1009,2025-05-19,신용카드,환불
1458,944,2026-05-12,계좌이체,환불
1459,294,2025-12-17,신용카드,배송완료
1460,680,2025-05-07,신용카드,배송완료
1461,105,2025-12-21,간편결제,배송완료
1462,772,2025-04-15,간편결제,배송완료
1463,4,2025-04-01,계좌이체,배송완료
1464,1161,2025-07-31,계좌이체,배송완료
1465,136,2025-12-23,계좌이체,배송완료
1466,736,2025-03-10,간편결제,배송완료
1467,940,2025-06-30,신용카드,배송완료
1468,555,2025-10-22,간편결제,배송완료
1469,1166,2025-08-01,신용카드,배송완료
1470,662,2025-12-28,신용카드,배송완료
1471,505,2026-05-25,신용카드,배송완료
1472,215,2025-06-17,신용카드,취소
1473,300,2025-07-16,간편결제,환불
1474,138,2025-10-05,신용카드,배송완료
1475,910,2025-06-05,간편결제,배송완료
1476,1080,2026-04-16,신용카드,배송완료
1477,217,2025-09-30,신용카드,배송완료
1478,349,2025-05-04,신용카드,배송완료
1479,1054,2025-05-05,간편결제,배송완료
1480,353,2025-03-11,신용카드,배송완료
1481,665,2025-05-30,계좌이체,배송완료
1482,823,2026-06-08,계좌이체,배송완료
1483,757,2025-11-22,신용카드,취소
1484,571,2025-08-24,신용카드,배송완료
1485,664,2025-07-15,간편결제,취소
1486,1023,2025-04-13,신용카드,배송완료
1487,714,2025-06-22,신용카드,취소
1488,802,2025-11-30,신용카드,배송완료
1489,1012,2025-09-24,간편결제,배송완료
1490,21,2025-01-12,휴대폰결제,배송완료
1491,573,2025-06-07,간편결제,배송완료
1492,353,2025-01-22,신용카드,배송완료
1493,1076,2026-02-22,신용카드,배송완료
1494,458,2026-02-06,휴대폰결제,배송완료
1495,1029,2025-02-26,휴대폰결제,환불
1496,394,2025-11-17,간편결제,배송완료
1497,1193,2025-06-27,신용카드,배송완료
1498,1080,2026-07-05,간편결제,배송완료
1499,395,2025-06-30,신용카드,배송완료
1500,702,2026-07-16,신용카드,결제완료
1501,597,2026-04-04,무통장입금,배송완료
1502,912,2026-05-21,신용카드,배송완료
1503,593,2026-04-03,신용카드,배송완료
1504,730,2025-12-28,계좌이체,배송완료
1505,529,2025-10-08,휴대폰결제,배송완료
1506,163,2025-11-23,휴대폰결제,배송완료
1507,1183,2025-04-18,휴대폰결제,배송완료
1508,877,2025-04-02,신용카드,배송완료
1509,995,2025-04-18,신용카드,배송중
1510,695,2025-08-10,신용카드,배송완료
1511,681,2025-05-23,계좌이체,배송완료
1512,755,2026-06-27,신용카드,배송완료
1513,627,2025-05-17,신용카드,배송완료
1514,178,2026-04-01,신용카드,배송완료
1515,789,2026-03-18,휴대폰결제,배송완료
1516,1092,2026-04-19,신용카드,취소
1517,852,2025-12-27,신용카드,배송완료
1518,423,2026-04-25,신용카드,배송완료
1519,511,2025-05-18,신용카드,배송완료
1520,726,2025-01-19,신용카드,취소
1521,457,2025-10-14,무통장입금,배송완료
1522,990,2025-03-12,신용카드,배송완료
1523,814,2025-03-08,간편결제,배송완료
1524,151,2026-02-24,휴대폰결제,취소
1525,927,2025-09-24,간편결제,배송완료
1526,213,2025-11-15,신용카드,결제완료
1527,5,2025-10-30,신용카드,배송완료
1528,1163,2025-08-24,신용카드,배송완료
1529,238,2026-03-23,계좌이체,배송완료
1530,1007,2026-07-07,신용카드,배송완료
1531,1181,2025-11-27,간편결제,배송완료
1532,1078,2026-02-08,신용카드,배송완료
1533,323,2026-04-05,무통장입금,배송완료
1534,1007,2025-05-09,간편결제,배송완료
1535,434,2026-06-16,무통장입금,배송완료
1536,433,2025-07-07,신용카드,배송완료
1537,404,2026-02-18,신용카드,배송완료
1538,1058,2025-09-14,휴대폰결제,배송완료
1539,339,2026-02-11,간편결제,배송완료
1540,164,2025-04-03,신용카드,배송완료
1541,754,2026-04-21,신용카드,배송완료
1542,374,2025-09-23,간편결제,배송완료
1543,829,2026-01-08,신용카드,환불
1544,599,2025-11-22,간편결제,배송완료
1545,351,2026-03-19,휴대폰결제,환불
1546,84,2026-02-21,신용카드,배송완료
1547,430,2025-07-13,신용카드,취소
1548,662,2026-05-13,신용카드,배송완료
1549,520,2026-03-30,간편결제,배송완료
1550,442,2025-07-03,간편결제,배송완료
1551,996,2025-03-16,신용카드,배송완료
1552,362,2026-02-11,신용카드,배송완료
1553,1148,2025-05-20,간편결제,취소
1554,304,2026-05-11,계좌이체,배송완료
1555,504,2025-11-01,간편결제,배송완료
1556,968,2026-06-30,신용카드,배송완료
1557,639,2026-03-27,간편결제,배송완료
1558,760,2026-04-09,간편결제,배송완료
1559,867,2026-01-12,신용카드,배송완료
1560,469,2026-07-26,신용카드,배송중
1561,958,2026-04-19,신용카드,배송완료
1562,478,2025-12-21,무통장입금,환불
1563,452,2025-10-26,간편결제,배송완료
1564,504,2025-01-22,신용카드,취소
1565,408,2025-04-02,간편결제,배송중
1566,92,2025-03-21,무통장입금,배송완료
1567,145,2026-06-03,신용카드,환불
1568,1159,2026-03-26,간편결제,배송완료
1569,1084,2025-04-07,신용카드,배송완료
1570,895,2026-04-18,계좌이체,배송완료
1571,658,2025-11-30,신용카드,배송완료
1572,132,2025-09-23,신용카드,배송완료
1573,1046,2025-01-03,간편결제,배송완료
1574,441,2025-05-20,신용카드,배송완료
1575,1044,2025-08-26,간편결제,배송완료
1576,883,2025-07-06,휴대폰결제,배송완료
1577,564,2026-04-23,신용카드,배송완료
1578,115,2026-06-20,신용카드,취소
1579,645,2025-05-17,신용카드,배송완료
1580,212,2025-05-19,간편결제,배송중
1581,46,2026-04-14,계좌이체,배송완료
1582,974,2026-04-07,신용카드,배송완료
1583,825,2025-06-13,신용카드,취소
1584,731,2026-03-27,신용카드,환불
1585,458,2026-02-25,신용카드,배송완료
1586,435,2025-11-14,신용카드,환불
1587,408,2025-12-23,간편결제,배송완료
1588,319,2025-05-18,신용카드,배송완료
1589,258,2025-06-19,신용카드,배송완료
1590,142,2025-03-13,간편결제,배송완료
1591,1038,2026-07-16,신용카드,배송완료
1592,646,2026-05-25,간편결제,배송완료
1593,707,2025-02-15,신용카드,배송완료
1594,13,2026-02-01,계좌이체,배송완료
1595,1098,2025-10-15,간편결제,배송완료
1596,489,2025-01-20,무통장입금,환불
1597,728,2026-06-12,계좌이체,환불
1598,1070,2025-09-25,계좌이체,배송완료
1599,928,2025-12-30,무통장입금,배송완료
1600,1131,2025-11-26,휴대폰결제,배송완료
1601,132,2026-05-07,간편결제,배송완료
1602,296,2026-03-30,신용카드,배송완료
1603,662,2026-02-09,무통장입금,배송완료
1604,164,2025-02-13,간편결제,배송완료
1605,935,2026-03-11,신용카드,배송완료
1606,1160,2025-12-05,휴대폰결제,배송완료
1607,120,2026-02-21,신용카드,배송완료
1608,122,2025-05-28,계좌이체,배송완료
1609,669,2025-12-21,간편결제,배송준비
1610,571,2025-08-25,신용카드,배송완료
1611,73,2026-02-19,간편결제,배송완료
1612,856,2025-03-19,신용카드,배송완료
1613,777,2025-12-29,간편결제,환불
1614,737,2025-11-26,간편결제,배송완료
1615,618,2026-04-15,간편결제,배송완료
1616,858,2025-11-11,계좌이체,배송완료
1617,234,2026-03-30,신용카드,배송완료
1618,275,2025-12-21,계좌이체,배송완료
1619,1029,2025-01-24,신용카드,배송완료
1620,719,2026-03-20,신용카드,배송완료
1621,577,2025-11-07,간편결제,취소
1622,628,2025-02-02,신용카드,배송완료
1623,696,2026-03-04,간편결제,배송완료
1624,155,2026-07-03,계좌이체,배송완료
1625,138,2026-04-19,신용카드,배송완료
1626,1011,2025-05-26,간편결제,배송완료
1627,155,2026-05-05,간편결제,배송완료
1628,123,2026-03-05,간편결제,배송완료
1629,1050,2025-11-09,신용카드,배송완료
1630,405,2025-04-11,신용카드,환불
1631,293,2026-02-09,무통장입금,배송완료
1632,644,2025-05-12,휴대폰결제,배송완료
1633,906,2026-06-13,휴대폰결제,배송완료
1634,867,2026-06-01,신용카드,배송완료
1635,940,2025-02-27,신용카드,배송완료
1636,349,2025-09-24,무통장입금,배송완료
1637,992,2025-04-27,신용카드,배송완료
1638,81,2025-08-15,계좌이체,배송완료
1639,435,2026-05-26,간편결제,배송완료
1640,610,2026-07-05,간편결제,배송완료
1641,482,2025-09-12,신용카드,배송완료
1642,578,2025-04-06,신용카드,배송완료
1643,268,2025-02-12,간편결제,배송완료
1644,513,2025-03-22,신용카드,배송완료
1645,1134,2026-03-24,계좌이체,배송완료
1646,320,2026-07-01,간편결제,배송완료
1647,91,2026-02-06,간편결제,배송중
1648,933,2025-07-29,신용카드,배송완료
1649,712,2025-03-22,휴대폰결제,배송완료
1650,702,2025-01-31,간편결제,배송완료
1651,553,2025-06-07,신용카드,환불
1652,579,2025-09-26,신용카드,배송완료
1653,710,2025-01-26,신용카드,배송완료
1654,356,2025-02-08,무통장입금,환불
1655,459,2025-01-05,신용카드,배송완료
1656,28,2025-12-12,신용카드,배송완료
1657,540,2026-05-11,신용카드,배송완료
1658,670,2025-05-04,간편결제,배송완료
1659,1141,2025-04-06,신용카드,배송완료
1660,713,2026-01-24,신용카드,배송완료
1661,908,2026-02-04,무통장입금,배송완료
1662,825,2025-12-28,신용카드,배송완료
1663,557,2026-04-13,무통장입금,배송완료
1664,89,2025-07-05,신용카드,배송완료
1665,734,2025-11-08,무통장입금,배송완료
1666,848,2026-03-31,신용카드,배송완료
1667,1068,2026-05-09,간편결제,배송완료
1668,1006,2025-04-02,신용카드,취소
1669,492,2025-06-22,간편결제,배송완료
1670,106,2026-06-12,계좌이체,취소
1671,1124,2026-03-18,간편결제,배송중
1672,691,2025-02-10,계좌이체,배송완료
1673,742,2025-12-18,간편결제,배송중
1674,88,2026-07-05,신용카드,배송완료
1675,515,2025-01-13,신용카드,배송완료
1676,618,2025-03-28,계좌이체,배송완료
1677,18,2025-01-31,계좌이체,배송완료
1678,747,2025-10-03,간편결제,배송완료
1679,983,2025-05-21,간편결제,배송완료
1680,634,2026-03-30,간편결제,배송완료
1681,621,2025-09-29,계좌이체,배송완료
1682,24,2026-04-01,계좌이체,배송완료
1683,1005,2025-07-22,간편결제,배송완료
1684,582,2025-08-23,계좌이체,배송완료
1685,712,2025-02-25,신용카드,배송완료
1686,174,2026-07-03,신용카드,배송완료
1687,807,2025-12-22,간편결제,배송완료
1688,417,2025-12-31,간편결제,배송완료
1689,94,2026-03-18,신용카드,배송완료
1690,473,2025-09-28,간편결제,배송완료
1691,1042,2026-04-02,무통장입금,배송완료
1692,105,2025-11-16,신용카드,배송완료
1693,1007,2026-03-02,휴대폰결제,배송완료
1694,250,2026-07-10,신용카드,배송완료
1695,245,2026-05-29,신용카드,배송완료
1696,1160,2025-02-01,신용카드,배송완료
1697,1160,2025-12-19,신용카드,배송중
1698,183,2026-01-18,신용카드,배송완료
1699,747,2025-10-17,간편결제,배송완료
1700,1185,2025-01-28,신용카드,취소
1701,159,2025-07-05,간편결제,배송완료
1702,769,2025-07-10,신용카드,배송완료
1703,784,2025-11-07,무통장입금,배송완료
1704,29,2025-12-28,간편결제,배송완료
1705,617,2025-12-31,계좌이체,배송완료
1706,312,2025-06-03,신용카드,배송완료
1707,419,2026-01-03,간편결제,환불
1708,173,2026-06-29,신용카드,배송완료
1709,295,2025-08-30,간편결제,배송완료
1710,605,2025-03-25,간편결제,배송완료
1711,486,2025-12-29,신용카드,배송완료
1712,437,2025-06-17,간편결제,배송완료
1713,474,2025-01-26,간편결제,배송완료
1714,291,2025-04-01,휴대폰결제,환불
1715,1073,2025-01-30,신용카드,배송완료
1716,763,2026-02-09,신용카드,배송완료
1717,1014,2025-06-17,휴대폰결제,환불
1718,933,2026-07-04,신용카드,배송완료
1719,1037,2026-05-08,간편결제,배송완료
1720,585,2026-05-27,신용카드,배송완료
1721,588,2025-11-06,간편결제,배송완료
1722,742,2026-06-13,무통장입금,배송완료
1723,718,2026-05-26,간편결제,배송완료
1724,435,2025-01-11,신용카드,배송완료
1725,772,2025-03-21,신용카드,취소
1726,358,2025-12-10,신용카드,환불
1727,766,2025-11-30,휴대폰결제,배송완료
1728,43,2025-12-23,휴대폰결제,배송완료
1729,725,2025-12-19,간편결제,배송완료
1730,456,2025-05-08,신용카드,배송완료
1731,1023,2025-01-06,신용카드,배송완료
1732,1101,2025-10-28,간편결제,배송완료
1733,679,2025-02-25,계좌이체,배송완료
1734,872,2025-03-05,신용카드,배송완료
1735,73,2025-06-27,휴대폰결제,배송완료
1736,140,2025-06-23,신용카드,배송완료
1737,504,2025-06-13,휴대폰결제,배송완료
1738,554,2025-11-03,신용카드,배송완료
1739,11,2026-03-11,간편결제,배송완료
1740,744,2025-11-07,신용카드,배송완료
1741,975,2025-02-09,신용카드,배송완료
1742,708,2025-08-25,간편결제,배송완료
1743,891,2025-12-28,무통장입금,배송완료
1744,386,2025-01-29,신용카드,배송완료
1745,424,2025-08-28,간편결제,배송완료
1746,611,2025-06-13,신용카드,취소
1747,1185,2025-05-16,신용카드,배송완료
1748,614,2026-02-24,계좌이체,배송완료
1749,702,2025-11-02,무통장입금,배송완료
1750,246,2025-12-04,간편결제,배송완료
1751,60,2025-10-09,계좌이체,배송준비
1752,640,2025-11-28,간편결제,배송완료
1753,1137,2025-04-07,신용카드,배송완료
1754,515,2025-04-20,휴대폰결제,환불
1755,901,2026-07-21,간편결제,환불
1756,503,2025-12-20,계좌이체,취소
1757,85,2025-01-16,간편결제,취소
1758,666,2025-05-19,간편결제,배송완료
1759,43,2025-05-19,신용카드,배송완료
1760,531,2025-07-11,신용카드,배송완료
1761,562,2025-12-07,간편결제,배송완료
1762,940,2025-03-05,간편결제,배송완료
1763,285,2025-01-26,신용카드,환불
1764,438,2025-11-20,신용카드,환불
1765,1025,2025-01-05,신용카드,배송완료
1766,263,2025-01-19,간편결제,배송완료
1767,16,2025-07-05,간편결제,배송완료
1768,12,2025-12-05,신용카드,배송완료
1769,1082,2026-06-08,신용카드,결제완료
1770,736,2026-07-08,신용카드,배송완료
1771,57,2026-04-01,간편결제,배송완료
1772,307,2025-03-02,간편결제,배송완료
1773,591,2025-05-06,휴대폰결제,배송완료
1774,114,2025-05-13,계좌이체,배송완료
1775,337,2025-05-05,간편결제,배송완료
1776,42,2025-10-10,신용카드,배송완료
1777,829,2025-11-11,신용카드,배송완료
1778,128,2025-10-27,신용카드,배송완료
1779,249,2026-04-04,신용카드,배송완료
1780,498,2026-06-12,신용카드,배송완료
1781,901,2025-09-21,간편결제,결제완료
1782,920,2025-12-14,간편결제,배송완료
1783,488,2026-01-30,간편결제,취소
1784,730,2026-04-11,신용카드,배송완료
1785,693,2025-12-13,계좌이체,배송완료
1786,634,2025-03-30,무통장입금,배송완료
1787,527,2026-03-03,간편결제,배송완료
1788,474,2026-05-18,휴대폰결제,배송완료
1789,950,2025-04-08,휴대폰결제,배송완료
1790,891,2025-12-13,신용카드,환불
1791,825,2025-03-13,휴대폰결제,배송완료
1792,783,2025-12-13,신용카드,배송완료
1793,448,2025-01-10,간편결제,배송완료
1794,859,2026-03-24,계좌이체,취소
1795,16,2025-02-28,간편결제,배송완료
1796,778,2026-06-13,계좌이체,배송완료
1797,361,2025-01-22,신용카드,환불
1798,93,2025-11-28,신용카드,배송완료
1799,1192,2026-05-23,신용카드,배송완료
1800,369,2025-12-31,계좌이체,배송완료
1801,1164,2026-06-25,신용카드,취소
1802,685,2026-03-09,신용카드,배송완료
1803,1129,2025-09-18,간편결제,배송완료
1804,60,2026-04-30,신용카드,배송완료
1805,40,2026-04-15,신용카드,배송완료
1806,308,2025-07-01,간편결제,배송완료
1807,1003,2025-05-02,신용카드,배송완료
1808,296,2025-09-19,간편결제,배송완료
1809,682,2025-05-26,간편결제,배송완료
1810,624,2025-11-08,신용카드,배송완료
1811,996,2025-01-30,간편결제,배송완료
1812,367,2025-12-17,간편결제,취소
1813,1105,2025-12-13,신용카드,배송완료
1814,679,2025-11-17,계좌이체,배송완료
1815,712,2026-03-24,계좌이체,배송완료
1816,877,2025-05-21,무통장입금,배송완료
1817,689,2025-06-22,신용카드,배송완료
1818,379,2025-09-08,간편결제,배송완료
1819,327,2025-11-09,신용카드,환불
1820,176,2025-09-17,간편결제,배송완료
1821,990,2026-07-06,신용카드,배송완료
1822,232,2025-01-26,휴대폰결제,배송완료
1823,814,2025-11-17,신용카드,배송완료
1824,510,2026-02-20,계좌이체,배송완료
1825,337,2025-12-26,무통장입금,배송완료
1826,576,2025-11-15,신용카드,배송완료
1827,1111,2025-05-11,신용카드,배송완료
1828,879,2026-05-29,간편결제,배송완료
1829,750,2025-07-25,신용카드,배송완료
1830,574,2025-09-16,간편결제,배송완료
1831,932,2026-03-24,신용카드,배송완료
1832,596,2026-07-02,간편결제,배송완료
1833,807,2026-06-05,무통장입금,취소
1834,130,2025-10-09,간편결제,배송완료
1835,796,2025-06-03,신용카드,배송완료
1836,1186,2025-10-30,간편결제,배송완료
1837,311,2026-05-02,계좌이체,배송완료
1838,153,2025-10-13,신용카드,배송완료
1839,1196,2025-05-15,간편결제,배송완료
1840,632,2025-11-17,신용카드,배송완료
1841,962,2026-04-15,신용카드,배송중
1842,983,2026-06-23,계좌이체,배송완료
1843,561,2026-01-18,계좌이체,배송완료
1844,447,2025-08-30,신용카드,취소
1845,329,2026-04-01,무통장입금,배송완료
1846,62,2025-11-27,간편결제,배송완료
1847,627,2025-08-22,휴대폰결제,배송완료
1848,814,2025-01-31,신용카드,배송완료
1849,694,2026-06-12,신용카드,배송완료
1850,300,2026-05-26,신용카드,배송완료
1851,336,2026-02-21,간편결제,배송완료
1852,413,2025-11-21,간편결제,배송중
1853,331,2026-07-12,신용카드,환불
1854,122,2026-03-24,간편결제,배송완료
1855,685,2026-01-06,신용카드,배송완료
1856,1137,2026-06-24,신용카드,배송완료
1857,685,2025-10-28,신용카드,배송완료
1858,221,2026-04-03,신용카드,환불
1859,669,2025-11-20,계좌이체,취소
1860,423,2025-04-13,계좌이체,배송완료
1861,1189,2025-03-18,계좌이체,배송완료
1862,405,2025-10-05,간편결제,배송완료
1863,1007,2025-06-12,간편결제,배송완료
1864,700,2025-01-14,간편결제,배송완료
1865,668,2025-04-07,휴대폰결제,배송중
1866,943,2026-01-29,계좌이체,배송완료
1867,724,2025-06-07,무통장입금,배송완료
1868,649,2025-04-13,휴대폰결제,배송완료
1869,869,2026-07-13,신용카드,배송완료
1870,1091,2026-05-21,신용카드,배송완료
1871,341,2026-04-11,간편결제,배송완료
1872,755,2025-03-01,휴대폰결제,배송완료
1873,911,2026-01-04,신용카드,배송완료
1874,967,2025-11-28,계좌이체,배송완료
1875,968,2026-02-19,신용카드,배송완료
1876,880,2026-04-02,간편결제,배송완료
1877,336,2025-03-02,간편결제,배송완료
1878,648,2026-05-05,휴대폰결제,배송완료
1879,673,2026-06-02,휴대폰결제,배송완료
1880,807,2025-04-24,신용카드,배송완료
1881,1160,2026-01-27,신용카드,배송완료
1882,912,2026-06-27,간편결제,배송완료
1883,1155,2026-05-24,간편결제,배송완료
1884,297,2026-06-27,신용카드,배송완료
1885,583,2026-05-24,계좌이체,배송완료
1886,950,2025-11-13,신용카드,배송완료
1887,218,2026-06-07,신용카드,배송완료
1888,1049,2025-11-07,신용카드,배송완료
1889,850,2025-09-07,신용카드,배송완료
1890,319,2025-09-28,신용카드,취소
1891,1022,2025-12-19,간편결제,취소
1892,260,2026-05-27,신용카드,배송완료
1893,388,2025-06-11,신용카드,배송완료
1894,1134,2026-01-03,신용카드,배송완료
1895,602,2025-02-07,신용카드,배송완료
1896,519,2025-12-02,신용카드,배송완료
1897,499,2025-12-04,간편결제,배송완료
1898,167,2025-12-16,신용카드,배송완료
1899,749,2025-03-09,신용카드,배송완료
1900,265,2025-12-25,계좌이체,배송완료
1901,720,2026-04-23,간편결제,배송중
1902,162,2025-01-25,신용카드,배송완료
1903,453,2026-03-16,휴대폰결제,배송완료
1904,527,2025-12-25,신용카드,배송완료
1905,565,2026-01-20,신용카드,배송완료
1906,176,2025-02-23,간편결제,배송완료
1907,992,2026-02-26,간편결제,배송완료
1908,1063,2025-01-20,신용카드,배송완료
1909,126,2026-05-23,간편결제,배송완료
1910,941,2025-08-07,신용카드,배송완료
1911,930,2026-01-28,휴대폰결제,취소
1912,1160,2025-12-30,간편결제,배송완료
1913,1055,2025-05-23,휴대폰결제,배송완료
1914,208,2025-11-18,간편결제,배송완료
1915,1176,2026-03-25,신용카드,배송완료
1916,128,2025-09-10,간편결제,배송완료
1917,719,2026-07-09,간편결제,환불
1918,636,2025-06-14,간편결제,환불
1919,816,2026-03-05,신용카드,배송완료
1920,940,2025-04-07,간편결제,배송완료
1921,551,2026-04-28,휴대폰결제,배송완료
1922,415,2025-03-11,신용카드,배송완료
1923,265,2025-03-09,신용카드,배송완료
1924,974,2026-02-20,신용카드,배송완료
1925,1084,2025-03-24,무통장입금,배송완료
1926,695,2025-11-06,신용카드,배송완료
1927,213,2025-03-21,신용카드,취소
1928,665,2025-06-02,계좌이체,배송완료
1929,842,2026-01-08,신용카드,배송완료
1930,194,2025-09-17,신용카드,배송완료
1931,838,2026-04-06,신용카드,취소
1932,225,2025-09-16,간편결제,배송완료
1933,989,2026-06-17,간편결제,배송완료
1934,807,2026-05-13,계좌이체,배송완료
1935,232,2025-07-14,신용카드,배송완료
1936,591,2025-06-30,간편결제,배송완료
1937,511,2025-06-02,간편결제,배송완료
1938,222,2025-04-02,계좌이체,배송완료
1939,124,2026-03-04,계좌이체,배송완료
1940,334,2025-02-04,간편결제,배송완료
1941,681,2025-03-14,신용카드,배송완료
1942,60,2025-01-14,신용카드,배송완료
1943,555,2025-10-14,간편결제,배송완료
1944,515,2025-12-01,신용카드,배송완료
1945,331,2026-05-30,계좌이체,배송완료
1946,300,2026-06-10,신용카드,배송완료
1947,68,2025-12-23,간편결제,배송완료
1948,383,2025-11-13,무통장입금,배송완료
1949,300,2025-11-10,계좌이체,환불
1950,729,2025-03-11,신용카드,배송완료
1951,1198,2025-06-05,간편결제,배송완료
1952,1073,2025-09-20,휴대폰결제,배송완료
1953,308,2025-05-09,간편결제,배송완료
1954,864,2025-07-08,신용카드,배송완료
1955,129,2025-06-18,신용카드,배송완료
1956,947,2025-04-17,신용카드,배송완료
1957,936,2025-04-23,계좌이체,배송완료
1958,1094,2025-11-14,계좌이체,배송완료
1959,693,2025-11-14,신용카드,배송완료
1960,243,2026-03-09,간편결제,배송완료
1961,218,2025-01-25,신용카드,배송완료
1962,445,2025-06-23,신용카드,배송완료
1963,1104,2026-07-18,계좌이체,배송완료
1964,42,2025-09-23,간편결제,배송완료
1965,1109,2025-08-07,간편결제,배송완료
1966,283,2025-09-19,무통장입금,배송완료
1967,785,2025-11-18,신용카드,배송완료
1968,208,2025-01-26,신용카드,배송완료
1969,1090,2025-06-19,휴대폰결제,배송완료
1970,1197,2025-08-08,신용카드,배송완료
1971,45,2025-12-17,신용카드,배송완료
1972,739,2025-11-27,신용카드,배송완료
1973,885,2025-09-02,휴대폰결제,배송완료
1974,368,2026-03-14,신용카드,배송완료
1975,399,2025-09-06,간편결제,취소
1976,499,2025-05-18,신용카드,배송완료
1977,739,2025-05-17,신용카드,결제완료
1978,880,2025-08-05,계좌이체,배송완료
1979,1015,2026-05-03,신용카드,배송완료
1980,304,2025-05-10,신용카드,배송완료
1981,271,2025-05-08,무통장입금,배송완료
1982,823,2025-11-13,무통장입금,배송완료
1983,792,2025-09-21,계좌이체,배송완료
1984,969,2026-02-24,간편결제,환불
1985,242,2025-07-15,계좌이체,배송완료
1986,94,2025-12-03,휴대폰결제,배송완료
1987,1108,2025-11-22,무통장입금,배송완료
1988,209,2025-07-12,간편결제,배송완료
1989,364,2025-07-03,신용카드,배송완료
1990,178,2025-11-30,간편결제,배송완료
1991,143,2025-04-16,무통장입금,배송완료
1992,216,2025-04-11,신용카드,배송완료
1993,410,2025-10-31,신용카드,배송완료
1994,700,2026-01-31,간편결제,취소
1995,874,2025-12-31,신용카드,배송완료
1996,911,2026-01-25,계좌이체,취소
1997,646,2026-02-06,신용카드,취소
1998,343,2025-03-01,신용카드,배송완료
1999,1049,2025-07-18,무통장입금,배송완료
2000,797,2026-02-05,간편결제,배송완료
2001,149,2025-11-22,계좌이체,배송완료
2002,501,2025-05-22,간편결제,배송완료
2003,750,2026-02-17,신용카드,배송완료
2004,326,2026-05-28,간편결제,배송완료
2005,290,2026-01-13,신용카드,배송완료
2006,1038,2025-10-05,신용카드,배송완료
2007,188,2026-05-31,휴대폰결제,배송완료
2008,465,2025-03-22,신용카드,취소
2009,1198,2025-05-11,신용카드,배송완료
2010,1063,2025-03-15,휴대폰결제,배송완료
2011,930,2026-03-09,계좌이체,배송완료
2012,1023,2025-07-27,계좌이체,배송완료
2013,425,2025-05-16,신용카드,배송완료
2014,555,2025-01-22,간편결제,환불
2015,402,2025-11-24,신용카드,배송완료
2016,9,2025-11-15,신용카드,배송완료
2017,789,2025-01-23,계좌이체,배송완료
2018,798,2025-04-12,신용카드,배송완료
2019,591,2025-01-19,신용카드,배송완료
2020,105,2025-10-24,신용카드,배송완료
2021,1125,2026-06-26,신용카드,배송완료
2022,755,2025-03-19,간편결제,배송중
2023,441,2026-06-14,계좌이체,배송완료
2024,21,2025-05-19,신용카드,배송완료
2025,47,2026-06-22,간편결제,배송완료
2026,138,2025-05-14,간편결제,배송완료
2027,138,2025-12-04,신용카드,배송중
2028,218,2025-11-22,계좌이체,배송완료
2029,424,2025-06-20,무통장입금,배송완료
2030,503,2026-03-27,휴대폰결제,배송완료
2031,637,2025-08-09,무통장입금,배송완료
2032,72,2026-06-02,간편결제,배송완료
2033,181,2026-03-23,신용카드,배송완료
2034,941,2025-05-20,휴대폰결제,배송완료
2035,113,2025-10-09,계좌이체,배송완료
2036,360,2025-11-27,신용카드,배송완료
2037,1044,2025-09-30,간편결제,배송완료
2038,827,2026-04-15,휴대폰결제,배송완료
2039,229,2026-02-01,신용카드,배송완료
2040,1046,2025-02-26,신용카드,배송완료
2041,1029,2025-05-24,계좌이체,배송완료
2042,909,2026-01-27,휴대폰결제,배송완료
2043,783,2026-04-01,무통장입금,배송완료
2044,357,2025-01-15,신용카드,배송완료
2045,766,2025-12-02,신용카드,배송완료
2046,1152,2025-04-30,간편결제,배송완료
2047,39,2025-07-27,신용카드,배송완료
2048,324,2025-11-14,신용카드,배송완료
2049,1042,2025-05-10,신용카드,배송완료
2050,901,2025-04-12,무통장입금,취소
2051,1184,2026-03-08,간편결제,배송완료
2052,1105,2025-11-15,간편결제,배송완료
2053,164,2025-06-14,신용카드,배송완료
2054,913,2025-10-23,간편결제,배송완료
2055,125,2025-09-01,신용카드,취소
2056,502,2025-12-28,신용카드,배송완료
2057,906,2025-05-21,휴대폰결제,배송완료
2058,209,2025-03-23,계좌이체,배송완료
2059,119,2025-09-04,신용카드,배송완료
2060,418,2026-05-25,계좌이체,배송완료
2061,496,2025-12-15,계좌이체,배송완료
2062,756,2025-11-25,휴대폰결제,배송완료
2063,146,2026-04-05,간편결제,배송완료
2064,1156,2026-03-21,신용카드,배송완료
2065,206,2026-04-13,간편결제,배송완료
2066,466,2025-12-16,신용카드,배송완료
2067,297,2025-11-22,간편결제,배송완료
2068,386,2026-07-21,간편결제,취소
2069,156,2025-04-29,신용카드,배송완료
2070,218,2025-08-10,신용카드,배송완료
2071,339,2025-07-15,신용카드,배송완료
2072,832,2025-09-22,간편결제,배송완료
2073,506,2026-02-20,신용카드,배송완료
2074,376,2026-03-25,신용카드,배송완료
2075,521,2025-06-14,간편결제,취소
2076,492,2025-08-14,간편결제,환불
2077,1147,2025-11-24,계좌이체,배송완료
2078,923,2026-06-01,신용카드,배송완료
2079,620,2025-08-20,계좌이체,배송완료
2080,1006,2025-11-19,무통장입금,환불
2081,582,2026-01-25,계좌이체,배송완료
2082,586,2025-08-15,간편결제,배송완료
2083,766,2025-07-19,간편결제,환불
2084,226,2025-08-13,신용카드,배송완료
2085,262,2026-04-09,신용카드,배송완료
2086,250,2025-11-13,신용카드,배송완료
2087,1134,2026-04-24,간편결제,배송완료
2088,109,2025-07-03,휴대폰결제,배송완료
2089,223,2025-03-05,신용카드,배송완료
2090,1069,2025-07-17,신용카드,배송완료
2091,1036,2025-12-20,신용카드,배송완료
2092,253,2025-05-15,신용카드,배송완료
2093,984,2025-05-31,신용카드,배송완료
2094,452,2026-01-26,간편결제,배송완료
2095,1061,2025-12-16,간편결제,배송완료
2096,1046,2026-01-31,간편결제,취소
2097,703,2025-05-21,휴대폰결제,취소
2098,5,2025-04-29,신용카드,배송완료
2099,773,2025-04-26,간편결제,배송완료
2100,1079,2025-12-20,계좌이체,배송완료
2101,989,2026-02-01,간편결제,배송완료
2102,945,2025-07-08,신용카드,배송완료
2103,547,2026-07-14,신용카드,배송완료
2104,671,2025-01-21,신용카드,배송완료
2105,768,2026-02-28,신용카드,배송완료
2106,1128,2026-05-14,간편결제,취소
2107,640,2025-11-20,계좌이체,배송완료
2108,1149,2025-07-04,신용카드,배송완료
2109,1123,2025-09-08,간편결제,배송완료
2110,784,2025-05-24,신용카드,배송완료
2111,1160,2025-05-08,신용카드,배송완료
2112,1195,2025-11-03,신용카드,배송완료
2113,156,2025-05-28,신용카드,배송완료
2114,918,2025-04-06,휴대폰결제,환불
2115,137,2026-01-31,간편결제,배송완료
2116,552,2026-04-26,휴대폰결제,배송완료
2117,992,2025-04-28,신용카드,배송완료
2118,1073,2025-08-05,계좌이체,배송완료
2119,664,2026-03-23,신용카드,배송완료
2120,940,2025-01-25,신용카드,배송완료
2121,92,2025-06-29,간편결제,배송완료
2122,267,2025-01-20,신용카드,배송완료
2123,933,2026-01-14,신용카드,환불
2124,1081,2025-01-01,간편결제,배송완료
2125,703,2026-03-04,간편결제,배송완료
2126,178,2026-04-11,간편결제,배송완료
2127,879,2025-04-09,간편결제,배송완료
2128,871,2025-03-19,신용카드,배송완료
2129,541,2026-07-22,신용카드,환불
2130,1173,2025-05-07,신용카드,배송완료
2131,90,2026-03-06,간편결제,배송완료
2132,296,2025-01-03,계좌이체,배송완료
2133,1087,2025-10-18,휴대폰결제,배송완료
2134,18,2025-10-23,간편결제,취소
2135,155,2025-09-08,신용카드,배송완료
2136,58,2026-07-29,신용카드,결제완료
2137,882,2025-12-25,계좌이체,배송완료
2138,1009,2026-04-01,신용카드,배송완료
2139,401,2025-01-18,휴대폰결제,배송완료
2140,498,2026-07-25,간편결제,배송준비
2141,957,2025-12-14,간편결제,배송완료
2142,1183,2026-04-15,휴대폰결제,배송완료
2143,296,2025-06-21,간편결제,배송완료
2144,920,2025-02-04,간편결제,배송완료
2145,115,2025-09-25,계좌이체,배송중
2146,516,2025-10-23,계좌이체,배송완료
2147,1174,2025-04-25,휴대폰결제,배송완료
2148,893,2026-01-04,계좌이체,배송완료
2149,851,2025-12-13,계좌이체,배송완료
2150,541,2025-05-31,간편결제,취소
2151,209,2025-09-06,간편결제,취소
2152,933,2026-06-10,간편결제,배송완료
2153,4,2025-01-02,신용카드,배송완료
2154,695,2026-04-29,신용카드,배송완료
2155,847,2026-01-08,신용카드,배송완료
2156,1006,2026-02-24,신용카드,배송완료
2157,968,2025-04-16,신용카드,배송완료
2158,949,2025-04-05,신용카드,배송완료
2159,979,2026-05-23,신용카드,배송완료
2160,693,2026-05-28,무통장입금,배송완료
2161,547,2025-03-13,신용카드,배송완료
2162,858,2025-12-08,무통장입금,배송완료
2163,424,2025-09-14,무통장입금,배송완료
2164,920,2025-10-30,간편결제,배송완료
2165,1137,2025-09-24,간편결제,배송완료
2166,886,2025-01-30,간편결제,배송완료
2167,85,2025-09-08,간편결제,배송완료
2168,1146,2025-01-22,휴대폰결제,배송완료
2169,205,2026-05-30,신용카드,배송완료
2170,294,2025-09-25,계좌이체,배송완료
2171,871,2026-06-26,신용카드,배송완료
2172,612,2025-03-05,간편결제,배송완료
2173,496,2025-02-03,신용카드,환불
2174,775,2026-05-22,신용카드,배송완료
2175,906,2025-06-26,무통장입금,배송완료
2176,1102,2025-02-21,신용카드,배송완료
2177,1077,2026-01-16,간편결제,배송완료
2178,237,2025-01-04,신용카드,배송완료
2179,1070,2025-04-28,계좌이체,배송완료
2180,861,2025-01-04,신용카드,배송완료
2181,894,2026-05-29,신용카드,배송완료
2182,659,2026-04-24,신용카드,배송완료
2183,304,2025-12-25,신용카드,배송완료
2184,1053,2026-05-03,신용카드,취소
2185,467,2026-05-26,신용카드,배송완료
2186,141,2026-05-09,간편결제,배송완료
2187,436,2025-09-26,휴대폰결제,배송완료
2188,704,2025-05-28,신용카드,배송완료
2189,893,2025-08-19,신용카드,배송완료
2190,438,2025-04-24,신용카드,배송완료
2191,573,2025-07-30,신용카드,배송완료
2192,378,2025-06-19,간편결제,배송완료
2193,621,2025-01-06,신용카드,배송완료
2194,585,2025-12-31,간편결제,배송완료
2195,704,2025-12-15,간편결제,배송완료
2196,838,2026-04-06,간편결제,배송완료
2197,713,2025-06-21,간편결제,환불
2198,907,2026-02-01,간편결제,배송완료
2199,1125,2025-01-24,간편결제,배송완료
2200,404,2025-05-10,신용카드,배송완료
2201,1186,2025-12-29,휴대폰결제,배송완료
2202,803,2025-10-02,신용카드,배송완료
2203,511,2026-02-10,계좌이체,취소
2204,1044,2026-07-26,신용카드,배송준비
2205,664,2026-03-07,계좌이체,배송완료
2206,825,2025-02-16,간편결제,배송완료
2207,910,2026-02-23,신용카드,배송완료
2208,188,2025-05-04,휴대폰결제,배송완료
2209,255,2025-12-10,신용카드,배송완료
2210,748,2025-09-29,간편결제,배송완료
2211,356,2026-04-22,휴대폰결제,배송완료
2212,987,2026-04-01,간편결제,배송완료
2213,330,2025-02-26,간편결제,배송완료
2214,364,2026-05-13,신용카드,취소
2215,726,2025-01-23,신용카드,배송완료
2216,71,2025-12-03,휴대폰결제,배송완료
2217,298,2026-01-02,신용카드,배송완료
2218,917,2026-05-17,간편결제,배송완료
2219,1137,2026-01-15,신용카드,배송완료
2220,516,2025-12-01,신용카드,배송완료
2221,575,2026-07-27,간편결제,배송중
2222,150,2025-12-10,신용카드,배송완료
2223,261,2025-11-12,간편결제,배송중
2224,689,2026-02-23,간편결제,배송완료
2225,451,2025-12-14,신용카드,배송완료
2226,747,2025-06-14,간편결제,배송중
2227,870,2026-02-27,무통장입금,배송완료
2228,1195,2025-08-18,신용카드,배송완료
2229,430,2025-11-24,신용카드,배송완료
2230,85,2025-12-04,신용카드,배송완료
2231,803,2025-12-18,신용카드,배송완료
2232,943,2025-11-12,계좌이체,배송완료
2233,663,2026-02-15,신용카드,배송완료
2234,977,2025-07-08,계좌이체,배송완료
2235,548,2025-12-11,간편결제,배송완료
2236,1063,2025-03-14,신용카드,배송완료
2237,172,2025-03-17,무통장입금,배송완료
2238,410,2025-12-03,신용카드,배송완료
2239,626,2025-01-04,신용카드,배송완료
2240,138,2025-01-16,신용카드,배송완료
2241,88,2026-04-02,간편결제,배송완료
2242,287,2026-04-19,간편결제,배송완료
2243,664,2026-05-19,간편결제,배송완료
2244,1166,2026-01-24,신용카드,배송완료
2245,1021,2025-06-21,간편결제,배송완료
2246,96,2025-09-26,간편결제,배송완료
2247,1043,2025-11-19,신용카드,배송완료
2248,379,2026-04-24,신용카드,배송완료
2249,691,2025-06-30,신용카드,배송완료
2250,153,2026-03-13,신용카드,배송완료
2251,874,2025-06-07,신용카드,배송완료
2252,354,2026-05-08,간편결제,배송완료
2253,403,2026-03-14,신용카드,배송완료
2254,1195,2026-02-23,간편결제,환불
2255,936,2025-04-15,신용카드,배송완료
2256,61,2025-06-19,신용카드,배송완료
2257,1000,2025-10-01,신용카드,배송완료
2258,736,2025-09-20,신용카드,배송완료
2259,1112,2025-01-25,간편결제,배송완료
2260,123,2026-02-11,신용카드,배송완료
2261,448,2026-04-08,신용카드,배송완료
2262,250,2025-06-03,신용카드,취소
2263,585,2026-01-01,계좌이체,배송완료
2264,705,2026-05-17,신용카드,배송완료
2265,1035,2025-04-02,계좌이체,배송완료
2266,460,2026-07-30,간편결제,배송중
2267,611,2025-04-01,휴대폰결제,배송완료
2268,733,2025-06-17,신용카드,배송완료
2269,1043,2025-10-09,휴대폰결제,배송완료
2270,834,2025-11-22,신용카드,배송완료
2271,17,2026-04-07,계좌이체,배송완료
2272,632,2025-04-02,신용카드,취소
2273,376,2025-07-05,신용카드,배송완료
2274,1182,2026-02-26,간편결제,배송완료
2275,208,2025-04-20,신용카드,배송완료
2276,514,2026-03-10,신용카드,배송완료
2277,1178,2025-01-05,신용카드,환불
2278,813,2026-04-23,계좌이체,배송완료
2279,1002,2025-03-02,간편결제,배송완료
2280,954,2025-06-04,계좌이체,배송완료
2281,1143,2026-03-12,신용카드,배송완료
2282,563,2026-04-15,신용카드,배송중
2283,313,2025-01-24,신용카드,배송완료
2284,986,2026-03-17,간편결제,배송완료
2285,679,2025-04-16,신용카드,취소
2286,1048,2026-07-27,휴대폰결제,결제완료
2287,276,2026-05-30,신용카드,배송완료
2288,666,2026-03-15,계좌이체,배송완료
2289,626,2025-09-14,신용카드,배송완료
2290,1052,2026-07-24,계좌이체,배송중
2291,906,2025-10-02,신용카드,배송완료
2292,743,2026-06-13,무통장입금,배송완료
2293,758,2025-12-17,계좌이체,배송완료
2294,438,2025-12-03,휴대폰결제,배송완료
2295,1103,2026-06-25,신용카드,배송완료
2296,135,2025-07-05,신용카드,배송완료
2297,908,2026-03-07,신용카드,취소
2298,781,2026-05-16,휴대폰결제,배송완료
2299,190,2026-02-03,간편결제,배송완료
2300,468,2025-06-20,신용카드,배송완료
2301,1193,2025-03-25,신용카드,배송완료
2302,1182,2026-02-20,휴대폰결제,배송완료
2303,582,2026-05-10,신용카드,환불
2304,1145,2026-01-08,무통장입금,배송완료
2305,793,2025-11-28,무통장입금,배송완료
2306,264,2025-06-07,신용카드,배송완료
2307,378,2025-11-11,신용카드,배송완료
2308,462,2026-03-28,간편결제,배송완료
2309,68,2025-06-27,신용카드,배송완료
2310,624,2026-06-20,간편결제,취소
2311,905,2025-11-19,계좌이체,결제완료
2312,256,2025-09-28,신용카드,배송완료
2313,941,2025-01-18,신용카드,배송완료
2314,1086,2025-07-16,간편결제,배송완료
2315,1006,2025-02-05,간편결제,환불
2316,770,2025-12-05,신용카드,배송완료
2317,196,2025-12-08,신용카드,배송완료
2318,556,2025-01-04,신용카드,배송완료
2319,266,2025-10-11,신용카드,배송완료
2320,1182,2025-11-13,간편결제,배송완료
2321,324,2026-02-26,휴대폰결제,배송완료
2322,944,2025-12-21,휴대폰결제,배송완료
2323,1089,2025-12-30,계좌이체,배송완료
2324,92,2026-03-20,신용카드,배송완료
2325,698,2026-04-07,신용카드,배송완료
2326,1184,2026-04-08,간편결제,배송완료
2327,959,2025-11-15,신용카드,배송완료
2328,176,2025-04-13,신용카드,배송완료
2329,874,2026-05-04,계좌이체,배송완료
2330,576,2026-02-25,계좌이체,배송완료
2331,786,2025-12-12,신용카드,배송완료
2332,535,2025-09-09,휴대폰결제,배송완료
2333,3,2026-04-21,신용카드,배송완료
2334,984,2026-03-22,신용카드,배송완료
2335,258,2025-07-14,신용카드,배송완료
2336,322,2026-07-13,신용카드,배송완료
2337,94,2025-07-22,간편결제,배송완료
2338,997,2025-06-01,간편결제,배송완료
2339,901,2025-07-05,계좌이체,배송완료
2340,711,2026-02-17,무통장입금,배송완료
2341,368,2026-04-19,휴대폰결제,취소
2342,926,2026-01-06,간편결제,배송완료
2343,520,2025-10-18,휴대폰결제,배송중
2344,415,2025-11-30,무통장입금,취소
2345,940,2025-03-02,휴대폰결제,배송완료
2346,575,2026-07-21,계좌이체,배송중
2347,570,2025-10-06,신용카드,배송완료
2348,753,2026-03-11,계좌이체,배송완료
2349,91,2025-06-06,신용카드,배송완료
2350,940,2026-04-23,간편결제,환불
2351,143,2025-06-14,휴대폰결제,취소
2352,704,2025-02-21,휴대폰결제,배송완료
2353,1098,2025-05-31,신용카드,배송완료
2354,889,2026-05-30,신용카드,배송완료
2355,575,2025-10-16,신용카드,취소
2356,411,2025-11-03,신용카드,배송완료
2357,1014,2026-06-01,계좌이체,배송완료
2358,229,2025-01-17,계좌이체,배송완료
2359,19,2025-06-20,계좌이체,환불
2360,627,2025-03-23,간편결제,배송완료
2361,1063,2025-05-12,신용카드,배송중
2362,1007,2026-02-24,신용카드,배송완료
2363,861,2026-07-29,휴대폰결제,배송준비
2364,14,2025-01-26,신용카드,배송완료
2365,932,2025-02-09,간편결제,환불
2366,93,2025-08-19,간편결제,배송완료
2367,1183,2025-12-02,간편결제,환불
2368,683,2025-05-18,신용카드,배송완료
2369,379,2025-12-21,신용카드,배송완료
2370,1118,2025-05-01,간편결제,배송완료
2371,14,2025-10-01,휴대폰결제,배송완료
2372,148,2026-06-13,무통장입금,배송완료
2373,681,2025-02-26,신용카드,배송완료
2374,644,2025-11-16,계좌이체,배송완료
2375,440,2026-05-31,신용카드,배송완료
2376,795,2025-07-05,신용카드,배송완료
2377,31,2026-01-26,무통장입금,취소
2378,374,2025-04-24,신용카드,배송완료
2379,469,2025-03-05,신용카드,환불
2380,485,2025-09-02,신용카드,배송완료
2381,1034,2025-03-08,계좌이체,배송완료
2382,994,2026-06-24,간편결제,결제완료
2383,686,2026-01-02,계좌이체,배송완료
2384,320,2025-06-09,신용카드,배송완료
2385,669,2025-05-12,간편결제,배송완료
2386,468,2026-02-01,간편결제,배송완료
2387,736,2025-01-17,간편결제,배송완료
2388,907,2026-01-11,신용카드,취소
2389,1072,2026-02-01,계좌이체,취소
2390,362,2025-04-09,신용카드,배송완료
2391,686,2025-07-28,신용카드,환불
2392,792,2026-03-01,간편결제,배송중
2393,505,2026-02-14,신용카드,배송완료
2394,895,2025-02-16,간편결제,배송완료
2395,829,2025-06-06,간편결제,환불
2396,334,2026-04-09,간편결제,배송완료
2397,553,2025-11-04,간편결제,환불
2398,376,2025-01-10,신용카드,배송완료
2399,517,2026-04-01,신용카드,배송완료
2400,296,2025-08-02,무통장입금,배송완료
2401,693,2026-01-15,휴대폰결제,배송완료
2402,762,2026-07-30,신용카드,결제완료
2403,658,2025-09-20,간편결제,배송완료
2404,1146,2025-03-29,간편결제,배송완료
2405,663,2025-09-20,신용카드,배송완료
2406,1171,2025-05-09,신용카드,배송완료
2407,856,2025-05-14,신용카드,배송완료
2408,1029,2026-06-09,계좌이체,배송완료
2409,489,2026-02-03,신용카드,배송완료
2410,305,2026-07-06,계좌이체,배송완료
2411,189,2025-01-18,신용카드,환불
2412,296,2026-02-17,신용카드,배송완료
2413,884,2026-02-26,신용카드,배송완료
2414,1011,2026-05-29,간편결제,배송완료
2415,1161,2026-01-03,신용카드,배송완료
2416,506,2025-08-06,간편결제,취소
2417,309,2025-10-01,신용카드,취소
2418,30,2026-07-26,신용카드,배송준비
2419,789,2025-01-17,간편결제,배송완료
2420,45,2025-08-18,휴대폰결제,배송완료
2421,613,2026-03-31,신용카드,배송완료
2422,759,2025-10-29,휴대폰결제,취소
2423,579,2026-02-19,무통장입금,배송완료
2424,1037,2025-07-01,신용카드,배송완료
2425,1045,2025-05-11,계좌이체,배송완료
2426,675,2025-12-16,간편결제,배송완료
2427,1135,2025-06-06,간편결제,배송완료
2428,501,2025-02-26,간편결제,취소
2429,233,2025-12-28,계좌이체,배송완료
2430,773,2025-09-29,신용카드,배송완료
2431,703,2025-12-13,무통장입금,배송완료
2432,922,2026-03-09,간편결제,결제완료
2433,668,2025-11-20,신용카드,배송완료
2434,93,2026-03-27,간편결제,배송완료
2435,1161,2025-09-22,계좌이체,배송완료
2436,987,2025-10-09,신용카드,배송완료
2437,536,2026-03-20,계좌이체,취소
2438,993,2025-03-06,신용카드,배송완료
2439,471,2025-06-22,간편결제,배송완료
2440,164,2025-03-24,신용카드,환불
2441,776,2025-05-17,간편결제,배송완료
2442,1191,2025-10-18,계좌이체,배송완료
2443,255,2025-01-18,간편결제,배송완료
2444,463,2026-05-21,계좌이체,배송완료
2445,134,2026-07-11,무통장입금,배송중
2446,524,2026-01-12,계좌이체,환불
2447,376,2026-03-07,신용카드,배송완료
2448,666,2026-04-18,신용카드,배송완료
2449,935,2026-01-09,신용카드,배송완료
2450,124,2026-04-22,신용카드,배송완료
2451,9,2025-12-26,간편결제,배송완료
2452,88,2025-12-22,계좌이체,배송완료
2453,1004,2025-06-14,신용카드,배송완료
2454,646,2025-04-11,신용카드,배송완료
2455,336,2025-10-10,신용카드,배송완료
2456,119,2025-04-21,간편결제,배송완료
2457,636,2025-05-23,간편결제,배송완료
2458,922,2026-05-16,간편결제,배송완료
2459,584,2025-03-20,간편결제,배송완료
2460,292,2025-03-11,신용카드,배송완료
2461,639,2026-05-25,신용카드,배송완료
2462,71,2026-04-29,간편결제,배송완료
2463,584,2025-04-16,신용카드,배송완료
2464,367,2026-03-17,신용카드,배송완료
2465,760,2025-04-07,휴대폰결제,배송완료
2466,619,2026-05-11,간편결제,배송완료
2467,33,2025-10-12,간편결제,배송완료
2468,88,2026-02-21,간편결제,배송완료
2469,24,2026-02-01,휴대폰결제,배송완료
2470,208,2025-03-04,신용카드,배송완료
2471,365,2025-08-12,신용카드,배송완료
2472,697,2025-05-25,신용카드,배송중
2473,39,2025-11-13,신용카드,환불
2474,928,2025-05-19,간편결제,환불
2475,313,2025-04-25,간편결제,배송완료
2476,30,2026-01-10,신용카드,배송완료
2477,963,2025-01-30,간편결제,환불
2478,645,2025-11-04,신용카드,배송완료
2479,646,2025-10-15,간편결제,배송완료
2480,1034,2025-09-17,간편결제,배송완료
2481,553,2026-03-18,무통장입금,배송완료
2482,790,2025-03-09,간편결제,배송완료
2483,832,2026-07-13,신용카드,배송완료
2484,1120,2025-06-19,계좌이체,취소
2485,43,2026-03-14,간편결제,배송완료
2486,756,2025-03-24,계좌이체,배송완료
2487,116,2025-11-25,무통장입금,배송완료
2488,897,2026-01-10,간편결제,배송완료
2489,760,2025-07-19,무통장입금,배송완료
2490,508,2025-07-20,신용카드,배송완료
2491,1029,2025-07-15,신용카드,배송완료
2492,657,2025-11-21,신용카드,취소
2493,859,2025-08-23,신용카드,배송완료
2494,358,2025-07-01,계좌이체,배송완료
2495,213,2025-06-05,신용카드,배송완료
2496,574,2026-05-25,신용카드,배송완료
2497,212,2026-01-30,신용카드,배송완료
2498,1006,2025-06-25,무통장입금,환불
2499,864,2025-04-11,신용카드,결제완료
2500,745,2025-06-08,신용카드,취소
2501,1106,2025-02-05,간편결제,배송완료
2502,669,2026-03-28,간편결제,배송완료
2503,218,2026-01-08,간편결제,배송완료
2504,93,2025-01-31,간편결제,배송완료
2505,54,2025-12-01,간편결제,배송완료
2506,120,2025-02-08,신용카드,배송완료
2507,186,2025-02-10,간편결제,배송완료
2508,404,2025-05-02,신용카드,배송완료
2509,389,2025-05-04,신용카드,배송완료
2510,114,2025-01-09,신용카드,환불
2511,605,2025-06-30,간편결제,취소
2512,437,2025-11-19,계좌이체,취소
2513,369,2025-06-21,무통장입금,배송완료
2514,365,2026-07-16,계좌이체,배송완료
2515,364,2025-11-09,신용카드,배송중
2516,215,2025-05-26,신용카드,배송완료
2517,222,2026-01-20,계좌이체,배송완료
2518,841,2025-12-18,간편결제,환불
2519,1079,2026-02-28,간편결제,배송완료
2520,1044,2025-05-22,간편결제,배송완료
2521,435,2025-12-27,신용카드,배송완료
2522,521,2025-12-11,신용카드,배송완료
2523,736,2025-06-30,간편결제,취소
2524,1081,2026-03-23,신용카드,배송완료
2525,1056,2025-10-27,간편결제,결제완료
2526,1028,2025-07-03,간편결제,배송완료
2527,22,2026-06-02,계좌이체,배송완료
2528,550,2025-09-07,간편결제,배송완료
2529,461,2025-11-17,휴대폰결제,배송완료
2530,16,2025-07-12,간편결제,환불
2531,747,2025-03-09,신용카드,배송완료
2532,103,2025-09-07,간편결제,배송완료
2533,157,2025-10-03,휴대폰결제,배송완료
2534,708,2026-03-02,신용카드,배송완료
2535,524,2025-10-18,간편결제,배송완료
2536,875,2026-05-02,간편결제,배송완료
2537,879,2026-06-30,신용카드,배송완료
2538,554,2025-10-12,신용카드,환불
2539,815,2025-05-05,신용카드,배송완료
2540,89,2025-03-16,간편결제,배송완료
2541,1166,2025-01-14,신용카드,배송완료
2542,1111,2025-09-01,신용카드,배송완료
2543,476,2025-12-15,신용카드,배송완료
2544,116,2025-07-21,신용카드,배송완료
2545,808,2025-08-26,신용카드,배송완료
2546,473,2026-05-26,간편결제,배송완료
2547,275,2025-12-27,휴대폰결제,배송완료
2548,1092,2025-08-05,간편결제,배송완료
2549,541,2025-07-09,신용카드,배송완료
2550,336,2025-05-05,계좌이체,배송완료
2551,142,2026-04-22,휴대폰결제,배송완료
2552,666,2025-06-06,간편결제,배송완료
2553,990,2026-03-13,신용카드,취소
2554,994,2026-06-08,간편결제,배송완료
2555,93,2025-11-21,신용카드,배송완료
2556,86,2026-07-29,신용카드,배송완료
2557,499,2025-03-21,무통장입금,배송완료
2558,1115,2025-10-19,신용카드,배송준비
2559,789,2025-01-25,신용카드,배송완료
2560,726,2026-04-09,신용카드,배송완료
2561,357,2025-05-02,신용카드,배송완료
2562,103,2025-03-29,무통장입금,배송완료
2563,178,2025-08-02,계좌이체,배송완료
2564,1151,2025-08-04,간편결제,배송완료
2565,727,2025-10-02,간편결제,배송완료
2566,636,2025-12-17,간편결제,배송완료
2567,1054,2025-12-29,신용카드,배송완료
2568,995,2025-10-21,신용카드,환불
2569,1129,2025-05-18,신용카드,배송완료
2570,448,2026-04-07,신용카드,환불
2571,118,2025-08-27,간편결제,배송완료
2572,19,2026-06-10,신용카드,배송완료
2573,299,2025-04-24,신용카드,배송완료
2574,679,2025-08-21,신용카드,환불
2575,991,2026-06-01,신용카드,배송완료
2576,314,2025-12-05,신용카드,취소
2577,1141,2025-04-15,신용카드,취소
2578,736,2025-05-05,신용카드,배송완료
2579,396,2026-05-01,신용카드,결제완료
2580,183,2026-07-14,신용카드,배송준비
2581,456,2026-01-31,계좌이체,배송완료
2582,951,2025-03-24,신용카드,배송완료
2583,134,2026-04-05,간편결제,배송완료
2584,440,2025-11-11,신용카드,배송완료
2585,106,2025-04-03,신용카드,환불
2586,221,2025-12-05,계좌이체,배송완료
2587,698,2026-06-16,신용카드,배송완료
2588,854,2025-06-19,간편결제,환불
2589,1026,2026-03-09,신용카드,배송완료
2590,789,2026-03-22,신용카드,배송완료
2591,955,2025-03-25,신용카드,배송완료
2592,143,2025-03-10,신용카드,배송완료
2593,506,2025-12-17,간편결제,배송완료
2594,653,2026-07-17,계좌이체,배송완료
2595,86,2026-02-17,신용카드,배송완료
2596,991,2026-07-18,신용카드,배송완료
2597,870,2025-12-30,간편결제,배송완료
2598,124,2025-12-04,간편결제,배송완료
2599,65,2025-04-28,신용카드,배송완료
2600,1036,2026-03-11,신용카드,배송완료
2601,196,2025-01-27,신용카드,배송완료
2602,375,2026-03-23,신용카드,배송완료
2603,950,2026-03-04,간편결제,배송완료
2604,73,2025-03-28,신용카드,배송완료
2605,45,2025-11-16,신용카드,배송완료
2606,81,2026-05-11,신용카드,배송완료
2607,328,2026-03-02,간편결제,배송완료
2608,449,2025-10-14,무통장입금,배송완료
2609,453,2025-09-28,신용카드,배송완료
2610,104,2026-06-30,신용카드,배송완료
2611,1157,2026-01-10,무통장입금,배송완료
2612,285,2025-11-13,간편결제,배송완료
2613,936,2025-09-26,신용카드,배송완료
2614,793,2026-04-07,간편결제,배송완료
2615,766,2025-12-20,신용카드,배송완료
2616,688,2025-11-11,신용카드,배송완료
2617,414,2026-05-01,무통장입금,배송완료
2618,823,2026-01-22,신용카드,환불
2619,221,2025-12-10,신용카드,배송완료
2620,67,2025-05-25,신용카드,취소
2621,294,2026-03-14,신용카드,배송완료
2622,547,2025-08-31,신용카드,배송완료
2623,240,2026-05-31,계좌이체,배송완료
2624,806,2026-05-10,신용카드,배송완료
2625,320,2025-07-11,신용카드,배송완료
2626,584,2025-01-19,계좌이체,배송중
2627,744,2025-12-24,간편결제,배송완료
2628,334,2025-11-17,신용카드,배송완료
2629,951,2025-08-06,신용카드,배송완료
2630,1051,2026-07-22,휴대폰결제,배송완료
2631,22,2026-01-07,휴대폰결제,배송완료
2632,693,2025-05-27,간편결제,취소
2633,9,2025-05-19,간편결제,취소
2634,374,2025-08-10,신용카드,배송완료
2635,313,2025-11-23,계좌이체,배송완료
2636,942,2025-06-27,신용카드,배송완료
2637,446,2026-05-13,휴대폰결제,배송완료
2638,336,2025-12-12,휴대폰결제,배송완료
2639,1193,2025-11-17,계좌이체,배송완료
2640,605,2025-11-15,신용카드,배송완료
2641,243,2025-05-29,계좌이체,배송완료
2642,1079,2025-08-21,신용카드,배송완료
2643,384,2025-02-24,간편결제,배송완료
2644,68,2026-05-07,간편결제,배송완료
2645,312,2025-08-10,신용카드,배송완료
2646,895,2025-06-26,간편결제,배송완료
2647,944,2026-03-25,휴대폰결제,배송완료
2648,24,2025-09-04,간편결제,배송완료
2649,327,2025-06-04,휴대폰결제,배송완료
2650,143,2026-01-19,신용카드,배송완료
2651,198,2025-06-14,휴대폰결제,배송완료
2652,406,2025-08-25,간편결제,배송완료
2653,169,2025-10-24,신용카드,취소
2654,869,2025-11-13,신용카드,환불
2655,1011,2025-05-23,간편결제,배송완료
2656,478,2025-12-18,신용카드,배송완료
2657,936,2025-12-05,휴대폰결제,배송완료
2658,739,2026-01-03,신용카드,환불
2659,472,2026-02-26,신용카드,배송완료
2660,1073,2025-10-30,신용카드,배송완료
2661,599,2025-07-19,간편결제,배송완료
2662,440,2026-04-29,계좌이체,배송완료
2663,69,2026-03-07,간편결제,배송완료
2664,381,2026-05-19,간편결제,환불
2665,284,2025-08-23,신용카드,배송완료
2666,419,2025-11-16,신용카드,배송완료
2667,514,2025-11-12,무통장입금,배송완료
2668,351,2026-07-19,간편결제,배송중
2669,988,2025-12-25,신용카드,배송완료
2670,36,2025-04-30,신용카드,배송완료
2671,1084,2025-07-24,간편결제,배송완료
2672,3,2025-03-07,신용카드,배송완료
2673,741,2025-05-21,간편결제,배송완료
2674,514,2025-09-22,간편결제,배송완료
2675,774,2025-10-13,간편결제,배송완료
2676,665,2025-04-24,간편결제,배송완료
2677,772,2025-08-04,신용카드,취소
2678,910,2025-05-04,신용카드,배송완료
2679,593,2026-07-27,계좌이체,배송준비
2680,477,2025-12-25,간편결제,배송완료
2681,206,2025-11-19,휴대폰결제,배송완료
2682,335,2025-03-22,신용카드,배송완료
2683,1185,2025-02-17,신용카드,배송완료
2684,214,2026-05-04,간편결제,배송완료
2685,1036,2025-01-20,무통장입금,배송완료
2686,1046,2025-10-07,계좌이체,배송완료
2687,1113,2026-07-14,휴대폰결제,배송완료
2688,338,2026-06-11,계좌이체,배송완료
2689,103,2025-01-19,신용카드,환불
2690,804,2025-11-25,간편결제,배송완료
2691,69,2026-04-09,신용카드,배송완료
2692,415,2025-05-13,신용카드,배송완료
2693,330,2026-05-26,간편결제,배송완료
2694,428,2025-04-26,무통장입금,배송완료
2695,800,2026-04-26,간편결제,배송완료
2696,247,2026-01-06,계좌이체,배송완료
2697,1189,2025-09-04,신용카드,배송완료
2698,630,2026-02-11,휴대폰결제,배송완료
2699,116,2025-12-31,간편결제,배송완료
2700,20,2025-12-23,무통장입금,배송완료
2701,739,2025-08-18,신용카드,배송완료
2702,367,2026-03-29,신용카드,배송완료
2703,408,2025-12-28,신용카드,배송완료
2704,35,2026-07-15,신용카드,배송완료
2705,913,2026-02-10,신용카드,취소
2706,997,2025-12-02,계좌이체,배송완료
2707,880,2025-05-22,신용카드,배송완료
2708,814,2025-11-25,간편결제,배송완료
2709,867,2026-05-01,간편결제,배송완료
2710,634,2026-01-05,무통장입금,취소
2711,456,2026-07-08,신용카드,취소
2712,135,2025-06-03,신용카드,취소
2713,110,2025-11-28,간편결제,배송완료
2714,902,2025-07-28,간편결제,배송완료
2715,263,2026-04-30,신용카드,배송완료
2716,264,2025-05-30,신용카드,배송완료
2717,1128,2026-04-18,신용카드,배송완료
2718,543,2025-10-21,신용카드,배송중
2719,564,2026-04-23,간편결제,배송완료
2720,636,2025-04-11,계좌이체,배송완료
2721,734,2026-05-16,신용카드,환불
2722,949,2025-07-17,간편결제,배송완료
2723,1111,2025-10-08,간편결제,취소
2724,326,2025-12-26,신용카드,배송완료
2725,249,2025-05-22,신용카드,배송완료
2726,1148,2025-06-03,신용카드,환불
2727,1171,2026-05-17,계좌이체,배송완료
2728,688,2025-12-25,신용카드,배송완료
2729,46,2026-03-14,신용카드,배송완료
2730,1013,2026-07-22,신용카드,배송완료
2731,1063,2025-12-17,신용카드,배송완료
2732,122,2025-02-14,신용카드,배송완료
2733,810,2026-07-22,간편결제,배송완료
2734,1147,2026-04-18,간편결제,배송완료
2735,1131,2026-05-28,휴대폰결제,배송완료
2736,301,2025-10-08,간편결제,배송완료
2737,920,2025-01-27,간편결제,배송완료
2738,604,2025-01-08,신용카드,환불
2739,496,2025-07-12,무통장입금,배송완료
2740,290,2026-05-27,간편결제,배송완료
2741,1077,2026-07-28,신용카드,결제완료
2742,734,2025-11-11,신용카드,배송완료
2743,770,2025-06-18,간편결제,배송완료
2744,485,2025-11-20,간편결제,배송완료
2745,13,2026-03-20,신용카드,배송완료
2746,978,2025-11-26,신용카드,배송완료
2747,326,2026-06-06,계좌이체,배송완료
2748,115,2025-02-12,계좌이체,배송완료
2749,837,2025-11-08,신용카드,배송완료
2750,1064,2026-01-25,신용카드,환불
2751,24,2025-09-25,무통장입금,배송완료
2752,93,2026-05-18,신용카드,배송중
2753,222,2026-04-04,신용카드,배송완료
2754,391,2025-03-25,계좌이체,배송완료
2755,1129,2026-07-25,무통장입금,배송중
2756,310,2026-04-07,신용카드,취소
2757,910,2026-05-26,신용카드,배송완료
2758,611,2025-12-09,계좌이체,배송완료
2759,218,2026-06-26,신용카드,배송완료
2760,910,2025-11-29,간편결제,배송완료
2761,1031,2025-04-16,간편결제,환불
2762,385,2025-01-03,신용카드,배송완료
2763,213,2026-03-09,무통장입금,배송완료
2764,70,2025-10-03,휴대폰결제,배송완료
2765,17,2025-07-14,계좌이체,배송완료
2766,376,2025-03-21,계좌이체,배송준비
2767,1131,2026-02-16,신용카드,환불
2768,191,2025-04-29,간편결제,배송완료
2769,705,2026-05-05,휴대폰결제,배송완료
2770,530,2025-05-18,휴대폰결제,환불
2771,13,2026-07-05,계좌이체,배송완료
2772,471,2025-11-20,간편결제,배송완료
2773,668,2025-09-24,계좌이체,배송완료
2774,1067,2025-10-30,계좌이체,배송완료
2775,1084,2025-10-01,간편결제,배송완료
2776,509,2026-02-20,계좌이체,배송완료
2777,989,2025-09-20,계좌이체,배송완료
2778,1105,2025-08-14,신용카드,환불
2779,285,2026-03-26,간편결제,배송완료
2780,196,2025-09-09,신용카드,배송완료
2781,611,2026-06-22,신용카드,배송완료
2782,880,2025-06-30,신용카드,배송완료
2783,376,2025-04-30,휴대폰결제,배송완료
2784,405,2025-04-06,간편결제,배송완료
2785,996,2025-03-07,신용카드,환불
2786,356,2025-09-05,신용카드,배송완료
2787,630,2025-12-17,신용카드,배송완료
2788,1127,2026-02-20,간편결제,배송완료
2789,950,2025-10-09,신용카드,배송완료
2790,1163,2025-07-07,계좌이체,취소
2791,504,2025-08-28,간편결제,배송완료
2792,1190,2026-01-13,신용카드,취소
2793,554,2026-01-21,간편결제,배송완료
2794,932,2026-05-07,무통장입금,결제완료
2795,832,2025-07-25,신용카드,배송완료
2796,484,2025-07-21,신용카드,배송완료
2797,738,2025-05-04,계좌이체,배송완료
2798,670,2025-08-24,휴대폰결제,배송중
2799,607,2026-05-31,신용카드,배송완료
2800,1021,2025-03-05,신용카드,배송완료
2801,314,2026-05-14,신용카드,배송완료
2802,469,2025-03-04,계좌이체,배송완료
2803,266,2025-04-30,계좌이체,배송완료
2804,997,2025-05-31,신용카드,배송완료
2805,615,2025-03-13,신용카드,배송완료
2806,1195,2026-04-17,신용카드,취소
2807,1080,2025-04-25,계좌이체,배송완료
2808,337,2025-07-06,신용카드,배송완료
2809,162,2025-12-31,신용카드,배송완료
2810,1028,2025-03-11,간편결제,배송완료
2811,955,2025-01-31,간편결제,배송완료
2812,1018,2025-07-31,신용카드,배송완료
2813,793,2026-04-08,간편결제,배송완료
2814,350,2026-07-03,계좌이체,배송완료
2815,357,2026-05-05,휴대폰결제,배송완료
2816,176,2025-04-12,신용카드,배송완료
2817,668,2026-05-28,신용카드,배송완료
2818,902,2025-06-10,간편결제,배송완료
2819,550,2025-11-30,신용카드,결제완료
2820,58,2026-03-18,간편결제,취소
2821,865,2026-04-05,간편결제,환불
2822,1196,2025-01-29,신용카드,환불
2823,1045,2026-05-11,간편결제,배송완료
2824,814,2026-07-23,간편결제,배송완료
2825,287,2025-11-23,계좌이체,취소
2826,549,2025-08-29,신용카드,취소
2827,320,2025-09-10,간편결제,배송완료
2828,485,2025-01-04,휴대폰결제,배송완료
2829,17,2025-09-02,무통장입금,배송완료
2830,683,2026-01-28,계좌이체,배송완료
2831,1084,2025-02-19,간편결제,배송완료
2832,996,2025-02-04,신용카드,배송완료
2833,1036,2026-07-14,무통장입금,배송완료
2834,371,2025-11-20,간편결제,취소
2835,590,2026-04-23,휴대폰결제,배송완료
2836,55,2025-10-19,휴대폰결제,취소
2837,1103,2026-05-19,신용카드,배송완료
2838,770,2025-06-28,간편결제,배송완료
2839,242,2025-07-15,계좌이체,배송완료
2840,552,2025-07-30,신용카드,배송완료
2841,736,2025-03-04,간편결제,배송완료
2842,986,2025-05-07,간편결제,배송완료
2843,854,2025-05-16,휴대폰결제,환불
2844,957,2026-06-15,휴대폰결제,배송완료
2845,1183,2025-05-19,간편결제,배송완료
2846,919,2025-11-29,간편결제,배송완료
2847,761,2026-07-30,계좌이체,배송준비
2848,1175,2026-01-05,신용카드,배송완료
2849,922,2025-08-09,신용카드,배송완료
2850,268,2026-05-21,신용카드,배송완료
2851,721,2025-04-11,신용카드,환불
2852,736,2025-06-30,신용카드,환불
2853,29,2026-02-07,신용카드,배송완료
2854,56,2025-12-20,간편결제,배송완료
2855,1009,2025-12-07,휴대폰결제,배송완료
2856,1089,2026-02-22,신용카드,배송완료
2857,671,2026-07-09,간편결제,배송완료
2858,122,2025-12-25,간편결제,배송완료
2859,1142,2025-12-15,신용카드,배송완료
2860,879,2025-02-07,간편결제,배송준비
2861,649,2025-07-01,신용카드,배송완료
2862,982,2026-03-22,신용카드,배송완료
2863,529,2025-02-24,신용카드,배송완료
2864,468,2026-04-14,간편결제,환불
2865,141,2025-11-07,신용카드,배송완료
2866,546,2025-05-13,신용카드,배송완료
2867,182,2026-04-04,계좌이체,배송완료
2868,861,2025-04-03,간편결제,환불
2869,1193,2026-07-19,무통장입금,배송완료
2870,448,2026-01-07,간편결제,배송완료
2871,1034,2025-11-16,신용카드,배송완료
2872,600,2026-05-10,간편결제,배송완료
2873,962,2026-03-29,휴대폰결제,배송완료
2874,442,2025-10-11,신용카드,배송완료
2875,683,2025-03-22,신용카드,배송완료
2876,212,2025-02-02,신용카드,취소
2877,441,2025-12-02,간편결제,배송완료
2878,679,2025-12-15,무통장입금,배송완료
2879,149,2026-05-29,간편결제,배송완료
2880,786,2025-03-03,신용카드,배송완료
2881,541,2026-03-18,신용카드,배송준비
2882,191,2026-07-27,휴대폰결제,배송중
2883,363,2025-06-27,간편결제,배송완료
2884,79,2025-12-12,신용카드,배송완료
2885,426,2026-01-17,계좌이체,배송중
2886,305,2025-05-31,신용카드,배송완료
2887,990,2026-01-18,신용카드,배송완료
2888,661,2025-01-04,간편결제,배송완료
2889,26,2026-04-27,신용카드,배송완료
2890,789,2025-05-15,휴대폰결제,배송완료
2891,737,2025-01-20,간편결제,배송완료
2892,912,2026-01-10,간편결제,배송완료
2893,211,2026-02-17,신용카드,배송완료
2894,463,2025-09-14,계좌이체,배송완료
2895,816,2026-06-10,간편결제,배송완료
2896,804,2025-09-12,신용카드,취소
2897,357,2025-07-28,신용카드,취소
2898,301,2025-03-11,간편결제,배송완료
2899,257,2026-02-15,신용카드,배송완료
2900,197,2025-01-27,계좌이체,배송완료
2901,737,2026-02-24,간편결제,배송완료
2902,192,2025-11-25,계좌이체,배송완료
2903,349,2025-10-29,간편결제,배송완료
2904,670,2026-03-19,계좌이체,배송완료
2905,901,2025-05-28,신용카드,배송완료
2906,752,2025-02-01,계좌이체,배송완료
2907,1038,2025-12-11,간편결제,배송완료
2908,1064,2025-06-27,신용카드,환불
2909,579,2025-09-18,간편결제,환불
2910,852,2026-05-29,신용카드,배송준비
2911,1099,2026-05-31,간편결제,취소
2912,153,2025-07-26,무통장입금,배송완료
2913,966,2025-02-13,간편결제,배송완료
2914,1120,2025-02-18,신용카드,환불
2915,37,2026-02-03,신용카드,배송완료
2916,682,2025-03-08,신용카드,환불
2917,892,2025-04-14,간편결제,배송완료
2918,10,2025-10-14,간편결제,배송완료
2919,797,2025-12-09,간편결제,배송완료
2920,902,2026-07-24,신용카드,배송준비
2921,1164,2026-06-13,신용카드,배송완료
2922,756,2025-04-22,신용카드,배송완료
2923,1168,2026-05-13,신용카드,배송완료
2924,80,2026-04-12,간편결제,배송완료
2925,415,2025-01-24,간편결제,배송완료
2926,1105,2026-05-08,계좌이체,배송완료
2927,749,2025-05-29,휴대폰결제,배송완료
2928,728,2026-04-26,휴대폰결제,배송완료
2929,246,2026-07-27,간편결제,결제완료
2930,960,2026-01-17,신용카드,배송완료
2931,269,2026-07-03,신용카드,배송완료
2932,813,2025-01-25,무통장입금,배송완료
2933,872,2025-03-25,간편결제,배송완료
2934,149,2025-06-22,무통장입금,환불
2935,322,2025-12-30,신용카드,배송완료
2936,261,2026-04-19,휴대폰결제,환불
2937,220,2025-08-29,신용카드,배송완료
2938,265,2025-08-24,신용카드,배송완료
2939,807,2025-06-20,휴대폰결제,배송완료
2940,159,2025-10-16,간편결제,배송완료
2941,1035,2025-10-07,간편결제,취소
2942,842,2025-12-02,간편결제,배송완료
2943,468,2025-04-08,간편결제,배송완료
2944,731,2025-01-15,휴대폰결제,배송완료
2945,109,2026-04-01,계좌이체,취소
2946,1089,2025-08-15,계좌이체,배송완료
2947,159,2025-07-28,계좌이체,환불
2948,608,2026-05-28,신용카드,배송완료
2949,1023,2025-10-07,간편결제,배송완료
2950,745,2026-07-12,간편결제,취소
2951,742,2026-06-03,간편결제,배송완료
2952,1097,2025-09-05,간편결제,배송중
2953,402,2025-12-10,신용카드,배송완료
2954,504,2025-01-09,계좌이체,배송완료
2955,829,2025-06-28,간편결제,배송완료
2956,293,2026-04-27,신용카드,배송중
2957,1080,2025-01-01,신용카드,배송완료
2958,107,2025-03-29,휴대폰결제,배송완료
2959,258,2025-12-23,신용카드,배송완료
2960,905,2026-04-04,휴대폰결제,배송완료
2961,841,2026-03-28,계좌이체,배송완료
2962,496,2025-05-21,무통장입금,배송완료
2963,466,2025-10-24,간편결제,배송완료
2964,332,2026-07-02,휴대폰결제,배송완료
2965,506,2025-11-21,신용카드,환불
2966,987,2025-10-24,신용카드,배송완료
2967,20,2025-11-28,신용카드,배송완료
2968,910,2025-08-28,간편결제,배송완료
2969,376,2025-12-10,간편결제,배송완료
2970,578,2026-05-12,신용카드,배송완료
2971,733,2026-03-12,계좌이체,배송중
2972,1178,2025-03-12,간편결제,배송완료
2973,820,2026-03-30,신용카드,환불
2974,29,2026-07-29,신용카드,배송중
2975,726,2026-01-13,신용카드,배송완료
2976,374,2025-07-20,신용카드,배송완료
2977,459,2025-03-23,신용카드,배송완료
2978,451,2025-07-06,간편결제,배송완료
2979,1058,2025-05-26,신용카드,배송완료
2980,436,2025-03-13,계좌이체,배송완료
2981,140,2025-03-04,간편결제,배송완료
2982,854,2025-05-03,휴대폰결제,배송완료
2983,121,2026-03-11,신용카드,배송완료
2984,1014,2025-04-13,신용카드,배송완료
2985,72,2026-06-06,신용카드,배송완료
2986,774,2025-07-27,신용카드,배송완료
2987,261,2025-04-28,신용카드,배송완료
2988,159,2025-07-26,휴대폰결제,배송완료
2989,906,2025-08-05,신용카드,배송완료
2990,978,2025-05-03,신용카드,배송완료
2991,471,2025-05-23,무통장입금,배송완료
2992,60,2025-03-21,간편결제,배송완료
2993,750,2025-05-18,계좌이체,배송완료
2994,338,2026-04-04,계좌이체,배송완료
2995,501,2025-03-01,신용카드,배송완료
2996,927,2025-12-02,신용카드,배송완료
2997,89,2025-04-25,신용카드,배송완료
2998,14,2026-05-29,계좌이체,배송완료
2999,1162,2025-09-08,계좌이체,배송중
3000,571,2025-12-04,간편결제,배송완료
3001,551,2026-03-14,신용카드,배송완료
3002,687,2026-07-10,신용카드,배송중
3003,243,2025-07-10,신용카드,배송완료
3004,974,2025-10-30,신용카드,배송완료
3005,897,2026-02-14,계좌이체,배송완료
3006,521,2025-02-04,무통장입금,배송완료
3007,504,2025-08-31,간편결제,배송완료
3008,553,2025-11-03,계좌이체,배송완료
3009,364,2025-01-01,신용카드,배송완료
3010,663,2026-07-26,신용카드,배송준비
3011,477,2025-03-02,신용카드,배송완료
3012,367,2025-01-12,휴대폰결제,배송완료
3013,411,2025-12-11,신용카드,배송준비
3014,931,2025-06-03,신용카드,배송완료
3015,1030,2025-08-10,간편결제,배송완료
3016,426,2026-07-31,신용카드,배송중
3017,1049,2025-04-29,무통장입금,배송완료
3018,313,2026-04-03,무통장입금,배송중
3019,292,2025-05-28,신용카드,배송완료
3020,75,2026-04-03,간편결제,배송완료
3021,1014,2026-04-19,신용카드,배송완료
3022,796,2026-01-10,신용카드,배송완료
3023,255,2026-06-23,간편결제,배송완료
3024,848,2025-04-18,간편결제,배송완료
3025,344,2025-08-29,신용카드,배송완료
3026,1034,2025-03-04,신용카드,배송완료
3027,189,2025-05-27,신용카드,배송완료
3028,1199,2026-04-17,신용카드,배송완료
3029,49,2025-10-23,신용카드,배송완료
3030,892,2025-12-24,신용카드,배송완료
3031,650,2025-12-07,신용카드,배송완료
3032,4,2025-03-15,신용카드,배송완료
3033,756,2026-01-28,신용카드,배송완료
3034,8,2025-12-19,신용카드,환불
3035,565,2025-04-25,휴대폰결제,배송완료
3036,426,2025-06-20,간편결제,배송완료
3037,619,2026-06-27,간편결제,취소
3038,469,2025-03-01,간편결제,배송완료
3039,233,2025-02-09,무통장입금,배송완료
3040,1198,2026-02-21,간편결제,배송완료
3041,154,2026-05-01,신용카드,배송완료
3042,33,2026-01-09,간편결제,배송완료
3043,158,2025-09-04,계좌이체,배송완료
3044,670,2026-03-26,간편결제,배송완료
3045,324,2025-07-20,신용카드,취소
3046,82,2025-11-25,간편결제,배송완료
3047,797,2025-12-30,간편결제,배송완료
3048,1193,2025-08-02,신용카드,배송완료
3049,900,2025-06-17,무통장입금,취소
3050,1004,2025-11-11,휴대폰결제,배송완료
3051,119,2025-11-07,신용카드,배송완료
3052,281,2025-12-03,간편결제,환불
3053,1154,2025-04-17,신용카드,배송완료
3054,726,2025-08-08,신용카드,배송완료
3055,562,2025-01-10,간편결제,배송완료
3056,1071,2026-04-04,간편결제,배송완료
3057,1062,2025-12-28,간편결제,배송완료
3058,218,2025-03-28,계좌이체,배송완료
3059,157,2025-09-15,간편결제,배송완료
3060,418,2026-05-12,신용카드,배송완료
3061,738,2025-04-10,계좌이체,배송완료
3062,683,2025-08-13,신용카드,배송완료
3063,361,2025-05-14,계좌이체,환불
3064,205,2025-03-14,신용카드,배송완료
3065,383,2026-03-26,신용카드,배송중
3066,972,2025-04-30,무통장입금,환불
3067,386,2025-01-15,신용카드,배송완료
3068,986,2025-04-12,간편결제,배송완료
3069,913,2025-11-21,계좌이체,배송완료
3070,816,2026-05-01,간편결제,환불
3071,930,2025-09-17,신용카드,배송완료
3072,804,2025-12-03,신용카드,환불
3073,732,2025-01-10,계좌이체,배송완료
3074,361,2025-01-23,신용카드,환불
3075,547,2025-02-11,무통장입금,배송완료
3076,42,2025-12-22,계좌이체,배송완료
3077,1072,2025-11-06,신용카드,배송완료
3078,818,2026-04-06,신용카드,환불
3079,153,2025-02-18,무통장입금,배송완료
3080,500,2025-05-14,신용카드,배송완료
3081,172,2026-02-11,간편결제,배송완료
3082,208,2026-06-10,간편결제,취소
3083,708,2026-03-18,계좌이체,배송완료
3084,544,2026-07-18,간편결제,취소
3085,468,2025-03-04,휴대폰결제,배송완료
3086,1087,2025-03-07,신용카드,배송완료
3087,546,2025-08-08,신용카드,배송완료
3088,406,2026-01-13,신용카드,배송완료
3089,362,2026-04-05,신용카드,배송완료
3090,1162,2025-04-19,신용카드,배송완료
3091,69,2025-02-05,신용카드,배송완료
3092,375,2025-11-08,신용카드,배송완료
3093,334,2025-05-27,계좌이체,배송중
3094,737,2025-12-02,무통장입금,배송완료
3095,88,2025-11-29,신용카드,배송완료
3096,378,2026-07-05,계좌이체,배송완료
3097,608,2025-06-27,계좌이체,배송완료
3098,730,2026-05-19,신용카드,배송완료
3099,1103,2026-04-02,간편결제,배송완료
3100,153,2025-02-25,신용카드,배송완료
3101,220,2025-04-14,신용카드,배송완료
3102,755,2026-03-19,신용카드,취소
3103,984,2025-09-06,신용카드,배송완료
3104,586,2026-02-15,신용카드,배송완료
3105,1052,2026-05-06,신용카드,배송완료
3106,941,2025-05-18,간편결제,배송완료
3107,249,2026-03-24,간편결제,배송완료
3108,98,2025-04-03,간편결제,환불
3109,411,2025-06-10,간편결제,배송완료
3110,650,2026-07-19,계좌이체,배송완료
3111,900,2025-11-20,계좌이체,배송완료
3112,419,2025-12-25,계좌이체,배송완료
3113,784,2025-09-30,신용카드,취소
3114,984,2026-04-16,휴대폰결제,배송완료
3115,966,2025-11-05,계좌이체,배송완료
3116,54,2026-03-12,계좌이체,배송완료
3117,169,2025-07-11,신용카드,배송완료
3118,231,2026-02-08,간편결제,배송완료
3119,243,2025-11-14,간편결제,배송완료
3120,437,2026-07-31,신용카드,배송중
3121,190,2026-01-15,간편결제,배송완료
3122,105,2025-09-29,신용카드,환불
3123,1194,2026-05-16,휴대폰결제,배송완료
3124,692,2026-01-18,휴대폰결제,배송완료
3125,910,2026-06-04,간편결제,배송완료
3126,680,2026-05-28,간편결제,취소
3127,343,2025-06-11,간편결제,취소
3128,65,2026-01-18,계좌이체,배송완료
3129,125,2025-07-26,간편결제,환불
3130,375,2025-11-12,계좌이체,배송완료
3131,303,2025-02-26,신용카드,배송완료
3132,228,2026-01-26,신용카드,배송중
3133,107,2025-06-12,신용카드,환불
3134,1143,2026-04-03,신용카드,배송완료
3135,975,2025-12-07,간편결제,환불
3136,1115,2026-05-15,신용카드,취소
3137,569,2026-04-10,간편결제,배송완료
3138,85,2025-11-15,간편결제,배송완료
3139,289,2026-02-15,신용카드,배송완료
3140,433,2025-12-08,신용카드,배송완료
3141,926,2025-12-03,신용카드,배송완료
3142,997,2026-03-19,계좌이체,환불
3143,32,2026-03-25,신용카드,배송완료
3144,197,2025-10-22,신용카드,환불
3145,224,2026-07-27,간편결제,배송준비
3146,930,2026-02-25,신용카드,배송완료
3147,674,2025-08-24,신용카드,배송완료
3148,1198,2025-05-22,간편결제,배송완료
3149,291,2025-02-24,신용카드,배송완료
3150,265,2025-10-03,신용카드,배송완료
3151,534,2026-07-24,신용카드,결제완료
3152,132,2026-03-12,신용카드,배송완료
3153,864,2026-06-26,신용카드,배송완료
3154,600,2025-10-17,신용카드,배송완료
3155,459,2025-04-20,무통장입금,환불
3156,404,2025-01-23,계좌이체,배송완료
3157,1171,2025-01-31,간편결제,배송완료
3158,476,2026-06-25,간편결제,배송완료
3159,200,2026-05-09,휴대폰결제,배송완료
3160,1066,2026-04-08,간편결제,배송완료
3161,138,2025-08-21,신용카드,배송완료
3162,213,2026-07-16,간편결제,결제완료
3163,376,2025-11-16,신용카드,배송완료
3164,591,2025-07-26,신용카드,배송완료
3165,697,2025-09-08,신용카드,배송준비
3166,1009,2026-06-11,계좌이체,환불
3167,744,2025-04-15,신용카드,배송완료
3168,303,2025-12-20,계좌이체,배송완료
3169,936,2026-03-26,간편결제,배송완료
3170,1113,2025-11-09,계좌이체,배송완료
3171,454,2025-12-27,신용카드,배송완료
3172,782,2026-04-30,간편결제,배송완료
3173,783,2026-04-16,휴대폰결제,배송완료
3174,284,2025-07-09,휴대폰결제,배송완료
3175,114,2026-04-20,신용카드,배송완료
3176,1045,2026-04-30,신용카드,환불
3177,1046,2025-08-29,계좌이체,배송완료
3178,172,2025-05-13,신용카드,배송완료
3179,1087,2025-11-27,신용카드,배송완료
3180,1004,2026-04-02,휴대폰결제,배송완료
3181,1118,2025-08-06,계좌이체,배송완료
3182,907,2026-03-16,신용카드,배송완료
3183,949,2026-01-19,휴대폰결제,환불
3184,156,2025-06-02,신용카드,배송완료
3185,1129,2026-03-19,신용카드,배송완료
3186,49,2025-11-29,신용카드,배송완료
3187,531,2025-11-18,간편결제,환불
3188,252,2026-06-21,간편결제,배송완료
3189,932,2025-06-12,계좌이체,배송완료
3190,1129,2025-11-23,간편결제,배송완료
3191,770,2025-06-27,간편결제,취소
3192,729,2025-11-23,신용카드,배송완료
3193,1157,2025-11-30,신용카드,배송준비
3194,955,2026-03-19,신용카드,배송완료
3195,790,2025-12-06,간편결제,배송완료
3196,917,2025-12-04,간편결제,배송완료
3197,1119,2025-05-17,신용카드,취소
3198,753,2025-11-02,간편결제,배송완료
3199,3,2026-06-01,신용카드,배송완료
3200,336,2025-03-02,신용카드,배송완료
3201,143,2026-05-02,신용카드,배송완료
3202,493,2025-08-28,신용카드,배송완료
3203,125,2025-08-25,신용카드,배송완료
3204,1045,2025-11-06,휴대폰결제,배송완료
3205,652,2026-03-12,간편결제,배송완료
3206,906,2026-06-22,무통장입금,배송완료
3207,20,2026-03-17,신용카드,배송완료
3208,975,2025-02-05,간편결제,배송완료
3209,626,2026-06-24,신용카드,배송완료
3210,1025,2025-12-24,무통장입금,환불
3211,294,2026-03-19,간편결제,배송완료
3212,146,2026-02-04,간편결제,취소
3213,1167,2025-07-22,간편결제,배송완료
3214,224,2025-12-26,신용카드,배송완료
3215,397,2026-07-27,신용카드,배송준비
3216,912,2025-09-26,간편결제,배송완료
3217,1136,2025-04-21,신용카드,배송완료
3218,562,2025-06-13,간편결제,배송완료
3219,78,2026-07-04,간편결제,환불
3220,735,2025-12-21,계좌이체,환불
3221,530,2025-04-21,신용카드,배송완료
3222,653,2025-06-25,계좌이체,배송완료
3223,570,2025-12-28,계좌이체,배송완료
3224,89,2025-01-23,계좌이체,배송완료
3225,905,2026-05-13,신용카드,배송완료
3226,111,2025-12-21,휴대폰결제,배송완료
3227,277,2026-03-06,신용카드,배송완료
3228,663,2026-05-01,신용카드,배송완료
3229,61,2025-03-15,간편결제,배송완료
3230,402,2025-08-25,간편결제,배송완료
3231,955,2026-01-19,신용카드,배송완료
3232,282,2025-08-10,신용카드,취소
3233,1080,2025-10-13,신용카드,배송완료
3234,626,2025-12-02,간편결제,배송완료
3235,417,2025-05-25,신용카드,배송완료
3236,8,2026-07-12,휴대폰결제,배송완료
3237,584,2025-07-14,신용카드,배송완료
3238,143,2025-03-22,간편결제,배송완료
3239,298,2026-05-01,신용카드,배송완료
3240,78,2026-02-11,신용카드,배송완료
3241,473,2025-12-03,간편결제,배송완료
3242,1028,2025-01-15,계좌이체,환불
3243,67,2025-12-15,간편결제,취소
3244,782,2025-09-14,신용카드,배송완료
3245,1017,2026-03-17,신용카드,배송완료
3246,89,2025-07-14,간편결제,배송완료
3247,941,2025-04-13,간편결제,배송완료
3248,959,2025-10-22,신용카드,배송완료
3249,704,2026-06-24,휴대폰결제,결제완료
3250,1179,2025-11-19,신용카드,환불
3251,706,2026-04-27,신용카드,배송완료
3252,646,2025-09-09,휴대폰결제,배송완료
3253,1002,2025-03-26,간편결제,배송완료
3254,358,2026-05-09,신용카드,배송완료
3255,736,2025-01-27,신용카드,배송완료
3256,341,2026-06-13,간편결제,배송완료
3257,530,2025-02-14,간편결제,배송완료
3258,920,2025-11-23,신용카드,결제완료
3259,216,2025-06-22,신용카드,배송완료
3260,734,2026-01-18,신용카드,배송완료
3261,215,2025-11-07,신용카드,환불
3262,397,2025-12-06,간편결제,배송완료
3263,525,2026-07-05,계좌이체,배송완료
3264,922,2025-09-28,신용카드,배송완료
3265,626,2026-07-02,간편결제,배송완료
3266,284,2026-03-11,간편결제,배송완료
3267,135,2025-04-11,간편결제,배송완료
3268,988,2025-11-28,간편결제,배송완료
3269,163,2025-11-03,신용카드,배송완료
3270,683,2025-12-22,신용카드,배송완료
3271,785,2025-07-07,신용카드,배송완료
3272,370,2026-06-18,신용카드,배송완료
3273,809,2025-01-11,신용카드,환불
3274,942,2025-02-18,계좌이체,배송중
3275,282,2026-03-24,신용카드,배송완료
3276,299,2025-07-13,신용카드,배송완료
3277,214,2026-04-22,신용카드,배송완료
3278,16,2026-07-31,간편결제,배송중
3279,477,2025-07-05,무통장입금,배송완료
3280,232,2026-05-25,간편결제,배송완료
3281,428,2025-02-11,휴대폰결제,환불
3282,445,2025-03-18,신용카드,배송완료
3283,988,2025-11-24,신용카드,배송완료
3284,641,2026-06-17,계좌이체,배송완료
3285,954,2025-05-06,신용카드,배송완료
3286,796,2025-10-05,신용카드,배송완료
3287,570,2026-06-22,신용카드,배송완료
3288,257,2025-02-14,계좌이체,배송완료
3289,208,2025-07-04,신용카드,배송완료
3290,1147,2026-02-16,신용카드,배송완료
3291,163,2025-05-30,간편결제,배송완료
3292,513,2025-08-08,무통장입금,배송완료
3293,458,2026-03-11,신용카드,배송완료
3294,667,2025-06-21,신용카드,환불
3295,739,2025-01-03,신용카드,배송완료
3296,218,2025-02-17,신용카드,배송완료
3297,823,2026-01-20,휴대폰결제,배송완료
3298,389,2025-10-20,무통장입금,배송완료
3299,886,2025-02-03,신용카드,배송완료
3300,448,2025-04-20,계좌이체,배송완료
3301,336,2025-06-19,간편결제,배송완료
3302,426,2025-06-21,신용카드,배송완료
3303,1147,2025-04-08,신용카드,배송준비
3304,356,2025-06-15,휴대폰결제,배송완료
3305,944,2025-01-14,신용카드,배송완료
3306,160,2025-04-22,신용카드,배송완료
3307,1094,2025-10-30,간편결제,취소
3308,669,2025-02-02,간편결제,배송완료
3309,22,2026-03-20,신용카드,배송완료
3310,166,2025-01-22,무통장입금,배송완료
3311,947,2026-07-21,신용카드,배송완료
3312,1194,2025-11-16,신용카드,배송완료
3313,883,2025-08-05,신용카드,배송완료
3314,906,2025-07-14,신용카드,배송완료
3315,515,2025-04-10,신용카드,환불
3316,883,2025-10-31,간편결제,배송완료
3317,90,2025-04-29,신용카드,배송완료
3318,438,2026-01-02,간편결제,취소
3319,702,2025-03-31,간편결제,배송완료
3320,415,2025-06-14,신용카드,배송완료
3321,921,2025-07-25,신용카드,배송완료
3322,589,2025-04-13,간편결제,배송완료
3323,247,2026-03-25,휴대폰결제,배송완료
3324,1076,2025-09-14,무통장입금,배송완료
3325,1136,2025-02-17,계좌이체,배송완료
3326,672,2026-03-29,무통장입금,배송완료
3327,357,2025-06-15,계좌이체,배송완료
3328,186,2025-05-04,휴대폰결제,취소
3329,78,2025-09-26,무통장입금,배송완료
3330,477,2025-11-01,간편결제,배송완료
3331,722,2025-06-04,신용카드,배송완료
3332,21,2025-07-18,신용카드,배송완료
3333,354,2025-06-01,간편결제,배송완료
3334,615,2025-11-15,휴대폰결제,배송중
3335,864,2025-03-19,신용카드,취소
3336,458,2026-01-14,간편결제,배송완료
3337,1086,2025-12-09,간편결제,배송완료
3338,868,2026-03-09,간편결제,배송완료
3339,666,2025-06-30,신용카드,배송완료
3340,953,2025-01-15,신용카드,배송완료
3341,609,2026-06-21,신용카드,배송완료
3342,338,2025-11-15,휴대폰결제,배송완료
3343,8,2025-12-27,신용카드,배송완료
3344,82,2025-08-30,휴대폰결제,배송완료
3345,1150,2025-12-28,신용카드,배송완료
3346,640,2025-05-23,신용카드,배송완료
3347,595,2026-04-12,계좌이체,배송완료
3348,1022,2025-06-26,간편결제,배송완료
3349,733,2026-04-11,신용카드,배송완료
3350,813,2025-07-06,간편결제,배송완료
3351,972,2025-02-18,신용카드,배송완료
3352,142,2025-07-17,휴대폰결제,배송완료
3353,1009,2025-08-19,간편결제,배송완료
3354,850,2025-06-20,신용카드,배송완료
3355,223,2026-03-25,신용카드,배송완료
3356,137,2026-02-10,간편결제,배송완료
3357,616,2026-06-12,신용카드,배송완료
3358,314,2026-03-16,신용카드,배송완료
3359,666,2026-07-04,신용카드,취소
3360,69,2025-05-14,휴대폰결제,배송완료
3361,411,2025-03-26,신용카드,배송완료
3362,670,2026-02-06,간편결제,배송완료
3363,754,2025-08-14,신용카드,배송완료
3364,399,2025-03-11,신용카드,배송완료
3365,605,2025-09-08,신용카드,배송완료
3366,628,2025-09-22,간편결제,배송완료
3367,550,2026-01-17,무통장입금,배송완료
3368,419,2026-07-14,신용카드,배송완료
3369,998,2025-09-16,신용카드,배송완료
3370,932,2025-01-12,신용카드,배송완료
3371,585,2025-11-29,계좌이체,환불
3372,1104,2025-12-12,휴대폰결제,취소
3373,832,2025-09-19,휴대폰결제,배송완료
3374,372,2026-04-24,신용카드,결제완료
3375,526,2025-01-20,신용카드,배송완료
3376,918,2025-09-09,간편결제,배송완료
3377,612,2026-03-02,간편결제,배송완료
3378,711,2025-01-18,신용카드,배송완료
3379,752,2026-07-25,신용카드,배송준비
3380,1166,2025-09-06,휴대폰결제,배송완료
3381,110,2025-12-05,계좌이체,취소
3382,724,2026-01-25,계좌이체,배송완료
3383,1056,2026-03-09,간편결제,배송완료
3384,611,2025-04-09,계좌이체,배송완료
3385,215,2025-01-22,신용카드,배송중
3386,887,2025-11-13,간편결제,배송완료
3387,504,2025-04-07,신용카드,환불
3388,37,2026-05-30,신용카드,취소
3389,519,2026-01-29,신용카드,배송완료
3390,772,2025-04-22,간편결제,배송완료
3391,292,2025-09-13,간편결제,환불
3392,1019,2025-05-06,신용카드,배송완료
3393,706,2026-07-20,계좌이체,배송중
3394,1073,2025-07-14,무통장입금,배송완료
3395,68,2025-11-17,신용카드,배송완료
3396,876,2025-11-23,무통장입금,배송완료
3397,227,2025-05-14,신용카드,배송완료
3398,485,2026-01-28,신용카드,배송완료
3399,645,2025-02-03,간편결제,배송완료
3400,848,2026-01-10,신용카드,배송완료
3401,1183,2026-04-24,신용카드,배송완료
3402,52,2026-07-13,신용카드,결제완료
3403,608,2025-12-14,휴대폰결제,배송완료
3404,1003,2026-03-01,간편결제,취소
3405,1113,2025-09-09,간편결제,배송완료
3406,415,2025-07-19,간편결제,취소
3407,404,2025-11-01,간편결제,배송완료
3408,878,2026-05-05,신용카드,배송완료
3409,282,2026-05-04,간편결제,배송완료
3410,580,2025-02-03,신용카드,취소
3411,242,2025-12-25,휴대폰결제,배송완료
3412,129,2025-10-19,신용카드,배송완료
3413,966,2026-05-20,신용카드,배송완료
3414,500,2025-07-20,무통장입금,배송중
3415,61,2025-12-08,신용카드,배송완료
3416,921,2025-11-07,간편결제,배송완료
3417,856,2025-07-16,신용카드,취소
3418,1028,2025-07-13,간편결제,배송완료
3419,668,2026-02-25,간편결제,배송완료
3420,572,2025-03-21,간편결제,환불
3421,378,2025-11-26,신용카드,배송완료
3422,267,2025-04-06,신용카드,배송완료
3423,590,2025-08-05,휴대폰결제,배송완료
3424,500,2025-10-11,신용카드,취소
3425,8,2025-04-23,간편결제,배송완료
3426,452,2025-01-06,계좌이체,배송완료
3427,917,2025-05-19,계좌이체,배송완료
3428,1001,2026-07-30,간편결제,결제완료
3429,391,2025-06-18,계좌이체,배송완료
3430,769,2026-05-30,간편결제,배송완료
3431,19,2025-09-14,신용카드,배송완료
3432,614,2026-07-12,간편결제,결제완료
3433,88,2025-08-16,간편결제,배송완료
3434,977,2025-08-17,신용카드,배송완료
3435,106,2025-02-23,계좌이체,배송완료
3436,1062,2025-09-28,신용카드,환불
3437,122,2025-01-03,신용카드,배송중
3438,448,2025-02-15,신용카드,배송완료
3439,1098,2025-11-16,간편결제,배송완료
3440,1070,2025-01-27,무통장입금,배송완료
3441,67,2026-04-02,신용카드,환불
3442,986,2025-06-09,신용카드,배송완료
3443,179,2026-03-16,신용카드,배송완료
3444,934,2026-03-21,휴대폰결제,취소
3445,324,2025-02-21,신용카드,배송완료
3446,639,2026-07-14,신용카드,결제완료
3447,1105,2025-09-24,신용카드,배송완료
3448,290,2026-04-30,신용카드,배송완료
3449,197,2025-03-15,간편결제,취소
3450,1193,2025-08-28,계좌이체,환불
3451,232,2025-08-19,신용카드,배송완료
3452,1183,2025-05-01,간편결제,배송완료
3453,253,2025-10-05,간편결제,배송완료
3454,980,2026-01-15,간편결제,배송중
3455,605,2025-09-17,신용카드,환불
3456,479,2025-03-13,신용카드,배송완료
3457,562,2025-03-26,간편결제,배송완료
3458,221,2026-07-10,간편결제,배송완료
3459,488,2026-02-28,계좌이체,배송완료
3460,285,2025-01-31,간편결제,배송완료
3461,988,2026-07-13,휴대폰결제,배송완료
3462,1017,2026-05-25,계좌이체,환불
3463,521,2025-11-27,간편결제,배송완료
3464,118,2025-01-26,신용카드,환불
3465,812,2026-03-07,무통장입금,배송완료
3466,1175,2026-03-08,간편결제,배송완료
3467,109,2025-05-23,휴대폰결제,배송완료
3468,376,2026-03-25,간편결제,취소
3469,928,2025-10-18,신용카드,배송완료
3470,160,2025-09-06,휴대폰결제,배송준비
3471,756,2026-01-01,무통장입금,취소
3472,186,2026-03-07,신용카드,배송완료
3473,566,2026-06-20,신용카드,배송완료
3474,591,2025-11-20,신용카드,배송완료
3475,26,2025-03-01,계좌이체,배송완료
3476,1067,2025-07-05,휴대폰결제,결제완료
3477,1135,2026-01-14,무통장입금,배송완료
3478,18,2026-05-09,신용카드,배송중
3479,316,2025-12-29,신용카드,배송완료
3480,504,2025-08-17,신용카드,배송완료
3481,386,2025-01-24,간편결제,배송완료
3482,119,2026-06-28,신용카드,배송완료
3483,487,2026-06-13,간편결제,배송완료
3484,354,2026-01-24,계좌이체,배송완료
3485,1012,2025-10-07,신용카드,취소
3486,1084,2026-04-23,신용카드,배송완료
3487,387,2025-10-04,무통장입금,배송완료
3488,758,2025-11-20,무통장입금,취소
3489,16,2025-10-17,계좌이체,배송완료
3490,1182,2026-06-14,신용카드,배송완료
3491,374,2025-01-02,간편결제,배송완료
3492,645,2025-04-09,신용카드,배송완료
3493,1025,2026-04-19,간편결제,배송완료
3494,993,2025-08-21,신용카드,배송완료
3495,941,2025-08-13,신용카드,배송완료
3496,428,2025-07-23,간편결제,배송완료
3497,989,2026-05-28,계좌이체,배송완료
3498,1035,2025-09-26,신용카드,배송완료
3499,804,2026-01-09,간편결제,배송완료
3500,723,2025-09-04,신용카드,배송완료
3501,416,2025-11-23,신용카드,배송완료
3502,650,2025-09-29,간편결제,배송완료
3503,777,2025-12-10,계좌이체,배송완료
3504,173,2025-01-23,간편결제,배송완료
3505,82,2026-06-08,신용카드,배송완료
3506,1012,2025-11-02,신용카드,배송완료
3507,502,2025-10-31,신용카드,배송완료
3508,932,2025-06-20,신용카드,배송완료
3509,1105,2025-07-31,휴대폰결제,배송완료
3510,189,2025-08-26,휴대폰결제,배송완료
3511,339,2025-02-24,신용카드,배송완료
3512,32,2025-10-28,간편결제,배송완료
3513,198,2025-02-22,신용카드,배송완료
3514,108,2026-07-17,휴대폰결제,배송중
3515,601,2025-04-08,계좌이체,배송완료
3516,378,2026-04-11,간편결제,배송완료
3517,242,2025-08-09,신용카드,배송완료
3518,759,2026-05-18,신용카드,배송완료
3519,530,2025-11-11,간편결제,배송완료
3520,988,2026-07-07,신용카드,취소
3521,627,2026-05-12,휴대폰결제,배송완료
3522,712,2025-11-27,신용카드,배송완료
3523,138,2025-07-04,계좌이체,배송완료
3524,1123,2025-08-14,신용카드,배송완료
3525,118,2025-04-11,신용카드,배송완료
3526,905,2025-05-22,신용카드,배송완료
3527,308,2025-03-02,휴대폰결제,취소
3528,716,2026-03-30,계좌이체,환불
3529,1131,2025-02-15,신용카드,배송완료
3530,803,2025-02-02,신용카드,배송완료
3531,163,2025-01-16,신용카드,배송완료
3532,456,2025-01-23,휴대폰결제,배송완료
3533,926,2025-01-14,계좌이체,배송완료
3534,463,2025-03-16,간편결제,배송완료
3535,737,2025-12-28,신용카드,배송중
3536,61,2026-03-05,휴대폰결제,취소
3537,1102,2025-01-12,간편결제,배송완료
3538,809,2025-12-14,신용카드,배송완료
3539,130,2025-04-23,간편결제,배송완료
3540,177,2026-07-02,신용카드,배송완료
3541,298,2025-09-04,신용카드,배송완료
3542,546,2025-09-06,간편결제,배송완료
3543,781,2026-04-27,신용카드,취소
3544,405,2025-10-21,계좌이체,배송완료
3545,1025,2025-12-22,신용카드,배송완료
3546,159,2026-03-26,간편결제,배송완료
3547,681,2025-05-26,신용카드,배송완료
3548,1107,2025-10-25,신용카드,취소
3549,222,2025-06-08,신용카드,배송완료
3550,393,2025-10-21,신용카드,취소
3551,944,2026-07-15,신용카드,배송중
3552,345,2025-05-29,신용카드,배송완료
3553,284,2025-01-23,간편결제,배송완료
3554,1146,2025-02-17,휴대폰결제,배송완료
3555,1193,2025-11-19,간편결제,배송완료
3556,1104,2025-02-09,신용카드,배송완료
3557,411,2025-02-12,계좌이체,배송완료
3558,376,2025-03-27,계좌이체,배송완료
3559,499,2025-04-15,신용카드,배송완료
3560,142,2025-05-04,신용카드,배송완료
3561,1145,2025-11-10,무통장입금,배송완료
3562,1174,2025-10-13,계좌이체,배송완료
3563,578,2026-02-13,간편결제,배송완료
3564,553,2026-02-18,계좌이체,배송완료
3565,416,2026-01-01,신용카드,배송완료
3566,748,2025-05-12,신용카드,배송완료
3567,119,2025-12-16,무통장입금,배송완료
3568,49,2025-10-04,신용카드,취소
3569,926,2025-10-04,간편결제,배송완료
3570,218,2025-09-12,신용카드,배송완료
3571,84,2026-06-04,신용카드,배송완료
3572,215,2025-07-25,간편결제,배송완료
3573,1197,2026-05-28,계좌이체,배송완료
3574,900,2025-12-27,신용카드,취소
3575,181,2026-05-05,신용카드,배송완료
3576,163,2025-11-08,간편결제,배송중
3577,157,2026-01-28,간편결제,배송완료
3578,1098,2025-07-16,계좌이체,배송완료
3579,139,2026-04-07,간편결제,취소
3580,437,2025-11-26,신용카드,배송완료
3581,1194,2025-01-07,신용카드,배송완료
3582,473,2025-07-12,신용카드,배송완료
3583,133,2025-12-23,간편결제,배송완료
3584,582,2026-04-20,신용카드,배송완료
3585,655,2025-12-25,간편결제,배송완료
3586,745,2026-07-03,계좌이체,배송완료
3587,741,2026-04-02,휴대폰결제,배송완료
3588,982,2026-05-05,휴대폰결제,배송완료
3589,305,2025-03-12,간편결제,배송완료
3590,484,2025-06-19,신용카드,배송완료
3591,1102,2026-02-10,신용카드,배송완료
3592,597,2026-02-20,간편결제,배송완료
3593,17,2025-06-30,간편결제,취소
3594,1188,2025-04-07,간편결제,배송완료
3595,80,2025-09-15,신용카드,배송완료
3596,1106,2025-03-18,간편결제,배송완료
3597,748,2025-05-25,무통장입금,배송완료
3598,712,2025-10-16,무통장입금,배송완료
3599,260,2026-03-13,신용카드,배송완료
3600,951,2025-09-14,간편결제,취소
3601,476,2026-07-13,신용카드,배송완료
3602,364,2025-12-02,간편결제,배송완료
3603,495,2026-04-24,간편결제,배송완료
3604,176,2025-04-09,신용카드,취소
3605,650,2026-04-11,신용카드,배송완료
3606,1049,2025-04-15,신용카드,배송중
3607,1018,2025-11-05,신용카드,배송완료
3608,1094,2026-05-01,휴대폰결제,배송완료
3609,39,2026-07-13,신용카드,배송완료
3610,699,2026-01-13,간편결제,배송완료
3611,769,2026-04-13,신용카드,배송완료
3612,1109,2026-05-23,신용카드,배송완료
3613,872,2026-07-17,신용카드,배송완료
3614,36,2026-07-01,간편결제,배송완료
3615,492,2025-06-27,간편결제,배송완료
3616,1092,2025-11-29,신용카드,배송완료
3617,839,2025-06-18,계좌이체,배송완료
3618,8,2025-04-30,신용카드,배송완료
3619,798,2025-12-19,신용카드,취소
3620,423,2026-07-24,휴대폰결제,취소
3621,308,2025-07-31,신용카드,환불
3622,948,2025-02-13,계좌이체,환불
3623,658,2025-02-23,신용카드,취소
3624,191,2025-08-24,신용카드,배송완료
3625,255,2025-03-25,신용카드,취소
3626,957,2025-08-31,간편결제,배송완료
3627,682,2025-04-07,휴대폰결제,배송완료
3628,1186,2025-12-23,신용카드,배송완료
3629,415,2025-09-19,휴대폰결제,배송완료
3630,1165,2025-12-15,간편결제,배송완료
3631,1011,2025-11-02,계좌이체,배송완료
3632,1015,2025-12-03,신용카드,배송완료
3633,983,2026-03-25,간편결제,배송완료
3634,227,2025-11-04,간편결제,배송완료
3635,111,2025-12-27,신용카드,배송완료
3636,816,2025-07-11,계좌이체,환불
3637,30,2026-03-28,신용카드,배송완료
3638,297,2025-08-10,신용카드,배송완료
3639,749,2025-01-12,신용카드,배송완료
3640,509,2026-06-06,간편결제,배송완료
3641,358,2025-03-13,계좌이체,배송완료
3642,327,2025-07-28,신용카드,배송완료
3643,968,2026-04-27,신용카드,환불
3644,806,2026-02-07,신용카드,배송완료
3645,264,2025-09-15,신용카드,환불
3646,1106,2025-01-29,신용카드,취소
3647,243,2025-05-23,신용카드,배송완료
3648,933,2025-05-18,신용카드,배송완료
3649,37,2026-07-30,무통장입금,배송완료
3650,813,2026-05-27,신용카드,배송완료
3651,608,2025-04-25,신용카드,배송완료
3652,689,2026-07-04,신용카드,배송완료
3653,190,2025-08-28,간편결제,배송완료
3654,964,2026-03-28,신용카드,배송완료
3655,229,2025-07-05,계좌이체,배송완료
3656,316,2025-06-30,신용카드,배송완료
3657,36,2026-03-02,휴대폰결제,환불
3658,633,2026-02-22,신용카드,배송완료
3659,920,2025-04-16,간편결제,배송완료
3660,258,2025-12-28,신용카드,배송완료
3661,957,2025-04-29,계좌이체,배송완료
3662,1073,2025-11-01,간편결제,배송완료
3663,417,2025-07-23,신용카드,배송완료
3664,1027,2026-04-18,간편결제,배송완료
3665,428,2026-06-11,신용카드,배송완료
3666,584,2025-05-30,신용카드,배송완료
3667,632,2026-05-26,계좌이체,환불
3668,408,2025-03-03,신용카드,배송완료
3669,573,2025-12-13,계좌이체,배송완료
3670,760,2025-05-17,간편결제,배송완료
3671,1044,2025-11-18,계좌이체,배송완료
3672,752,2025-03-26,무통장입금,배송완료
3673,490,2025-08-26,신용카드,배송완료
3674,456,2025-01-07,무통장입금,환불
3675,451,2025-11-04,간편결제,배송완료
3676,1034,2025-12-30,신용카드,배송완료
3677,718,2026-03-20,신용카드,배송완료
3678,32,2025-02-05,신용카드,배송완료
3679,1124,2025-11-13,신용카드,배송완료
3680,1039,2026-03-18,신용카드,배송완료
3681,803,2025-07-21,계좌이체,배송완료
3682,936,2026-05-27,간편결제,환불
3683,456,2025-07-06,간편결제,환불
3684,388,2026-05-08,신용카드,결제완료
3685,729,2025-02-04,신용카드,배송완료
3686,297,2025-10-15,계좌이체,배송완료
3687,58,2026-02-06,무통장입금,배송완료
3688,936,2025-11-26,계좌이체,배송완료
3689,285,2025-01-09,휴대폰결제,배송완료
3690,919,2025-05-27,간편결제,취소
3691,689,2025-12-09,신용카드,취소
3692,313,2025-12-28,신용카드,배송완료
3693,1121,2025-12-04,신용카드,배송완료
3694,906,2025-09-21,신용카드,배송완료
3695,887,2025-10-04,간편결제,배송완료
3696,132,2025-11-15,신용카드,환불
3697,1070,2025-04-23,간편결제,배송완료
3698,172,2026-03-17,계좌이체,환불
3699,418,2026-04-25,간편결제,취소
3700,283,2025-05-19,휴대폰결제,배송완료
3701,1063,2025-07-27,간편결제,취소
3702,886,2026-03-17,휴대폰결제,배송완료
3703,653,2025-11-15,신용카드,배송완료
3704,85,2025-04-26,신용카드,배송완료
3705,1167,2025-11-22,신용카드,환불
3706,149,2026-07-25,휴대폰결제,결제완료
3707,251,2026-04-13,간편결제,배송완료
3708,341,2025-03-31,휴대폰결제,배송완료
3709,554,2026-04-28,계좌이체,취소
3710,257,2025-09-01,계좌이체,배송완료
3711,1029,2025-08-29,신용카드,배송완료
3712,240,2026-03-05,신용카드,배송완료
3713,1074,2026-04-03,신용카드,취소
3714,808,2026-02-25,휴대폰결제,배송완료
3715,187,2026-05-30,신용카드,배송완료
3716,982,2026-02-15,신용카드,배송완료
3717,129,2025-07-23,계좌이체,배송완료
3718,586,2026-04-22,간편결제,배송완료
3719,1173,2026-07-16,신용카드,배송중
3720,387,2026-04-15,신용카드,배송완료
3721,454,2025-12-22,신용카드,배송완료
3722,223,2025-09-02,신용카드,배송완료
3723,221,2025-11-22,신용카드,배송완료
3724,951,2026-05-22,간편결제,배송완료
3725,829,2025-09-03,간편결제,배송완료
3726,20,2026-03-31,간편결제,배송완료
3727,914,2026-01-30,계좌이체,배송완료
3728,728,2025-09-17,신용카드,배송완료
3729,1166,2025-03-07,계좌이체,배송준비
3730,26,2025-01-19,간편결제,배송완료
3731,90,2025-07-11,간편결제,배송완료
3732,93,2025-05-29,무통장입금,취소
3733,85,2025-07-25,휴대폰결제,배송완료
3734,67,2025-03-15,간편결제,배송완료
3735,251,2025-12-15,계좌이체,배송완료
3736,754,2026-03-20,간편결제,배송완료
3737,726,2025-03-12,간편결제,배송완료
3738,699,2025-08-25,간편결제,취소
3739,278,2025-05-12,신용카드,환불
3740,807,2025-11-18,신용카드,배송완료
3741,66,2026-02-27,간편결제,배송완료
3742,999,2026-04-21,계좌이체,배송완료
3743,131,2026-07-27,신용카드,취소
3744,586,2025-03-24,신용카드,배송완료
3745,587,2026-06-25,계좌이체,배송완료
3746,194,2026-05-01,무통장입금,배송완료
3747,308,2026-03-10,무통장입금,배송완료
3748,515,2026-05-16,신용카드,배송완료
3749,1042,2026-07-20,신용카드,배송완료
3750,221,2026-01-21,신용카드,배송완료
3751,722,2026-05-12,신용카드,배송완료
3752,1131,2025-06-10,휴대폰결제,배송완료
3753,291,2025-03-08,간편결제,배송완료
3754,1030,2025-11-09,계좌이체,배송완료
3755,887,2025-07-31,휴대폰결제,배송완료
3756,16,2025-11-24,계좌이체,배송완료
3757,5,2025-04-02,간편결제,배송완료
3758,95,2025-12-27,신용카드,취소
3759,1118,2026-03-01,간편결제,배송완료
3760,703,2026-03-06,신용카드,배송완료
3761,700,2026-03-28,무통장입금,배송완료
3762,292,2025-04-05,신용카드,배송완료
3763,12,2025-10-22,휴대폰결제,배송완료
3764,623,2026-06-23,신용카드,배송완료
3765,702,2025-07-03,계좌이체,배송완료
3766,370,2025-08-20,계좌이체,배송완료
3767,469,2025-04-06,신용카드,배송완료
3768,1129,2025-04-24,계좌이체,배송완료
3769,585,2025-03-02,간편결제,배송완료
3770,855,2026-03-21,신용카드,환불
3771,808,2025-08-05,무통장입금,배송완료
3772,380,2026-07-31,간편결제,배송중
3773,1169,2026-03-14,신용카드,배송완료
3774,1056,2025-03-29,신용카드,배송완료
3775,405,2025-10-10,신용카드,배송완료
3776,968,2025-02-01,계좌이체,배송완료
3777,95,2025-04-29,간편결제,취소
3778,796,2025-04-29,신용카드,배송완료
3779,1174,2025-02-19,간편결제,배송완료
3780,338,2025-02-02,신용카드,배송완료
3781,1135,2025-10-16,간편결제,배송완료
3782,167,2025-06-28,간편결제,배송완료
3783,928,2025-06-05,신용카드,배송중
3784,756,2025-05-21,신용카드,배송완료
3785,347,2025-07-04,신용카드,배송완료
3786,185,2025-07-04,신용카드,배송완료
3787,671,2026-03-21,신용카드,취소
3788,806,2026-03-03,신용카드,배송완료
3789,246,2025-03-21,계좌이체,배송완료
3790,552,2025-06-09,신용카드,배송완료
3791,886,2025-07-16,간편결제,배송완료
3792,357,2025-12-18,신용카드,배송완료
3793,120,2026-04-14,신용카드,배송완료
3794,651,2025-04-08,간편결제,배송완료
3795,349,2025-06-27,간편결제,배송완료
3796,233,2025-10-30,간편결제,취소
3797,55,2026-01-10,신용카드,배송완료
3798,1136,2025-09-27,신용카드,취소
3799,1167,2025-11-21,신용카드,배송완료
3800,206,2025-11-05,신용카드,배송준비
3801,733,2025-09-30,간편결제,배송완료
3802,278,2026-02-10,신용카드,배송완료
3803,1072,2025-11-22,간편결제,배송완료
3804,261,2025-04-23,신용카드,배송완료
3805,212,2025-11-22,신용카드,배송완료
3806,688,2025-12-12,간편결제,배송완료
3807,612,2025-03-16,신용카드,배송완료
3808,19,2025-07-20,신용카드,배송완료
3809,747,2025-01-30,간편결제,취소
3810,937,2026-06-17,신용카드,배송완료
3811,309,2026-06-21,계좌이체,배송완료
3812,941,2025-08-15,신용카드,배송준비
3813,1183,2025-10-14,계좌이체,배송완료
3814,659,2025-11-21,계좌이체,배송완료
3815,504,2026-06-29,휴대폰결제,배송완료
3816,372,2026-06-27,간편결제,배송완료
3817,528,2026-04-25,신용카드,환불
3818,832,2026-06-02,신용카드,배송완료
3819,365,2025-08-18,휴대폰결제,배송완료
3820,777,2025-12-04,신용카드,환불
3821,1016,2025-11-05,신용카드,배송완료
3822,572,2025-11-22,계좌이체,배송완료
3823,582,2025-10-24,휴대폰결제,배송완료
3824,143,2025-11-02,간편결제,배송완료
3825,704,2025-03-20,신용카드,배송완료
3826,1021,2026-06-01,신용카드,배송완료
3827,167,2025-08-20,신용카드,배송완료
3828,724,2025-12-18,간편결제,배송완료
3829,975,2026-05-06,신용카드,배송완료
3830,605,2025-05-16,휴대폰결제,배송완료
3831,686,2025-04-23,간편결제,배송완료
3832,620,2026-04-13,신용카드,배송완료
3833,818,2025-07-20,신용카드,배송완료
3834,989,2026-03-09,간편결제,배송완료
3835,191,2026-04-07,신용카드,취소
3836,134,2026-07-05,간편결제,배송완료
3837,588,2025-05-15,신용카드,배송완료
3838,24,2026-04-08,신용카드,배송완료
3839,513,2026-04-22,간편결제,배송완료
3840,90,2025-12-08,간편결제,환불
3841,1119,2026-03-26,신용카드,배송완료
3842,1121,2026-04-28,신용카드,배송완료
3843,151,2025-08-04,신용카드,배송완료
3844,790,2025-04-04,신용카드,배송완료
3845,319,2025-01-06,신용카드,배송완료
3846,1133,2026-04-09,간편결제,배송완료
3847,876,2025-07-21,무통장입금,배송완료
3848,1087,2025-03-07,휴대폰결제,배송완료
3849,471,2025-12-22,계좌이체,배송완료
3850,551,2025-01-29,간편결제,배송완료
3851,941,2025-10-12,무통장입금,배송완료
3852,1048,2026-06-12,간편결제,배송완료
3853,967,2025-08-25,신용카드,배송완료
3854,1014,2025-03-28,신용카드,배송중
3855,485,2025-08-18,간편결제,배송완료
3856,449,2025-12-25,신용카드,배송완료
3857,542,2025-11-25,계좌이체,배송완료
3858,416,2025-01-07,신용카드,환불
3859,870,2026-06-09,신용카드,환불
3860,807,2025-12-24,간편결제,환불
3861,287,2025-04-12,신용카드,배송완료
3862,188,2025-03-13,신용카드,배송완료
3863,989,2025-12-13,간편결제,배송완료
3864,126,2026-07-29,계좌이체,결제완료
3865,1135,2025-10-04,계좌이체,배송완료
3866,1003,2025-05-11,계좌이체,취소
3867,530,2025-12-24,간편결제,배송완료
3868,639,2025-12-27,간편결제,배송완료
3869,582,2025-01-28,신용카드,배송완료
3870,724,2025-04-18,신용카드,환불
3871,997,2025-12-28,신용카드,배송완료
3872,663,2026-01-05,계좌이체,배송완료
3873,578,2025-11-15,계좌이체,배송완료
3874,361,2025-03-28,간편결제,배송완료
3875,191,2025-01-12,신용카드,배송완료
3876,583,2026-07-29,신용카드,배송중
3877,631,2026-05-22,무통장입금,배송완료
3878,570,2026-02-18,간편결제,환불
3879,1179,2025-01-29,신용카드,배송완료
3880,984,2025-10-12,간편결제,환불
3881,906,2025-11-15,신용카드,배송완료
3882,992,2025-04-27,간편결제,취소
3883,24,2025-12-19,간편결제,배송완료
3884,1178,2025-06-03,계좌이체,배송완료
3885,1056,2025-02-13,휴대폰결제,배송완료
3886,529,2025-01-14,계좌이체,배송완료
3887,353,2025-12-31,계좌이체,배송완료
3888,739,2025-02-02,계좌이체,배송완료
3889,750,2026-07-11,신용카드,배송완료
3890,217,2025-11-16,신용카드,배송완료
3891,599,2026-05-05,휴대폰결제,배송완료
3892,1076,2025-11-10,휴대폰결제,배송완료
3893,280,2026-06-21,휴대폰결제,배송완료
3894,706,2026-01-01,간편결제,배송완료
3895,1167,2026-01-25,신용카드,배송완료
3896,579,2025-12-06,휴대폰결제,환불
3897,303,2025-08-14,신용카드,배송준비
3898,343,2025-07-21,신용카드,배송완료
3899,369,2025-02-04,신용카드,배송완료
3900,928,2025-05-21,간편결제,배송완료
3901,706,2026-05-19,간편결제,배송완료
3902,525,2025-12-21,간편결제,배송완료
3903,115,2025-10-18,신용카드,배송완료
3904,867,2025-01-26,계좌이체,환불
3905,378,2025-02-01,신용카드,배송완료
3906,361,2025-01-13,신용카드,취소
3907,922,2025-01-08,휴대폰결제,배송완료
3908,391,2025-01-06,계좌이체,배송중
3909,1042,2025-03-11,신용카드,결제완료
3910,335,2025-06-22,신용카드,배송완료
3911,510,2025-05-07,신용카드,취소
3912,448,2025-12-17,계좌이체,배송완료
3913,88,2025-09-24,신용카드,배송완료
3914,268,2026-04-08,간편결제,환불
3915,376,2026-03-17,간편결제,배송완료
3916,1052,2026-04-10,계좌이체,환불
3917,74,2025-07-19,신용카드,배송완료
3918,1167,2026-07-02,신용카드,배송완료
3919,162,2025-12-16,간편결제,배송완료
3920,489,2025-12-05,신용카드,배송완료
3921,44,2026-05-28,신용카드,배송완료
3922,1118,2025-12-02,계좌이체,취소
3923,879,2025-06-28,휴대폰결제,배송완료
3924,1119,2026-04-07,무통장입금,배송완료
3925,1029,2025-08-21,신용카드,배송완료
3926,790,2025-08-07,간편결제,배송완료
3927,622,2026-06-18,간편결제,배송완료
3928,1000,2025-07-03,신용카드,배송완료
3929,216,2025-06-17,신용카드,배송완료
3930,198,2026-04-22,신용카드,배송완료
3931,599,2025-12-29,신용카드,배송완료
3932,1145,2026-01-22,무통장입금,배송완료
3933,164,2025-09-07,계좌이체,배송완료
3934,434,2026-02-13,신용카드,배송완료
3935,929,2025-12-02,휴대폰결제,배송완료
3936,820,2025-08-30,신용카드,취소
3937,599,2025-09-06,신용카드,배송완료
3938,531,2025-04-02,신용카드,배송완료
3939,385,2025-03-16,간편결제,배송완료
3940,738,2025-08-26,신용카드,취소
3941,429,2026-01-07,신용카드,배송완료
3942,301,2025-07-21,휴대폰결제,배송완료
3943,198,2026-02-13,신용카드,환불
3944,109,2025-04-06,신용카드,배송완료
3945,963,2026-03-08,계좌이체,환불
3946,192,2026-04-01,신용카드,배송완료
3947,630,2025-02-17,계좌이체,배송완료
3948,296,2026-05-08,간편결제,배송완료
3949,19,2025-02-14,휴대폰결제,배송완료
3950,997,2025-05-10,휴대폰결제,결제완료
3951,515,2025-02-10,신용카드,배송완료
3952,504,2025-05-07,휴대폰결제,배송완료
3953,499,2026-07-09,신용카드,배송완료
3954,1058,2025-07-29,신용카드,배송완료
3955,305,2025-06-18,신용카드,환불
3956,905,2025-02-11,휴대폰결제,배송완료
3957,798,2025-04-24,간편결제,배송완료
3958,625,2026-02-10,간편결제,배송완료
3959,228,2025-11-03,간편결제,배송완료
3960,1135,2026-02-05,간편결제,배송완료
3961,159,2025-11-13,계좌이체,배송완료
3962,265,2025-08-13,간편결제,배송완료
3963,541,2026-07-02,휴대폰결제,배송완료
3964,123,2025-06-05,무통장입금,배송완료
3965,733,2025-09-15,휴대폰결제,배송완료
3966,370,2025-06-05,무통장입금,배송완료
3967,1193,2025-03-25,휴대폰결제,취소
3968,135,2025-10-30,간편결제,배송완료
3969,829,2026-04-19,간편결제,배송완료
3970,672,2026-01-02,신용카드,배송완료
3971,639,2026-07-26,신용카드,결제완료
3972,510,2025-06-09,간편결제,배송완료
3973,952,2025-05-02,간편결제,배송완료
3974,343,2025-08-03,간편결제,배송완료
3975,892,2026-04-14,신용카드,배송완료
3976,754,2025-01-07,신용카드,배송완료
3977,885,2026-03-23,신용카드,배송완료
3978,158,2025-09-18,휴대폰결제,배송완료
3979,772,2025-02-14,신용카드,배송완료
3980,942,2025-12-11,계좌이체,배송완료
3981,660,2026-01-17,간편결제,배송완료
3982,286,2026-06-08,신용카드,배송완료
3983,820,2025-11-18,신용카드,배송완료
3984,1160,2025-11-02,계좌이체,환불
3985,1125,2025-08-08,신용카드,배송준비
3986,477,2025-01-20,신용카드,환불
3987,1196,2025-07-28,휴대폰결제,배송완료
3988,229,2026-03-14,간편결제,배송완료
3989,91,2026-01-16,신용카드,배송완료
3990,1104,2025-04-01,신용카드,배송완료
3991,752,2026-01-20,계좌이체,배송완료
3992,266,2025-04-30,간편결제,배송완료
3993,191,2025-03-28,간편결제,배송완료
3994,1138,2025-06-17,신용카드,배송완료
3995,8,2025-04-17,신용카드,배송완료
3996,205,2025-04-09,신용카드,배송완료
3997,192,2025-01-20,신용카드,배송완료
3998,662,2025-06-04,휴대폰결제,배송완료
3999,184,2026-06-15,계좌이체,결제완료
4000,974,2025-11-27,신용카드,배송중
4001,1159,2026-07-16,신용카드,배송완료
4002,1119,2025-03-19,신용카드,배송완료
4003,627,2025-12-24,간편결제,배송준비
4004,250,2025-10-06,신용카드,배송완료
4005,1017,2025-10-13,신용카드,배송완료
4006,1156,2026-01-25,신용카드,배송완료
4007,1077,2025-12-16,간편결제,배송완료
4008,40,2026-01-09,무통장입금,배송완료
4009,422,2026-05-18,신용카드,배송완료
4010,951,2025-08-28,간편결제,배송완료
4011,294,2026-01-12,간편결제,배송완료
4012,299,2025-02-06,신용카드,배송완료
4013,779,2025-12-05,무통장입금,배송완료
4014,1102,2025-05-16,휴대폰결제,배송완료
4015,570,2025-03-03,신용카드,취소
4016,884,2026-01-01,신용카드,배송완료
4017,1129,2025-04-20,신용카드,환불
4018,271,2026-01-09,계좌이체,배송완료
4019,757,2025-10-22,간편결제,배송중
4020,256,2025-05-30,신용카드,배송완료
4021,398,2025-04-22,신용카드,배송완료
4022,1090,2025-07-01,신용카드,배송완료
4023,611,2025-08-05,신용카드,배송완료
4024,73,2026-05-16,신용카드,환불
4025,931,2025-05-16,간편결제,배송완료
4026,365,2025-05-19,간편결제,배송완료
4027,434,2026-03-11,간편결제,배송완료
4028,358,2025-03-19,계좌이체,취소
4029,951,2025-02-17,신용카드,배송완료
4030,1018,2025-05-08,휴대폰결제,배송준비
4031,920,2025-11-06,간편결제,배송완료
4032,213,2025-07-28,간편결제,배송완료
4033,975,2026-04-02,계좌이체,환불
4034,367,2025-01-03,신용카드,배송완료
4035,138,2025-11-08,휴대폰결제,배송완료
4036,786,2025-12-28,신용카드,배송완료
4037,487,2026-04-10,계좌이체,배송완료
4038,723,2025-09-05,신용카드,배송완료
4039,289,2025-01-05,신용카드,배송완료
4040,1176,2025-11-10,간편결제,배송완료
4041,949,2025-08-14,신용카드,배송완료
4042,215,2026-05-15,신용카드,배송완료
4043,12,2025-12-28,신용카드,배송완료
4044,622,2026-04-15,휴대폰결제,배송완료
4045,598,2026-06-01,간편결제,배송완료
4046,480,2025-12-27,신용카드,결제완료
4047,438,2025-12-14,신용카드,배송완료
4048,908,2025-07-23,계좌이체,배송완료
4049,323,2026-05-19,간편결제,배송완료
4050,206,2025-12-31,신용카드,배송완료
4051,164,2025-01-01,무통장입금,배송완료
4052,699,2026-03-14,간편결제,취소
4053,144,2025-12-08,신용카드,배송완료
4054,1007,2025-10-08,간편결제,배송완료
4055,590,2026-07-14,무통장입금,배송중
4056,1131,2025-12-09,신용카드,배송완료
4057,463,2026-04-01,간편결제,배송완료
4058,662,2025-01-30,휴대폰결제,배송완료
4059,1111,2025-01-22,신용카드,배송완료
4060,817,2025-02-26,간편결제,배송완료
4061,217,2026-04-20,간편결제,취소
4062,505,2026-06-27,신용카드,배송완료
4063,456,2026-05-03,신용카드,배송완료
4064,637,2025-10-20,간편결제,배송완료
4065,199,2025-08-06,간편결제,배송완료
4066,711,2026-01-17,간편결제,취소
4067,22,2025-09-06,신용카드,배송완료
4068,895,2025-03-01,무통장입금,배송완료
4069,242,2026-03-28,계좌이체,배송완료
4070,2,2025-10-21,신용카드,배송완료
4071,600,2025-07-03,신용카드,취소
4072,845,2026-02-13,무통장입금,배송완료
4073,488,2025-07-05,계좌이체,배송완료
4074,361,2025-03-28,간편결제,배송완료
4075,378,2025-02-10,신용카드,배송완료
4076,109,2026-02-01,간편결제,배송완료
4077,246,2025-02-16,휴대폰결제,배송완료
4078,1017,2025-08-01,휴대폰결제,배송완료
4079,1173,2025-12-02,계좌이체,배송완료
4080,268,2025-08-23,신용카드,배송완료
4081,591,2025-11-20,계좌이체,배송완료
4082,947,2025-06-20,계좌이체,배송완료
4083,815,2025-08-25,간편결제,배송완료
4084,54,2025-07-30,신용카드,배송완료
4085,289,2026-05-03,휴대폰결제,배송완료
4086,786,2025-04-27,휴대폰결제,배송완료
4087,1042,2025-10-27,계좌이체,배송완료
4088,339,2026-07-06,신용카드,배송완료
4089,1124,2025-12-03,간편결제,배송완료
4090,931,2025-03-19,신용카드,배송완료
4091,456,2025-05-29,신용카드,배송완료
4092,760,2025-12-18,신용카드,배송완료
4093,943,2025-11-12,신용카드,배송완료
4094,360,2025-12-20,신용카드,배송완료
4095,1182,2025-12-09,신용카드,배송완료
4096,648,2026-07-25,신용카드,결제완료
4097,397,2025-10-20,신용카드,배송완료
4098,1023,2026-02-03,신용카드,배송완료
4099,854,2026-07-19,계좌이체,배송중
4100,1056,2025-04-21,계좌이체,배송완료
4101,55,2025-12-26,간편결제,배송완료
4102,103,2025-08-18,신용카드,배송완료
4103,517,2026-03-30,간편결제,배송완료
4104,578,2025-04-04,신용카드,환불
4105,428,2025-02-07,신용카드,배송완료
4106,117,2026-05-21,신용카드,배송완료
4107,983,2025-11-08,간편결제,배송완료
4108,1151,2026-02-03,신용카드,배송완료
4109,290,2025-02-27,간편결제,배송완료
4110,314,2025-08-17,간편결제,배송완료
4111,80,2025-07-11,무통장입금,배송완료
4112,1029,2025-05-24,간편결제,배송완료
4113,936,2026-01-01,신용카드,배송완료
4114,54,2025-11-09,휴대폰결제,배송완료
4115,626,2025-12-24,간편결제,환불
4116,9,2025-01-05,신용카드,배송완료
4117,851,2025-07-31,간편결제,배송준비
4118,223,2025-02-11,신용카드,취소
4119,630,2025-01-16,신용카드,배송완료
4120,630,2025-04-11,신용카드,배송완료
4121,864,2025-05-30,간편결제,취소
4122,80,2026-04-11,신용카드,배송완료
4123,1009,2025-06-27,휴대폰결제,배송완료
4124,682,2025-04-05,간편결제,배송완료
4125,669,2025-01-24,계좌이체,배송완료
4126,777,2025-12-31,간편결제,배송완료
4127,569,2025-10-21,신용카드,배송완료
4128,632,2026-03-07,신용카드,결제완료
4129,779,2025-12-17,신용카드,배송완료
4130,1102,2025-04-06,간편결제,배송완료
4131,603,2026-03-03,신용카드,배송완료
4132,141,2025-12-16,간편결제,배송완료
4133,404,2025-04-05,신용카드,배송완료
4134,508,2025-10-31,신용카드,취소
4135,322,2026-01-18,무통장입금,배송완료
4136,954,2026-06-25,신용카드,취소
4137,850,2025-09-06,간편결제,배송완료
4138,700,2025-12-13,간편결제,취소
4139,207,2026-02-13,신용카드,배송완료
4140,1055,2026-02-12,계좌이체,배송완료
4141,1118,2025-04-13,계좌이체,배송완료
4142,600,2025-07-20,신용카드,배송완료
4143,503,2025-12-25,신용카드,배송완료
4144,187,2025-12-26,신용카드,배송준비
4145,129,2025-11-07,휴대폰결제,배송완료
4146,121,2026-04-09,간편결제,배송완료
4147,865,2026-04-22,계좌이체,배송완료
4148,391,2025-09-04,간편결제,배송완료
4149,904,2025-11-06,휴대폰결제,배송완료
4150,1121,2026-05-14,계좌이체,배송완료
4151,1090,2025-12-09,간편결제,배송완료
4152,680,2025-03-29,신용카드,배송완료
4153,920,2025-10-12,휴대폰결제,배송완료
4154,362,2025-08-22,간편결제,배송완료
4155,940,2025-11-12,간편결제,배송완료
4156,438,2026-06-14,계좌이체,배송완료
4157,483,2026-04-24,신용카드,배송완료
4158,336,2025-06-16,계좌이체,배송완료
4159,150,2026-04-01,신용카드,배송완료
4160,149,2025-08-31,간편결제,배송완료
4161,266,2025-04-17,계좌이체,배송완료
4162,827,2025-09-18,신용카드,배송완료
4163,620,2025-08-31,계좌이체,배송완료
4164,880,2025-10-07,신용카드,취소
4165,132,2026-04-29,신용카드,배송완료
4166,907,2025-10-02,신용카드,배송완료
4167,292,2025-11-24,간편결제,배송완료
4168,866,2026-05-19,무통장입금,배송완료
4169,1073,2025-01-24,계좌이체,배송완료
4170,802,2026-02-14,신용카드,배송완료
4171,775,2025-11-02,신용카드,취소
4172,184,2025-11-02,무통장입금,환불
4173,1070,2025-02-11,간편결제,배송완료
4174,748,2025-10-16,신용카드,취소
4175,922,2025-01-15,간편결제,배송완료
4176,132,2025-12-27,계좌이체,배송완료
4177,952,2025-12-25,무통장입금,배송완료
4178,769,2026-03-02,간편결제,배송완료
4179,263,2025-01-16,신용카드,배송완료
4180,1002,2025-05-10,신용카드,배송중
4181,620,2025-07-06,간편결제,배송완료
4182,1192,2026-05-02,신용카드,배송완료
4183,871,2025-12-04,신용카드,배송완료
4184,997,2025-07-08,신용카드,배송완료
4185,1106,2026-03-26,신용카드,배송완료
4186,1007,2025-11-27,간편결제,배송완료
4187,182,2026-04-02,신용카드,배송완료
4188,644,2025-12-13,계좌이체,배송중
4189,265,2025-07-07,간편결제,배송완료
4190,1002,2026-03-07,신용카드,환불
4191,297,2026-07-23,신용카드,배송완료
4192,945,2025-08-03,간편결제,배송완료
4193,945,2025-12-27,계좌이체,배송완료
4194,553,2025-08-26,신용카드,배송완료
4195,159,2025-08-25,신용카드,배송완료
4196,830,2025-03-22,간편결제,배송완료
4197,240,2026-04-14,간편결제,배송완료
4198,123,2025-02-21,간편결제,배송완료
4199,820,2026-01-04,신용카드,배송완료
4200,394,2026-03-22,신용카드,환불
4201,1178,2025-06-20,계좌이체,배송완료
4202,390,2026-02-28,신용카드,배송완료
4203,1173,2026-07-25,신용카드,배송준비
4204,474,2025-09-13,신용카드,배송중
4205,114,2025-04-29,휴대폰결제,배송완료
4206,680,2025-10-13,신용카드,배송완료
4207,390,2026-04-12,간편결제,배송완료
4208,116,2025-12-09,간편결제,배송완료
4209,841,2025-12-11,간편결제,배송완료
4210,552,2025-11-02,신용카드,배송완료
4211,1067,2025-06-25,계좌이체,배송완료
4212,722,2026-01-01,간편결제,배송완료
4213,1042,2025-05-07,신용카드,배송완료
4214,496,2025-08-17,간편결제,배송완료
4215,1045,2025-01-16,계좌이체,배송완료
4216,688,2025-03-22,계좌이체,환불
4217,416,2025-08-24,간편결제,환불
4218,528,2026-04-09,신용카드,배송완료
4219,726,2025-01-19,신용카드,배송중
4220,772,2025-10-01,신용카드,배송완료
4221,159,2025-05-30,신용카드,취소
4222,818,2025-05-22,신용카드,배송완료
4223,416,2025-08-15,계좌이체,배송완료
4224,728,2026-06-24,간편결제,배송완료
4225,1093,2026-05-01,신용카드,취소
4226,972,2025-12-19,휴대폰결제,배송완료
4227,191,2025-01-25,무통장입금,배송완료
4228,842,2026-01-19,신용카드,배송완료
4229,1159,2026-06-22,신용카드,배송완료
4230,722,2026-04-29,무통장입금,배송중
4231,772,2025-12-16,계좌이체,배송완료
4232,272,2026-03-29,신용카드,취소
4233,153,2025-06-24,간편결제,배송완료
4234,431,2026-07-17,신용카드,배송준비
4235,1042,2026-06-30,간편결제,배송완료
4236,1146,2025-06-28,계좌이체,배송완료
4237,639,2026-03-04,신용카드,환불
4238,105,2026-02-13,간편결제,배송완료
4239,359,2026-01-25,신용카드,배송완료
4240,764,2026-05-29,휴대폰결제,환불
4241,517,2026-03-10,신용카드,배송완료
4242,419,2026-05-27,무통장입금,배송완료
4243,57,2025-12-14,무통장입금,배송완료
4244,770,2025-05-22,간편결제,배송완료
4245,324,2026-03-22,간편결제,배송완료
4246,481,2025-12-30,신용카드,배송완료
4247,232,2025-12-04,휴대폰결제,배송완료
4248,764,2026-01-09,신용카드,취소
4249,1069,2025-11-20,계좌이체,배송완료
4250,1071,2026-05-24,신용카드,배송완료
4251,550,2025-11-24,간편결제,취소
4252,944,2025-08-20,휴대폰결제,배송완료
4253,556,2026-05-26,휴대폰결제,배송완료
4254,555,2025-12-26,신용카드,환불
4255,620,2025-02-08,신용카드,배송중
4256,293,2025-02-11,신용카드,배송완료
4257,856,2025-12-03,계좌이체,배송완료
4258,441,2025-01-21,간편결제,배송완료
4259,384,2026-07-24,간편결제,배송준비
4260,216,2025-07-05,휴대폰결제,배송완료
4261,1186,2026-03-30,간편결제,배송완료
4262,1193,2025-03-26,간편결제,배송완료
4263,649,2025-08-09,신용카드,배송완료
4264,750,2026-05-07,간편결제,취소
4265,967,2025-08-21,신용카드,배송완료
4266,700,2026-07-17,간편결제,배송완료
4267,423,2025-08-19,휴대폰결제,배송완료
4268,1174,2026-06-24,휴대폰결제,배송완료
4269,529,2025-06-13,신용카드,환불
4270,680,2026-03-09,신용카드,배송완료
4271,159,2025-12-18,계좌이체,배송완료
4272,562,2026-01-12,계좌이체,배송완료
4273,1094,2025-11-29,신용카드,배송완료
4274,1179,2026-03-26,신용카드,배송완료
4275,79,2026-03-22,계좌이체,배송완료
4276,337,2025-09-24,간편결제,배송완료
4277,1002,2025-07-09,신용카드,배송완료
4278,39,2026-05-04,신용카드,배송완료
4279,230,2025-10-30,신용카드,취소
4280,792,2025-03-30,간편결제,배송완료
4281,810,2026-01-14,신용카드,배송완료
4282,796,2026-05-10,신용카드,배송완료
4283,584,2026-04-26,간편결제,배송완료
4284,1111,2025-12-24,간편결제,배송완료
4285,543,2025-12-24,계좌이체,배송완료
4286,297,2025-01-26,간편결제,배송완료
4287,125,2026-04-19,신용카드,배송완료
4288,331,2025-04-28,간편결제,배송완료
4289,168,2025-04-15,신용카드,배송완료
4290,750,2025-09-03,계좌이체,배송완료
4291,401,2025-03-01,신용카드,배송완료
4292,292,2025-04-08,계좌이체,배송완료
4293,374,2025-12-26,무통장입금,배송중
4294,915,2026-05-09,신용카드,취소
4295,701,2025-09-07,휴대폰결제,결제완료
4296,217,2025-12-02,신용카드,배송완료
4297,1025,2026-06-22,간편결제,배송완료
4298,751,2025-12-02,계좌이체,배송완료
4299,984,2025-09-24,휴대폰결제,환불
4300,436,2025-03-17,신용카드,배송완료
4301,1031,2025-08-19,무통장입금,배송완료
4302,110,2026-04-22,신용카드,배송완료
4303,118,2026-03-09,신용카드,배송완료
4304,755,2026-05-04,간편결제,배송완료
4305,625,2025-11-05,신용카드,배송완료
4306,120,2026-01-09,계좌이체,배송완료
4307,14,2026-05-19,휴대폰결제,배송완료
4308,268,2025-04-17,신용카드,배송중
4309,168,2026-07-27,간편결제,배송준비
4310,92,2025-09-03,휴대폰결제,환불
4311,944,2025-10-02,계좌이체,배송완료
4312,367,2025-09-04,무통장입금,배송완료
4313,582,2025-02-21,계좌이체,배송완료
4314,524,2026-06-20,간편결제,배송완료
4315,786,2025-12-20,신용카드,배송완료
4316,168,2025-02-01,간편결제,환불
4317,960,2025-06-25,신용카드,환불
4318,292,2025-09-26,간편결제,배송완료
4319,199,2025-03-07,신용카드,배송완료
4320,1170,2025-05-21,간편결제,배송준비
4321,362,2026-03-03,간편결제,취소
4322,105,2026-03-06,계좌이체,배송완료
4323,340,2026-06-16,신용카드,배송완료
4324,952,2025-10-19,신용카드,배송완료
4325,945,2025-09-05,간편결제,배송완료
4326,871,2025-05-07,신용카드,배송완료
4327,924,2026-05-04,신용카드,배송완료
4328,535,2025-11-20,간편결제,배송완료
4329,1160,2025-02-13,휴대폰결제,배송완료
4330,772,2025-07-09,휴대폰결제,배송완료
4331,98,2026-02-04,신용카드,배송완료
4332,707,2025-06-13,간편결제,배송완료
4333,752,2025-12-20,간편결제,배송완료
4334,1085,2025-12-26,계좌이체,배송완료
4335,1111,2025-12-04,신용카드,배송완료
4336,168,2025-04-25,간편결제,배송완료
4337,213,2025-11-11,신용카드,배송준비
4338,627,2025-03-27,계좌이체,배송완료
4339,790,2026-02-17,계좌이체,배송중
4340,1030,2025-08-07,신용카드,배송완료
4341,164,2025-04-23,간편결제,배송완료
4342,835,2025-04-16,신용카드,배송완료
4343,876,2025-03-08,휴대폰결제,배송완료
4344,242,2026-02-24,신용카드,배송완료
4345,774,2026-01-22,신용카드,배송완료
4346,338,2025-02-11,무통장입금,배송완료
4347,1136,2026-01-08,휴대폰결제,배송완료
4348,744,2025-09-14,간편결제,배송완료
4349,1018,2026-07-20,신용카드,배송완료
4350,1183,2025-07-24,신용카드,배송완료
4351,188,2025-11-01,간편결제,배송완료
4352,1112,2025-01-05,간편결제,배송완료
4353,1000,2025-05-26,신용카드,배송준비
4354,1148,2026-04-03,휴대폰결제,배송완료
4355,255,2026-05-10,계좌이체,배송완료
4356,444,2025-11-12,무통장입금,배송완료
4357,608,2026-02-09,신용카드,배송완료
4358,92,2025-07-28,간편결제,배송완료
4359,553,2025-04-18,신용카드,배송완료
4360,530,2026-03-20,계좌이체,배송완료
4361,671,2025-04-09,신용카드,배송완료
4362,391,2025-02-25,신용카드,배송완료
4363,870,2026-07-29,신용카드,배송중
4364,824,2025-12-17,신용카드,배송완료
4365,168,2025-01-28,계좌이체,배송완료
4366,570,2025-06-24,간편결제,배송완료
4367,834,2026-04-24,신용카드,배송완료
4368,840,2026-04-18,신용카드,배송완료
4369,459,2026-05-29,신용카드,배송완료
4370,485,2026-05-26,계좌이체,취소
4371,222,2025-12-18,신용카드,배송완료
4372,564,2026-04-09,신용카드,환불
4373,369,2025-11-04,휴대폰결제,배송완료
4374,159,2025-05-28,계좌이체,배송완료
4375,981,2026-03-07,신용카드,배송완료
4376,121,2026-03-31,휴대폰결제,배송완료
4377,937,2026-07-09,간편결제,배송완료
4378,646,2025-10-20,간편결제,배송완료
4379,1042,2025-04-02,간편결제,배송완료
4380,456,2025-07-27,무통장입금,취소
4381,635,2026-06-07,계좌이체,배송완료
4382,398,2026-06-22,계좌이체,환불
4383,927,2025-07-09,신용카드,배송완료
4384,681,2025-09-26,신용카드,환불
4385,818,2025-07-25,신용카드,환불
4386,725,2025-02-26,휴대폰결제,배송완료
4387,1112,2025-02-10,간편결제,배송완료
4388,44,2026-01-20,신용카드,배송완료
4389,707,2026-03-11,신용카드,배송중
4390,536,2026-02-19,신용카드,배송완료
4391,475,2025-05-25,신용카드,배송완료
4392,950,2025-01-17,간편결제,배송완료
4393,624,2025-11-29,계좌이체,배송완료
4394,739,2025-02-09,신용카드,배송완료
4395,444,2025-12-15,간편결제,배송완료
4396,487,2026-06-12,신용카드,배송완료
4397,1090,2025-03-28,신용카드,배송완료
4398,297,2026-06-25,간편결제,배송완료
4399,434,2026-07-30,신용카드,결제완료
4400,1164,2026-06-09,신용카드,배송완료
4401,52,2026-03-09,신용카드,배송완료
4402,227,2025-09-07,신용카드,배송완료
4403,98,2025-12-02,간편결제,배송완료
4404,1170,2025-11-08,신용카드,배송완료
4405,987,2026-04-22,무통장입금,배송완료
4406,458,2025-08-18,신용카드,배송완료
4407,462,2026-06-02,계좌이체,배송완료
4408,395,2025-09-25,휴대폰결제,환불
4409,702,2025-12-24,신용카드,배송완료
4410,969,2026-06-30,신용카드,배송중
4411,955,2026-05-16,간편결제,환불
4412,526,2026-01-24,신용카드,배송완료
4413,1045,2025-08-21,무통장입금,배송완료
4414,341,2025-07-10,간편결제,취소
4415,118,2025-08-24,무통장입금,배송완료
4416,243,2025-08-07,계좌이체,배송완료
4417,861,2025-06-04,계좌이체,배송완료
4418,990,2025-12-20,간편결제,배송완료
4419,271,2025-03-27,간편결제,배송완료
4420,96,2025-07-01,신용카드,배송완료
4421,64,2026-03-31,간편결제,배송완료
4422,49,2025-07-04,휴대폰결제,배송완료
4423,935,2026-02-17,간편결제,배송완료
4424,814,2025-07-04,신용카드,배송완료
4425,1119,2026-04-25,신용카드,배송완료
4426,469,2025-04-25,신용카드,결제완료
4427,113,2025-11-03,신용카드,배송완료
4428,1109,2025-09-09,신용카드,배송완료
4429,581,2025-12-31,신용카드,배송완료
4430,620,2025-12-18,계좌이체,배송완료
4431,1173,2025-01-04,계좌이체,배송완료
4432,585,2025-02-15,신용카드,배송완료
4433,768,2026-07-27,계좌이체,배송중
4434,869,2025-11-12,신용카드,배송완료
4435,813,2025-10-08,간편결제,배송완료
4436,384,2025-01-29,간편결제,배송완료
4437,580,2026-01-06,휴대폰결제,배송완료
4438,383,2025-10-03,계좌이체,배송완료
4439,306,2025-11-07,신용카드,배송완료
4440,526,2025-11-11,신용카드,배송완료
4441,950,2025-05-03,신용카드,배송완료
4442,74,2025-05-14,간편결제,배송완료
4443,435,2026-05-25,휴대폰결제,배송완료
4444,959,2026-03-25,무통장입금,배송완료
4445,880,2025-11-28,간편결제,배송완료
4446,118,2025-07-07,신용카드,배송완료
4447,922,2025-05-15,휴대폰결제,배송완료
4448,130,2025-03-25,계좌이체,배송완료
4449,650,2026-04-13,휴대폰결제,배송완료
4450,1152,2025-05-20,간편결제,배송완료
4451,277,2025-08-05,계좌이체,배송완료
4452,143,2025-07-16,신용카드,배송완료
4453,9,2026-02-07,신용카드,배송완료
4454,216,2025-04-12,간편결제,배송완료
4455,216,2025-06-08,신용카드,배송완료
4456,107,2025-05-28,신용카드,환불
4457,477,2025-02-26,간편결제,배송완료
4458,224,2026-03-15,신용카드,배송완료
4459,1107,2026-02-03,간편결제,환불
4460,547,2025-02-23,신용카드,배송완료
4461,729,2025-06-07,신용카드,배송완료
4462,338,2025-03-07,신용카드,배송완료
4463,585,2025-11-13,신용카드,배송완료
4464,65,2025-08-16,신용카드,배송완료
4465,215,2025-01-09,간편결제,배송완료
4466,582,2025-01-23,휴대폰결제,취소
4467,234,2026-02-24,신용카드,배송완료
4468,1146,2025-09-15,간편결제,배송완료
4469,338,2025-08-15,신용카드,취소
4470,316,2025-06-17,간편결제,배송완료
4471,153,2025-05-16,간편결제,환불
4472,836,2026-03-17,신용카드,배송준비
4473,744,2025-10-29,계좌이체,배송완료
4474,232,2026-03-28,신용카드,배송완료
4475,354,2025-11-03,신용카드,배송완료
4476,22,2025-11-24,신용카드,배송완료
4477,445,2026-05-06,신용카드,배송완료
4478,1107,2026-07-12,신용카드,결제완료
4479,729,2025-01-30,무통장입금,배송완료
4480,607,2026-06-17,신용카드,배송완료
4481,933,2025-05-05,신용카드,배송완료
4482,256,2025-12-29,휴대폰결제,배송완료
4483,187,2025-01-31,신용카드,배송완료
4484,677,2026-05-20,간편결제,배송완료
4485,601,2025-02-10,신용카드,배송완료
4486,143,2025-08-10,신용카드,배송완료
4487,390,2025-06-29,신용카드,배송완료
4488,1191,2025-11-20,간편결제,결제완료
4489,1170,2025-01-29,무통장입금,배송완료
4490,297,2025-09-28,간편결제,배송완료
4491,630,2025-06-13,간편결제,배송완료
4492,96,2025-11-17,계좌이체,배송완료
4493,402,2026-05-30,신용카드,환불
4494,732,2025-03-02,계좌이체,배송완료
4495,346,2026-02-07,신용카드,배송완료
4496,728,2025-04-02,신용카드,배송완료
4497,497,2026-07-20,신용카드,취소
4498,1097,2026-03-21,신용카드,배송완료
4499,330,2025-04-08,계좌이체,배송완료
4500,1141,2025-11-23,신용카드,배송완료
4501,1161,2025-11-29,간편결제,배송완료
4502,257,2025-04-10,간편결제,배송완료
4503,772,2025-09-02,신용카드,배송완료
4504,580,2025-10-19,휴대폰결제,배송완료
4505,1133,2025-11-11,휴대폰결제,배송완료
4506,772,2026-03-29,무통장입금,배송완료
4507,828,2025-12-17,무통장입금,배송완료
4508,477,2025-07-06,계좌이체,배송완료
4509,670,2026-05-02,간편결제,배송완료
4510,584,2025-02-19,휴대폰결제,배송완료
4511,164,2026-06-20,간편결제,배송완료
4512,1014,2025-08-08,신용카드,배송완료
4513,858,2025-12-19,신용카드,배송완료
4514,217,2026-05-11,신용카드,배송완료
4515,1034,2025-12-26,신용카드,배송완료
4516,661,2025-05-04,계좌이체,배송완료
4517,1168,2025-12-12,간편결제,배송완료
4518,755,2025-05-28,계좌이체,배송완료
4519,466,2026-01-19,간편결제,배송완료
4520,989,2025-11-24,신용카드,배송완료
4521,296,2026-04-27,신용카드,배송완료
4522,160,2026-07-17,신용카드,취소
4523,182,2026-05-19,신용카드,배송완료
4524,723,2025-02-25,신용카드,배송완료
4525,657,2026-06-03,신용카드,배송완료
4526,854,2026-02-10,신용카드,배송완료
4527,1035,2026-02-04,무통장입금,배송완료
4528,211,2026-06-08,무통장입금,배송완료
4529,502,2026-06-24,간편결제,배송완료
4530,176,2025-10-06,간편결제,배송완료
4531,1073,2025-11-09,무통장입금,배송완료
4532,552,2026-01-31,간편결제,배송완료
4533,345,2025-08-03,휴대폰결제,배송완료
4534,31,2026-01-28,신용카드,배송완료
4535,4,2025-08-04,간편결제,배송완료
4536,770,2025-11-14,간편결제,배송완료
4537,167,2025-09-04,간편결제,배송완료
4538,39,2025-12-12,계좌이체,배송완료
4539,958,2025-05-07,신용카드,배송완료
4540,1056,2025-08-20,신용카드,배송완료
4541,67,2026-06-11,신용카드,배송완료
4542,265,2025-04-17,무통장입금,배송완료
4543,1030,2026-04-13,간편결제,배송완료
4544,484,2025-08-06,신용카드,배송완료
4545,669,2025-11-27,휴대폰결제,취소
4546,126,2026-04-21,간편결제,배송완료
4547,639,2026-01-09,간편결제,배송완료
4548,32,2025-11-30,신용카드,배송완료
4549,463,2025-04-03,신용카드,배송완료
4550,187,2025-02-21,간편결제,배송완료
4551,357,2026-03-20,신용카드,배송완료
4552,1170,2025-06-18,휴대폰결제,배송완료
4553,5,2025-05-27,간편결제,배송중
4554,578,2025-02-15,간편결제,배송완료
4555,932,2025-11-02,신용카드,결제완료
4556,114,2026-03-19,신용카드,배송완료
4557,531,2025-04-18,계좌이체,배송완료
4558,700,2025-03-20,휴대폰결제,배송완료
4559,922,2026-06-14,간편결제,배송완료
4560,139,2026-05-30,신용카드,취소
4561,938,2026-06-04,간편결제,배송완료
4562,436,2025-07-30,간편결제,배송완료
4563,115,2025-03-25,신용카드,배송완료
4564,945,2026-05-16,간편결제,배송완료
4565,221,2025-01-30,휴대폰결제,배송준비
4566,492,2025-12-09,신용카드,배송완료
4567,1140,2025-12-09,간편결제,배송완료
4568,79,2025-12-15,신용카드,환불
4569,133,2025-12-14,간편결제,취소
4570,203,2026-05-22,휴대폰결제,배송완료
4571,31,2025-10-07,신용카드,배송중
4572,593,2026-01-02,신용카드,배송완료
4573,500,2025-09-06,간편결제,취소
4574,364,2025-12-11,간편결제,배송준비
4575,809,2025-08-07,신용카드,배송완료
4576,154,2025-12-16,신용카드,배송완료
4577,238,2026-04-27,신용카드,배송완료
4578,897,2026-05-10,신용카드,배송완료
4579,70,2025-11-04,간편결제,배송완료
4580,274,2025-05-02,간편결제,배송완료
4581,206,2025-06-13,신용카드,배송완료
4582,875,2026-06-23,간편결제,배송완료
4583,386,2025-11-12,신용카드,배송완료
4584,82,2026-04-18,신용카드,배송완료
4585,1111,2025-09-24,간편결제,배송완료
4586,1069,2026-04-14,신용카드,배송완료
4587,841,2026-01-22,간편결제,배송완료
4588,912,2026-04-28,계좌이체,배송완료
4589,572,2025-12-14,신용카드,배송완료
4590,875,2025-11-09,간편결제,배송준비
4591,712,2025-07-29,신용카드,배송완료
4592,855,2025-05-07,무통장입금,취소
4593,816,2025-05-29,무통장입금,배송완료
4594,1134,2025-11-21,간편결제,환불
4595,782,2025-09-28,간편결제,배송완료
4596,543,2026-03-17,계좌이체,배송완료
4597,815,2026-07-04,간편결제,배송완료
4598,919,2025-03-24,신용카드,환불
4599,1149,2026-03-01,무통장입금,배송완료
4600,1137,2026-07-04,신용카드,배송완료
4601,410,2025-07-11,간편결제,배송완료
4602,1076,2025-07-17,신용카드,배송완료
4603,958,2025-09-17,신용카드,배송완료
4604,317,2026-07-13,신용카드,배송완료
4605,273,2026-03-13,간편결제,환불
4606,572,2025-02-25,신용카드,배송완료
4607,1007,2026-04-22,간편결제,배송완료
4608,441,2025-05-15,무통장입금,배송완료
4609,129,2025-04-18,간편결제,배송완료
4610,441,2026-05-24,무통장입금,배송완료
4611,911,2026-05-06,신용카드,배송준비
4612,601,2025-10-11,신용카드,배송완료
4613,482,2026-01-29,계좌이체,배송완료
4614,733,2025-11-20,신용카드,배송완료
4615,608,2026-06-28,간편결제,배송완료
4616,267,2025-07-21,계좌이체,배송완료
4617,331,2026-02-07,간편결제,배송완료
4618,626,2025-02-18,간편결제,배송완료
4619,910,2025-01-08,간편결제,배송완료
4620,265,2025-04-29,휴대폰결제,배송완료
4621,1093,2025-12-01,신용카드,배송완료
4622,767,2026-01-01,신용카드,배송완료
4623,661,2026-05-26,계좌이체,배송완료
4624,924,2026-04-10,신용카드,배송완료
4625,895,2025-10-12,신용카드,배송완료
4626,411,2025-06-07,간편결제,배송완료
4627,423,2026-03-28,신용카드,배송완료
4628,370,2026-04-24,무통장입금,배송완료
4629,879,2025-11-25,계좌이체,배송완료
4630,60,2025-11-18,간편결제,배송완료
4631,65,2025-05-17,간편결제,배송준비
4632,944,2026-03-16,신용카드,배송완료
4633,615,2025-01-28,계좌이체,배송완료
4634,718,2025-10-24,간편결제,취소
4635,221,2026-06-13,계좌이체,배송완료
4636,922,2025-04-05,신용카드,배송완료
4637,1185,2025-05-17,신용카드,배송완료
4638,289,2026-01-23,간편결제,취소
4639,439,2026-06-30,무통장입금,배송완료
4640,362,2025-07-15,간편결제,배송완료
4641,769,2025-09-08,신용카드,배송완료
4642,1042,2026-03-13,신용카드,배송완료
4643,580,2026-03-27,휴대폰결제,배송완료
4644,502,2025-09-17,신용카드,배송완료
4645,1170,2025-05-19,신용카드,배송완료
4646,1168,2026-05-28,휴대폰결제,배송완료
4647,769,2026-01-11,신용카드,배송완료
4648,717,2025-09-04,간편결제,취소
4649,1055,2025-03-08,신용카드,배송완료
4650,855,2025-04-29,휴대폰결제,배송완료
4651,1190,2026-06-25,신용카드,배송완료
4652,865,2025-03-30,신용카드,배송완료
4653,495,2025-01-02,신용카드,배송완료
4654,146,2025-06-23,계좌이체,배송완료
4655,249,2026-07-10,간편결제,배송준비
4656,409,2025-12-25,신용카드,배송완료
4657,1151,2025-02-27,휴대폰결제,취소
4658,589,2025-09-26,신용카드,배송완료
4659,334,2025-03-01,간편결제,배송완료
4660,930,2025-08-02,간편결제,환불
4661,115,2026-01-04,무통장입금,배송완료
4662,299,2026-02-22,신용카드,배송완료
4663,187,2025-01-13,계좌이체,배송완료
4664,655,2025-11-23,간편결제,배송완료
4665,718,2025-11-30,신용카드,배송완료
4666,772,2025-04-17,신용카드,배송완료
4667,313,2025-05-23,신용카드,배송완료
4668,772,2025-10-25,간편결제,배송완료
4669,741,2026-01-09,계좌이체,배송완료
4670,630,2025-01-06,신용카드,배송완료
4671,313,2025-12-17,신용카드,배송완료
4672,418,2026-06-14,간편결제,배송완료
4673,140,2025-09-02,신용카드,취소
4674,1120,2025-06-05,신용카드,배송완료
4675,1022,2026-06-21,계좌이체,배송완료
4676,754,2025-02-18,간편결제,환불
4677,253,2026-03-25,신용카드,배송완료
4678,277,2025-11-12,간편결제,배송완료
4679,682,2025-04-18,휴대폰결제,배송완료
4680,592,2025-10-20,휴대폰결제,배송완료
4681,1014,2025-11-21,신용카드,환불
4682,712,2025-11-10,신용카드,배송완료
4683,243,2025-06-04,신용카드,배송완료
4684,874,2025-01-17,계좌이체,배송완료
4685,255,2025-07-03,신용카드,배송완료
4686,963,2025-09-16,계좌이체,배송완료
4687,660,2026-06-10,무통장입금,배송완료
4688,1182,2025-10-05,계좌이체,배송완료
4689,724,2026-03-22,신용카드,환불
4690,1180,2025-12-27,신용카드,배송완료
4691,249,2026-02-15,신용카드,배송완료
4692,253,2025-04-02,휴대폰결제,환불
4693,115,2025-12-11,무통장입금,배송완료
4694,78,2026-04-18,계좌이체,배송완료
4695,813,2025-11-25,신용카드,배송완료
4696,153,2026-04-10,신용카드,배송완료
4697,799,2026-03-26,간편결제,배송완료
4698,297,2025-07-06,신용카드,배송완료
4699,106,2025-06-05,신용카드,배송준비
4700,990,2025-07-04,계좌이체,배송완료
4701,1178,2025-07-06,휴대폰결제,배송완료
4702,465,2025-03-25,계좌이체,배송완료
4703,251,2026-07-28,신용카드,배송준비
4704,499,2025-11-11,신용카드,취소
4705,1171,2026-02-17,신용카드,환불
4706,837,2026-06-18,신용카드,배송완료
4707,750,2026-05-18,간편결제,배송완료
4708,675,2026-05-31,간편결제,배송완료
4709,363,2025-03-27,간편결제,배송완료
4710,1093,2026-06-08,신용카드,배송완료
4711,818,2025-09-23,신용카드,배송완료
4712,221,2025-07-10,간편결제,배송완료
4713,861,2025-02-26,간편결제,취소
4714,299,2026-06-11,신용카드,배송완료
4715,1163,2025-08-27,간편결제,배송완료
4716,975,2025-01-08,휴대폰결제,배송완료
4717,786,2025-05-27,간편결제,배송완료
4718,29,2025-08-27,휴대폰결제,배송완료
4719,1080,2025-07-17,신용카드,배송완료
4720,376,2026-02-15,신용카드,배송완료
4721,883,2026-06-21,휴대폰결제,환불
4722,296,2025-03-03,신용카드,배송완료
4723,276,2026-04-25,간편결제,배송완료
4724,61,2026-02-10,신용카드,배송완료
4725,248,2025-11-04,신용카드,배송완료
4726,232,2026-01-21,휴대폰결제,배송완료
4727,691,2025-11-13,계좌이체,배송완료
4728,1031,2025-09-03,휴대폰결제,배송완료
4729,297,2025-04-06,신용카드,배송완료
4730,1124,2026-01-30,신용카드,배송완료
4731,503,2026-01-16,간편결제,배송완료
4732,770,2026-03-14,계좌이체,취소
4733,315,2026-02-16,계좌이체,배송준비
4734,1079,2025-03-31,신용카드,배송완료
4735,780,2026-04-23,휴대폰결제,배송완료
4736,126,2026-07-12,신용카드,배송완료
4737,1104,2026-05-08,간편결제,배송완료
4738,504,2025-03-20,휴대폰결제,배송완료
4739,62,2026-05-15,신용카드,배송완료
4740,173,2025-06-07,신용카드,배송완료
4741,135,2026-05-02,신용카드,배송완료
4742,811,2026-02-09,간편결제,배송완료
4743,977,2025-10-22,간편결제,환불
4744,468,2025-04-26,간편결제,배송완료
4745,502,2026-01-15,신용카드,취소
4746,759,2025-02-16,계좌이체,배송완료
4747,1025,2025-01-10,간편결제,배송완료
4748,69,2025-11-27,간편결제,배송완료
4749,905,2025-06-14,간편결제,배송완료
4750,271,2025-01-06,간편결제,배송완료
4751,315,2026-04-08,간편결제,배송완료
4752,968,2025-01-19,신용카드,취소
4753,78,2025-12-08,신용카드,배송완료
4754,777,2025-08-15,신용카드,배송완료
4755,1160,2026-01-17,간편결제,배송완료
4756,627,2025-11-26,신용카드,배송중
4757,535,2025-09-15,신용카드,배송완료
4758,185,2025-12-14,신용카드,취소
4759,70,2025-04-10,간편결제,배송완료
4760,435,2026-03-20,계좌이체,환불
4761,909,2026-05-18,간편결제,취소
4762,904,2026-03-10,계좌이체,배송완료
4763,1064,2025-09-10,신용카드,배송완료
4764,850,2026-02-17,계좌이체,배송중
4765,206,2025-11-24,계좌이체,배송완료
4766,1035,2025-12-31,신용카드,결제완료
4767,597,2026-04-11,간편결제,배송완료
4768,393,2025-11-01,간편결제,배송완료
4769,584,2025-07-09,간편결제,배송완료
4770,705,2026-07-06,신용카드,배송완료
4771,1150,2026-05-25,신용카드,배송완료
4772,901,2026-05-17,신용카드,취소
4773,1129,2025-05-05,간편결제,배송완료
4774,659,2025-12-13,신용카드,배송완료
4775,584,2025-08-23,간편결제,배송중
4776,975,2025-09-30,신용카드,배송완료
4777,451,2026-04-24,신용카드,배송완료
4778,574,2026-02-02,계좌이체,배송완료
4779,33,2026-01-02,계좌이체,결제완료
4780,854,2026-04-28,계좌이체,배송완료
4781,1048,2026-05-01,간편결제,배송완료
4782,602,2025-03-17,간편결제,배송완료
4783,409,2026-03-17,휴대폰결제,취소
4784,384,2026-01-29,휴대폰결제,배송완료
4785,274,2025-11-30,간편결제,배송완료
4786,426,2025-06-17,계좌이체,배송완료
4787,1122,2025-12-20,신용카드,배송완료
4788,798,2025-05-24,신용카드,배송완료
4789,953,2025-03-11,간편결제,배송완료
4790,621,2025-06-13,신용카드,환불
4791,406,2025-08-25,간편결제,배송완료
4792,210,2026-06-26,간편결제,배송완료
4793,460,2026-05-23,간편결제,배송완료
4794,294,2026-03-12,무통장입금,배송완료
4795,1142,2026-07-21,신용카드,결제완료
4796,307,2025-12-17,간편결제,배송완료
4797,410,2026-07-06,신용카드,배송완료
4798,263,2025-07-05,계좌이체,배송완료
4799,208,2025-01-20,신용카드,배송완료
4800,912,2026-06-25,간편결제,환불
4801,266,2025-11-25,계좌이체,환불
4802,300,2025-05-08,신용카드,배송완료
4803,848,2025-06-06,간편결제,배송완료
4804,757,2026-01-17,간편결제,배송완료
4805,885,2025-11-13,신용카드,환불
4806,401,2026-05-23,신용카드,배송완료
4807,239,2026-06-15,신용카드,배송완료
4808,711,2025-12-09,간편결제,취소
4809,555,2025-02-02,간편결제,배송완료
4810,305,2025-01-03,간편결제,배송완료
4811,1009,2025-03-23,무통장입금,배송완료
4812,854,2026-03-10,휴대폰결제,환불
4813,957,2025-09-28,계좌이체,배송완료
4814,1070,2026-06-09,계좌이체,환불
4815,1173,2025-05-18,신용카드,배송완료
4816,706,2025-12-07,신용카드,환불
4817,1193,2025-11-08,계좌이체,배송완료
4818,57,2026-01-15,간편결제,배송완료
4819,497,2026-03-30,신용카드,배송완료
4820,653,2025-10-12,간편결제,배송완료
4821,393,2026-01-24,계좌이체,배송완료
4822,828,2025-08-31,휴대폰결제,배송완료
4823,786,2025-04-04,계좌이체,배송완료
4824,927,2026-06-01,신용카드,배송완료
4825,1163,2025-10-09,간편결제,배송완료
4826,914,2025-09-08,간편결제,배송완료
4827,166,2025-11-16,신용카드,배송완료
4828,250,2025-11-06,신용카드,배송완료
4829,753,2025-08-02,간편결제,배송완료
4830,839,2025-04-22,신용카드,배송완료
4831,695,2025-07-30,휴대폰결제,배송완료
4832,169,2026-05-06,간편결제,취소
4833,968,2026-02-06,계좌이체,배송완료
4834,135,2025-07-02,신용카드,배송완료
4835,644,2026-04-03,계좌이체,배송완료
4836,780,2026-07-14,신용카드,배송중
4837,384,2025-11-03,간편결제,배송완료
4838,56,2025-06-08,신용카드,배송완료
4839,1029,2025-08-30,신용카드,배송완료
4840,776,2025-08-28,신용카드,배송완료
4841,851,2025-12-03,간편결제,취소
4842,953,2025-11-24,신용카드,배송완료
4843,664,2025-01-04,신용카드,배송완료
4844,612,2025-11-26,무통장입금,취소
4845,1071,2025-12-27,신용카드,배송완료
4846,515,2025-01-16,계좌이체,배송완료
4847,989,2025-09-14,간편결제,배송완료
4848,260,2026-03-25,신용카드,취소
4849,621,2026-01-17,신용카드,배송중
4850,814,2025-11-10,간편결제,취소
4851,389,2025-04-01,계좌이체,배송완료
4852,403,2026-04-14,신용카드,배송완료
4853,1186,2025-11-07,무통장입금,배송완료
4854,145,2026-04-16,계좌이체,배송완료
4855,159,2025-12-23,간편결제,취소
4856,827,2025-08-23,신용카드,결제완료
4857,365,2025-04-14,신용카드,배송완료
4858,807,2025-05-10,신용카드,배송완료
4859,414,2025-11-02,신용카드,배송완료
4860,133,2026-07-11,간편결제,배송완료
4861,1107,2026-02-14,간편결제,배송완료
4862,1055,2025-05-13,신용카드,배송완료
4863,750,2025-03-03,신용카드,배송완료
4864,740,2026-02-03,간편결제,배송중
4865,1034,2025-08-21,간편결제,배송완료
4866,796,2026-02-13,휴대폰결제,배송완료
4867,1045,2025-05-10,간편결제,배송중
4868,1081,2025-02-01,휴대폰결제,배송완료
4869,653,2026-02-21,신용카드,배송완료
4870,706,2025-10-18,휴대폰결제,취소
4871,401,2025-07-25,간편결제,배송완료
4872,1000,2026-05-15,신용카드,배송완료
4873,504,2026-01-11,신용카드,배송완료
4874,723,2026-06-30,신용카드,배송완료
4875,110,2025-09-17,계좌이체,배송완료
4876,636,2025-01-24,신용카드,배송완료
4877,510,2025-07-31,간편결제,배송완료
4878,32,2025-03-30,간편결제,배송완료
4879,1129,2025-11-27,간편결제,배송완료
4880,223,2026-01-27,간편결제,배송완료
4881,605,2025-11-05,간편결제,배송완료
4882,399,2025-06-07,간편결제,배송완료
4883,188,2025-07-22,신용카드,배송완료
4884,1141,2025-11-02,신용카드,취소
4885,406,2026-06-30,신용카드,배송완료
4886,546,2025-06-10,간편결제,배송완료
4887,189,2026-05-20,신용카드,배송완료
4888,957,2025-03-08,신용카드,배송완료
4889,402,2026-04-05,신용카드,취소
4890,27,2026-05-11,신용카드,취소
4891,394,2026-04-28,계좌이체,배송완료
4892,312,2026-04-09,간편결제,배송완료
4893,497,2025-12-02,신용카드,배송완료
4894,293,2026-07-27,간편결제,배송준비
4895,1081,2026-05-17,간편결제,배송완료
4896,773,2025-08-25,무통장입금,취소
4897,297,2026-01-05,간편결제,배송완료
4898,858,2025-11-30,휴대폰결제,배송중
4899,526,2026-07-23,간편결제,결제완료
4900,188,2025-08-12,휴대폰결제,배송완료
4901,109,2025-07-08,계좌이체,배송완료
4902,1105,2025-12-15,신용카드,배송완료
4903,176,2025-02-06,신용카드,배송완료
4904,1076,2025-12-26,신용카드,배송완료
4905,359,2025-05-28,간편결제,배송완료
4906,485,2026-07-31,간편결제,배송중
4907,953,2025-10-15,간편결제,배송완료
4908,747,2026-02-05,신용카드,배송준비
4909,133,2026-01-05,휴대폰결제,배송완료
4910,180,2026-07-21,무통장입금,배송완료
4911,837,2025-12-27,신용카드,배송완료
4912,1081,2026-03-17,신용카드,배송완료
4913,1185,2026-01-21,간편결제,배송완료
4914,586,2025-11-04,신용카드,배송완료
4915,196,2026-05-22,계좌이체,배송완료
4916,919,2025-09-17,간편결제,취소
4917,466,2026-04-08,무통장입금,취소
4918,1129,2025-12-10,신용카드,배송완료
4919,437,2026-06-02,신용카드,배송완료
4920,907,2025-09-04,신용카드,배송완료
4921,1069,2026-04-12,간편결제,취소
4922,91,2025-05-25,신용카드,배송완료
4923,968,2026-01-05,신용카드,배송중
4924,499,2026-02-09,신용카드,배송완료
4925,397,2025-11-14,계좌이체,배송완료
4926,1147,2025-06-25,간편결제,배송완료
4927,1107,2025-09-20,간편결제,배송완료
4928,54,2025-08-31,간편결제,배송완료
4929,577,2025-11-19,신용카드,취소
4930,1103,2026-04-25,간편결제,배송완료
4931,707,2025-02-25,간편결제,취소
4932,922,2025-06-22,계좌이체,배송완료
4933,293,2025-12-01,신용카드,배송완료
4934,673,2026-06-29,신용카드,취소
4935,374,2026-07-14,신용카드,배송완료
4936,135,2025-07-17,신용카드,환불
4937,750,2026-04-25,간편결제,배송완료
4938,700,2025-11-08,신용카드,배송완료
4939,73,2025-04-24,무통장입금,배송완료
4940,884,2026-03-02,계좌이체,배송완료
4941,382,2026-01-18,간편결제,배송완료
4942,736,2025-09-07,무통장입금,배송완료
4943,29,2025-04-09,계좌이체,배송완료
4944,867,2026-02-12,신용카드,배송완료
4945,936,2025-07-09,간편결제,배송완료
4946,637,2025-11-26,간편결제,배송중
4947,651,2026-02-24,무통장입금,취소
4948,848,2025-04-26,간편결제,배송완료
4949,448,2025-04-06,신용카드,배송중
4950,712,2025-04-28,신용카드,배송완료
4951,282,2026-06-18,신용카드,배송완료
4952,521,2026-02-13,신용카드,배송완료
4953,633,2025-05-20,신용카드,배송완료
4954,887,2025-09-21,간편결제,배송완료
4955,17,2025-08-10,신용카드,배송완료
4956,861,2026-06-25,계좌이체,취소
4957,54,2025-11-29,신용카드,배송완료
4958,303,2025-11-15,간편결제,배송완료
4959,220,2025-08-29,간편결제,배송완료
4960,411,2025-12-30,간편결제,배송완료
4961,1029,2025-11-05,간편결제,배송완료
4962,30,2026-01-30,신용카드,배송완료
4963,1078,2026-01-03,신용카드,취소
4964,514,2026-01-16,간편결제,배송완료
4965,39,2025-10-10,계좌이체,배송완료
4966,1148,2025-03-23,계좌이체,환불
4967,174,2026-07-18,휴대폰결제,배송완료
4968,2,2025-05-08,계좌이체,배송완료
4969,1028,2026-05-15,휴대폰결제,배송완료
4970,363,2026-03-23,간편결제,배송완료
4971,906,2025-10-21,신용카드,배송완료
4972,264,2025-12-28,계좌이체,배송완료
4973,850,2026-07-21,신용카드,환불
4974,143,2025-04-22,신용카드,취소
4975,737,2025-05-19,휴대폰결제,배송완료
4976,541,2025-03-15,간편결제,배송완료
4977,345,2025-09-17,신용카드,취소
4978,906,2025-12-28,간편결제,취소
4979,267,2025-10-20,간편결제,배송완료
4980,1081,2025-06-02,신용카드,취소
4981,147,2026-02-20,간편결제,배송완료
4982,757,2025-11-13,신용카드,배송완료
4983,996,2026-05-28,신용카드,배송완료
4984,416,2025-01-30,신용카드,배송완료
4985,419,2025-08-16,간편결제,환불
4986,983,2025-06-12,간편결제,배송완료
4987,1033,2025-09-14,신용카드,배송완료
4988,1147,2025-05-29,신용카드,배송완료
4989,151,2025-02-23,간편결제,배송완료
4990,368,2025-07-31,신용카드,배송완료
4991,531,2026-04-29,신용카드,배송완료
4992,441,2026-05-16,신용카드,배송완료
4993,68,2025-11-22,계좌이체,배송완료
4994,1069,2025-06-19,계좌이체,배송완료
4995,101,2026-07-07,간편결제,배송완료
4996,359,2025-03-31,휴대폰결제,배송완료
4997,358,2025-02-19,신용카드,배송완료
4998,477,2025-05-01,계좌이체,배송완료
4999,545,2026-06-03,계좌이체,배송완료
5000,131,2026-07-18,신용카드,배송완료
5001,643,2026-01-12,간편결제,배송완료
5002,865,2026-03-03,간편결제,배송완료
5003,1019,2025-06-27,계좌이체,배송완료
5004,329,2026-06-17,간편결제,배송완료
5005,105,2025-02-22,신용카드,배송완료
5006,225,2025-03-17,신용카드,취소
5007,843,2026-03-17,신용카드,배송완료
5008,209,2026-01-28,간편결제,취소
5009,865,2026-07-25,신용카드,배송준비
5010,22,2025-08-31,간편결제,배송완료
5011,868,2026-03-21,간편결제,환불
5012,631,2026-06-14,휴대폰결제,배송중
5013,856,2026-06-12,신용카드,배송완료
5014,770,2026-01-03,간편결제,환불
5015,887,2025-02-26,무통장입금,배송완료
5016,989,2026-02-02,신용카드,배송완료
5017,183,2026-03-04,무통장입금,배송완료
5018,913,2025-11-18,간편결제,배송완료
5019,839,2025-12-29,간편결제,취소
5020,1035,2025-01-22,간편결제,취소
5021,918,2025-12-14,신용카드,배송완료
5022,278,2026-05-28,간편결제,환불
5023,662,2025-11-29,간편결제,배송완료
5024,81,2025-03-27,무통장입금,배송완료
5025,114,2025-07-12,신용카드,배송완료
5026,524,2026-05-27,간편결제,배송완료
5027,1157,2026-01-30,간편결제,배송완료
5028,754,2025-06-19,휴대폰결제,배송완료
5029,457,2025-11-22,간편결제,취소
5030,804,2025-03-01,신용카드,취소
5031,223,2025-02-24,간편결제,배송완료
5032,483,2025-02-18,신용카드,배송완료
5033,752,2025-01-16,간편결제,배송완료
5034,944,2025-11-07,무통장입금,취소
5035,257,2025-01-03,간편결제,배송완료
5036,308,2026-02-26,간편결제,배송완료
5037,249,2026-03-20,신용카드,배송완료
5038,552,2026-04-06,신용카드,배송완료
5039,1112,2025-02-09,신용카드,배송완료
5040,650,2026-04-10,신용카드,배송완료
5041,1089,2025-10-10,간편결제,배송완료
5042,773,2025-06-02,간편결제,배송완료
5043,786,2026-04-13,휴대폰결제,배송완료
5044,996,2025-03-24,간편결제,취소
5045,27,2026-03-09,신용카드,배송완료
5046,867,2025-12-26,계좌이체,환불
5047,758,2025-12-18,신용카드,배송완료
5048,215,2025-12-27,간편결제,배송완료
5049,202,2025-01-07,신용카드,배송완료
5050,391,2026-04-25,무통장입금,배송완료
5051,584,2025-08-12,신용카드,배송완료
5052,747,2025-08-19,신용카드,배송완료
5053,246,2025-08-20,신용카드,배송완료
5054,1149,2025-04-06,간편결제,배송완료
5055,722,2025-07-16,신용카드,배송완료
5056,874,2025-02-22,신용카드,취소
5057,947,2025-01-19,간편결제,배송완료
5058,645,2026-01-02,신용카드,환불
5059,664,2025-05-09,신용카드,배송완료
5060,774,2026-05-31,신용카드,배송완료
5061,1137,2026-02-21,신용카드,배송완료
5062,668,2025-10-07,신용카드,배송완료
5063,404,2025-02-06,신용카드,배송완료
5064,1101,2025-11-07,무통장입금,배송완료
5065,406,2025-08-27,신용카드,배송완료
5066,668,2026-03-23,신용카드,배송완료
5067,1013,2026-06-02,휴대폰결제,배송완료
5068,1110,2026-02-22,간편결제,취소
5069,739,2025-06-30,간편결제,배송완료
5070,390,2025-01-30,휴대폰결제,배송완료
5071,932,2025-03-14,계좌이체,배송완료
5072,955,2025-03-18,신용카드,배송완료
5073,1169,2026-04-04,신용카드,배송완료
5074,843,2026-06-05,신용카드,배송중
5075,769,2025-07-03,무통장입금,환불
5076,438,2025-11-27,간편결제,배송완료
5077,754,2025-10-23,계좌이체,배송완료
5078,723,2026-05-16,신용카드,배송완료
5079,138,2026-02-24,간편결제,배송완료
5080,311,2025-07-24,간편결제,환불
5081,929,2026-03-04,간편결제,배송완료
5082,723,2025-06-02,신용카드,배송완료
5083,232,2025-01-24,신용카드,취소
5084,1011,2026-01-07,간편결제,배송중
5085,752,2025-02-15,신용카드,배송완료
5086,541,2025-10-17,신용카드,배송완료
5087,786,2025-08-04,간편결제,배송완료
5088,584,2025-03-03,신용카드,취소
5089,178,2025-08-06,신용카드,배송완료
5090,147,2026-01-03,신용카드,배송완료
5091,138,2025-07-09,계좌이체,배송완료
5092,679,2026-07-04,신용카드,환불
5093,772,2026-07-07,신용카드,환불
5094,747,2025-02-25,휴대폰결제,배송완료
5095,1016,2025-11-11,휴대폰결제,배송완료
5096,389,2025-04-08,신용카드,배송완료
5097,411,2025-05-08,신용카드,배송준비
5098,1134,2026-06-17,계좌이체,배송완료
5099,818,2025-11-08,신용카드,배송완료
5100,573,2026-04-25,신용카드,배송완료
5101,907,2025-12-23,휴대폰결제,배송완료
5102,138,2026-03-30,신용카드,배송완료
5103,398,2025-12-12,휴대폰결제,배송완료
5104,1091,2026-05-23,신용카드,배송완료
5105,576,2025-08-12,신용카드,배송완료
5106,732,2025-06-11,신용카드,배송완료
5107,404,2026-02-05,신용카드,배송완료
5108,396,2026-07-24,신용카드,배송중
5109,98,2026-04-24,신용카드,배송완료
5110,995,2025-06-14,간편결제,배송완료
5111,1029,2025-08-09,무통장입금,배송완료
5112,550,2026-03-29,휴대폰결제,배송완료
5113,1112,2026-07-09,간편결제,배송완료
5114,354,2025-07-01,간편결제,배송완료
5115,4,2025-06-23,간편결제,배송완료
5116,9,2025-04-20,계좌이체,배송완료
5117,31,2025-09-03,신용카드,배송완료
5118,1167,2026-01-04,계좌이체,배송완료
5119,851,2025-10-11,신용카드,배송완료
5120,804,2025-04-01,계좌이체,취소
5121,612,2025-12-14,신용카드,배송완료
5122,733,2026-05-21,간편결제,배송완료
5123,299,2025-03-02,신용카드,배송완료
5124,955,2025-02-09,신용카드,배송완료
5125,327,2026-05-15,간편결제,배송완료
5126,521,2025-01-05,간편결제,배송완료
5127,119,2025-12-01,신용카드,배송완료
5128,1125,2026-04-11,신용카드,배송완료
5129,765,2025-12-03,신용카드,배송완료
5130,300,2025-03-30,휴대폰결제,배송완료
5131,928,2026-01-06,신용카드,취소
5132,435,2026-03-25,간편결제,배송완료
5133,653,2026-05-04,무통장입금,배송완료
5134,893,2026-02-21,간편결제,배송완료
5135,796,2026-03-27,간편결제,배송완료
5136,433,2025-08-09,신용카드,배송완료
5137,213,2025-12-29,간편결제,배송완료
5138,80,2025-10-19,신용카드,배송완료
5139,933,2025-09-04,휴대폰결제,배송완료
5140,580,2026-07-14,휴대폰결제,배송완료
5141,974,2025-12-31,신용카드,배송완료
5142,199,2025-10-19,간편결제,배송완료
5143,216,2025-12-13,신용카드,배송완료
5144,1147,2026-03-31,간편결제,배송완료
5145,389,2025-01-19,신용카드,배송완료
5146,680,2025-01-27,신용카드,배송완료
5147,1023,2026-04-13,신용카드,배송완료
5148,265,2025-09-05,신용카드,환불
5149,886,2025-04-27,신용카드,배송완료
5150,742,2026-03-17,무통장입금,배송완료
5151,1075,2026-02-03,휴대폰결제,배송완료
5152,573,2026-06-08,간편결제,배송완료
5153,187,2025-04-16,신용카드,배송완료
5154,375,2026-03-21,신용카드,배송완료
5155,1038,2026-06-06,계좌이체,배송완료
5156,945,2026-02-24,신용카드,배송완료
5157,809,2025-04-04,신용카드,배송완료
5158,408,2025-11-03,간편결제,배송완료
5159,67,2026-04-28,간편결제,배송완료
5160,856,2025-04-19,휴대폰결제,배송완료
5161,796,2026-05-12,신용카드,배송완료
5162,223,2025-01-18,신용카드,배송완료
5163,707,2025-11-07,신용카드,배송완료
5164,14,2025-02-23,간편결제,배송완료
5165,299,2026-01-16,신용카드,배송완료
5166,695,2026-05-23,신용카드,배송완료
5167,1095,2026-06-28,신용카드,배송완료
5168,670,2025-12-10,계좌이체,배송완료
5169,5,2025-05-04,계좌이체,환불
5170,499,2026-02-15,신용카드,배송완료
5171,241,2026-04-05,무통장입금,배송완료
5172,1054,2025-04-21,신용카드,배송완료
5173,496,2025-01-16,신용카드,배송완료
5174,404,2025-12-26,무통장입금,배송완료
5175,612,2026-02-26,신용카드,배송완료
5176,759,2025-04-13,계좌이체,배송완료
5177,465,2026-07-11,신용카드,환불
5178,1037,2025-06-12,신용카드,배송완료
5179,484,2025-06-17,간편결제,배송완료
5180,852,2025-12-01,계좌이체,배송완료
5181,134,2025-12-05,간편결제,배송완료
5182,9,2025-12-02,신용카드,배송완료
5183,501,2025-09-17,간편결제,배송완료
5184,814,2025-09-25,신용카드,취소
5185,375,2025-12-23,간편결제,배송완료
5186,62,2025-06-03,신용카드,배송완료
5187,672,2025-12-07,신용카드,배송완료
5188,774,2026-05-21,간편결제,배송완료
5189,553,2025-05-18,무통장입금,배송완료
5190,770,2025-03-21,간편결제,배송완료
5191,55,2026-01-29,간편결제,배송완료
5192,1183,2025-02-22,신용카드,배송완료
5193,408,2025-01-16,신용카드,환불
5194,186,2026-07-06,신용카드,배송완료
5195,39,2025-01-08,무통장입금,배송완료
5196,374,2026-03-07,신용카드,배송완료
5197,1171,2025-04-11,간편결제,배송완료
5198,1173,2025-03-24,신용카드,배송완료
5199,246,2025-07-21,신용카드,배송완료
5200,729,2025-12-15,계좌이체,배송완료
5201,10,2026-07-24,휴대폰결제,배송준비
5202,477,2025-05-15,계좌이체,배송완료
5203,274,2026-06-10,신용카드,배송완료
5204,958,2025-12-06,간편결제,배송완료
5205,537,2026-05-28,신용카드,배송완료
5206,388,2026-02-06,간편결제,배송완료
5207,1197,2025-08-07,신용카드,취소
5208,1174,2025-08-06,신용카드,배송중
5209,1025,2025-03-31,간편결제,배송완료
5210,478,2025-11-16,휴대폰결제,배송완료
5211,143,2025-08-21,신용카드,배송완료
5212,303,2026-04-18,신용카드,배송완료
5213,163,2025-11-01,신용카드,배송완료
5214,1049,2026-05-02,신용카드,배송완료
5215,1056,2025-05-14,휴대폰결제,배송완료
5216,283,2025-09-15,신용카드,취소
5217,578,2026-05-09,간편결제,배송완료
5218,932,2026-01-27,신용카드,배송완료
5219,637,2026-05-23,간편결제,배송완료
5220,950,2025-12-02,휴대폰결제,배송완료
5221,786,2025-03-31,신용카드,배송완료
5222,1120,2026-01-15,휴대폰결제,배송완료
5223,1085,2026-02-07,휴대폰결제,취소
5224,433,2025-10-29,계좌이체,배송완료
5225,457,2025-12-06,신용카드,배송완료
5226,702,2025-12-31,간편결제,배송완료
5227,319,2025-02-24,간편결제,환불
5228,169,2025-06-29,간편결제,배송완료
5229,879,2026-06-02,휴대폰결제,배송완료
5230,1004,2025-12-12,신용카드,배송완료
5231,729,2026-04-07,신용카드,배송완료
5232,969,2025-04-30,계좌이체,배송완료
5233,135,2025-04-05,간편결제,배송완료
5234,923,2026-03-07,신용카드,배송완료
5235,884,2026-02-07,신용카드,배송완료
5236,669,2025-07-04,간편결제,배송완료
5237,997,2025-08-02,신용카드,배송완료
5238,289,2025-03-21,간편결제,배송완료
5239,851,2025-03-11,간편결제,배송완료
5240,912,2025-07-07,신용카드,배송완료
5241,221,2026-02-06,신용카드,배송완료
5242,146,2025-08-13,간편결제,환불
5243,159,2026-07-12,휴대폰결제,결제완료
5244,306,2026-04-03,신용카드,배송완료
5245,523,2026-05-13,간편결제,취소
5246,488,2025-12-16,계좌이체,배송완료
5247,220,2025-05-11,간편결제,배송완료
5248,424,2025-11-24,휴대폰결제,배송완료
5249,565,2025-05-19,신용카드,배송완료
5250,369,2025-03-23,신용카드,배송완료
5251,222,2025-11-14,휴대폰결제,배송완료
5252,148,2026-05-16,계좌이체,배송완료
5253,176,2026-07-26,간편결제,배송중
5254,158,2026-01-11,간편결제,배송중
5255,733,2026-03-20,신용카드,배송완료
5256,331,2026-04-20,간편결제,배송완료
5257,941,2025-12-27,간편결제,배송완료
5258,885,2025-06-21,신용카드,배송중
5259,903,2026-07-13,신용카드,배송완료
5260,1031,2025-11-13,계좌이체,배송중
5261,943,2025-04-21,휴대폰결제,배송완료
5262,68,2026-07-25,계좌이체,취소
5263,13,2025-11-10,간편결제,배송완료
5264,997,2025-01-08,신용카드,배송완료
5265,128,2026-06-22,계좌이체,배송완료
5266,61,2025-10-05,신용카드,배송완료
5267,707,2025-12-06,간편결제,배송완료
5268,227,2025-12-09,신용카드,배송완료
5269,871,2025-04-19,신용카드,배송완료
5270,653,2025-10-19,간편결제,배송완료
5271,134,2026-05-18,계좌이체,배송완료
5272,62,2025-05-15,신용카드,배송완료
5273,132,2025-08-25,신용카드,취소
5274,617,2026-04-23,간편결제,배송완료
5275,588,2025-05-09,간편결제,배송완료
5276,575,2025-12-30,신용카드,배송완료
5277,926,2025-02-26,무통장입금,배송완료
5278,887,2025-12-11,계좌이체,배송완료
5279,835,2026-03-06,신용카드,배송완료
5280,618,2026-05-09,신용카드,배송완료
5281,353,2025-07-04,신용카드,배송완료
5282,861,2025-10-21,무통장입금,배송완료
5283,130,2026-02-24,간편결제,배송완료
5284,413,2025-08-24,계좌이체,배송완료
5285,88,2026-02-03,신용카드,배송완료
5286,930,2025-11-14,신용카드,배송완료
5287,965,2026-06-22,휴대폰결제,배송완료
5288,868,2026-03-14,신용카드,배송완료
5289,1021,2026-01-07,간편결제,배송중
5290,929,2025-11-06,간편결제,배송완료
5291,586,2025-10-12,신용카드,배송완료
5292,19,2025-04-01,계좌이체,배송완료
5293,733,2025-12-08,신용카드,배송완료
5294,1056,2025-09-19,간편결제,배송완료
5295,54,2025-12-27,계좌이체,배송중
5296,1044,2025-10-28,신용카드,배송완료
5297,1166,2025-05-04,신용카드,취소
5298,489,2026-03-23,간편결제,배송완료
5299,550,2026-07-04,계좌이체,배송완료
5300,14,2025-05-17,신용카드,배송완료
5301,334,2025-04-13,간편결제,배송완료
5302,864,2025-02-19,계좌이체,배송완료
5303,655,2026-07-28,신용카드,배송중
5304,979,2026-03-13,신용카드,배송완료
5305,514,2026-04-17,계좌이체,취소
5306,398,2026-06-16,휴대폰결제,배송중
5307,232,2025-12-29,계좌이체,배송완료
5308,726,2025-01-21,간편결제,배송완료
5309,14,2026-01-24,신용카드,배송완료
5310,364,2025-05-27,계좌이체,배송완료
5311,792,2025-05-17,계좌이체,배송완료
5312,420,2026-05-21,신용카드,환불
5313,418,2025-11-17,계좌이체,배송완료
5314,721,2025-10-18,신용카드,배송완료
5315,480,2025-12-24,신용카드,배송완료
5316,1042,2025-05-17,신용카드,배송완료
5317,306,2025-05-27,신용카드,배송완료
5318,315,2026-07-12,휴대폰결제,배송준비
5319,975,2025-10-14,휴대폰결제,배송완료
5320,744,2025-04-25,신용카드,배송완료
5321,266,2026-05-30,계좌이체,배송완료
5322,393,2026-07-16,신용카드,배송중
5323,278,2026-04-19,신용카드,배송완료
5324,779,2025-03-17,휴대폰결제,배송완료
5325,445,2025-02-16,무통장입금,배송완료
5326,990,2025-08-28,신용카드,배송완료
5327,750,2025-11-18,간편결제,취소
5328,756,2026-04-11,간편결제,배송완료
5329,667,2026-03-22,신용카드,배송완료
5330,330,2026-04-02,계좌이체,취소
5331,1064,2025-11-20,간편결제,배송완료
5332,418,2025-09-16,신용카드,배송완료
5333,140,2025-10-30,신용카드,배송완료
5334,851,2026-02-05,간편결제,배송완료
5335,572,2026-05-26,무통장입금,배송완료
5336,1146,2025-02-16,신용카드,배송완료
5337,356,2025-01-31,간편결제,배송완료
5338,385,2025-06-21,계좌이체,배송완료
5339,756,2025-07-02,계좌이체,배송완료
5340,470,2026-05-12,신용카드,배송완료
5341,672,2025-11-15,신용카드,취소
5342,52,2026-07-06,신용카드,배송완료
5343,790,2025-03-21,간편결제,배송중
5344,1019,2026-03-04,신용카드,배송완료
5345,585,2025-04-24,계좌이체,배송완료
5346,514,2025-08-12,간편결제,배송완료
5347,474,2026-07-04,간편결제,배송완료
5348,359,2025-08-16,무통장입금,배송완료
5349,89,2025-07-04,신용카드,배송완료
5350,263,2025-08-07,신용카드,배송완료
5351,376,2025-10-15,휴대폰결제,배송완료
5352,47,2026-07-31,계좌이체,배송중
5353,661,2025-10-26,신용카드,배송완료
5354,951,2025-04-28,계좌이체,배송완료
5355,105,2025-04-17,휴대폰결제,배송완료
5356,586,2026-04-29,계좌이체,배송완료
5357,1182,2025-09-25,신용카드,배송완료
5358,953,2025-02-18,무통장입금,취소
5359,945,2025-08-12,무통장입금,배송완료
5360,548,2025-04-02,간편결제,배송완료
5361,905,2025-07-24,신용카드,배송완료
5362,1149,2025-01-15,신용카드,배송완료
5363,789,2026-07-29,신용카드,배송중
5364,697,2025-02-13,신용카드,배송준비
5365,39,2025-04-20,계좌이체,취소
5366,1064,2025-06-27,계좌이체,배송완료
5367,391,2025-03-12,신용카드,배송완료
5368,905,2025-01-02,신용카드,배송완료
5369,870,2025-11-06,간편결제,배송완료
5370,1088,2026-05-30,간편결제,배송완료
5371,541,2025-03-20,신용카드,배송완료
5372,221,2025-04-13,휴대폰결제,배송중
5373,1189,2025-08-17,신용카드,배송완료
5374,869,2025-12-21,무통장입금,배송완료
5375,1152,2025-09-02,신용카드,배송완료
5376,1037,2025-01-15,계좌이체,환불
5377,168,2025-11-25,신용카드,배송완료
5378,667,2025-11-04,간편결제,배송완료
5379,1011,2025-12-03,신용카드,배송완료
5380,10,2026-07-19,간편결제,결제완료
5381,109,2025-12-06,휴대폰결제,배송완료
5382,297,2025-04-24,계좌이체,배송완료
5383,641,2026-07-27,간편결제,배송준비
5384,880,2025-04-25,휴대폰결제,배송완료
5385,605,2025-03-22,간편결제,배송완료
5386,241,2026-05-08,신용카드,배송완료
5387,712,2025-02-15,계좌이체,배송완료
5388,621,2026-02-22,신용카드,배송완료
5389,189,2025-07-20,휴대폰결제,배송완료
5390,972,2025-03-24,신용카드,배송완료
5391,1038,2025-05-30,간편결제,배송완료
5392,990,2025-06-01,신용카드,배송완료
5393,1106,2025-05-21,계좌이체,배송완료
5394,628,2025-12-31,계좌이체,배송완료
5395,912,2026-03-21,신용카드,배송완료
5396,449,2025-11-26,신용카드,배송완료
5397,940,2025-11-04,신용카드,배송완료
5398,1017,2025-11-24,간편결제,배송완료
5399,331,2025-03-01,간편결제,배송완료
5400,376,2025-05-30,신용카드,배송완료
5401,222,2025-07-24,간편결제,배송완료
5402,1024,2026-03-17,간편결제,취소
5403,726,2025-03-24,신용카드,배송완료
5404,671,2026-04-25,신용카드,배송완료
5405,879,2025-02-06,신용카드,취소
5406,490,2026-02-17,신용카드,배송완료
5407,987,2025-09-09,간편결제,배송완료
5408,401,2026-01-20,신용카드,배송완료
5409,205,2025-05-23,간편결제,배송완료
5410,374,2025-09-28,신용카드,배송중
5411,1188,2026-07-04,휴대폰결제,취소
5412,1037,2025-08-12,신용카드,배송완료
5413,1088,2025-02-24,신용카드,환불
5414,255,2025-02-08,신용카드,배송완료
5415,453,2026-01-08,신용카드,배송완료
5416,725,2025-09-11,휴대폰결제,배송완료
5417,432,2026-03-24,계좌이체,환불
5418,314,2025-10-07,간편결제,환불
5419,62,2025-12-01,신용카드,배송완료
5420,633,2026-05-28,신용카드,배송완료
5421,635,2026-07-25,간편결제,결제완료
5422,738,2025-04-08,간편결제,배송완료
5423,674,2026-04-11,휴대폰결제,배송완료
5424,57,2025-09-28,계좌이체,배송완료
5425,384,2025-05-07,간편결제,배송완료
5426,384,2025-02-20,간편결제,배송완료
5427,601,2025-12-06,신용카드,환불
5428,614,2025-12-24,간편결제,배송완료
5429,444,2025-12-09,계좌이체,배송완료
5430,436,2025-06-24,신용카드,취소
5431,542,2025-09-13,신용카드,배송완료
5432,725,2025-08-24,간편결제,배송완료
5433,491,2026-04-20,신용카드,배송완료
5434,329,2026-03-12,신용카드,배송완료
5435,337,2025-12-28,신용카드,배송완료
5436,129,2026-06-22,간편결제,환불
5437,197,2026-03-14,휴대폰결제,배송완료
5438,395,2026-02-20,신용카드,환불
5439,346,2026-03-12,신용카드,배송완료
5440,246,2026-02-05,무통장입금,배송완료
5441,1141,2026-06-28,신용카드,배송완료
5442,224,2026-06-30,신용카드,취소
5443,604,2025-03-14,계좌이체,배송완료
5444,1070,2025-06-14,간편결제,배송완료
5445,396,2026-04-16,신용카드,배송완료
5446,445,2025-07-05,신용카드,배송완료
5447,946,2026-01-17,계좌이체,배송완료
5448,103,2025-04-06,간편결제,배송완료
5449,460,2026-03-04,간편결제,배송완료
5450,105,2025-02-05,신용카드,배송완료
5451,1174,2025-09-08,신용카드,배송완료
5452,160,2025-03-28,신용카드,배송완료
5453,198,2025-07-25,간편결제,배송완료
5454,734,2025-07-17,휴대폰결제,배송완료
5455,282,2026-06-06,계좌이체,배송완료
5456,247,2026-01-26,신용카드,배송완료
5457,4,2025-03-09,계좌이체,배송완료
5458,1153,2025-12-27,신용카드,배송완료
5459,1101,2025-10-07,무통장입금,배송완료
5460,187,2025-03-26,신용카드,배송완료
5461,281,2025-09-10,계좌이체,배송완료
5462,222,2025-04-15,신용카드,배송완료
5463,1182,2026-03-02,간편결제,배송완료
5464,697,2025-12-11,계좌이체,배송완료
5465,202,2025-02-10,신용카드,환불
5466,974,2026-03-19,계좌이체,배송완료
5467,377,2026-05-21,계좌이체,배송완료
5468,906,2025-04-29,신용카드,배송완료
5469,1150,2025-11-09,계좌이체,배송완료
5470,53,2025-11-18,신용카드,배송완료
5471,566,2025-03-22,간편결제,배송완료
5472,248,2026-02-04,신용카드,배송완료
5473,422,2026-04-16,신용카드,배송완료
5474,1025,2026-07-07,신용카드,배송완료
5475,257,2025-12-31,무통장입금,배송완료
5476,493,2026-01-11,간편결제,배송완료
5477,1019,2025-04-05,신용카드,배송완료
5478,1049,2026-01-10,간편결제,배송완료
5479,825,2026-02-12,신용카드,배송완료
5480,869,2026-02-01,휴대폰결제,배송완료
5481,471,2025-09-06,간편결제,배송중
5482,901,2025-04-29,계좌이체,배송완료
5483,500,2026-03-20,신용카드,배송완료
5484,861,2025-05-17,계좌이체,배송완료
5485,760,2025-12-03,무통장입금,취소
5486,324,2025-03-29,신용카드,배송완료
5487,468,2025-05-04,신용카드,배송완료
5488,730,2026-07-22,간편결제,배송중
5489,488,2026-01-17,신용카드,취소
5490,167,2025-05-01,간편결제,배송완료
5491,753,2025-04-29,간편결제,배송완료
5492,21,2025-01-30,계좌이체,배송완료
5493,999,2025-09-12,신용카드,배송완료
5494,702,2025-11-10,계좌이체,취소
5495,285,2025-04-06,휴대폰결제,배송완료
5496,26,2025-12-13,휴대폰결제,배송완료
5497,574,2025-09-13,무통장입금,배송완료
5498,645,2026-05-22,신용카드,배송완료
5499,765,2026-01-22,계좌이체,배송완료
5500,118,2025-01-04,계좌이체,배송완료
5501,852,2025-08-31,무통장입금,배송완료
5502,1197,2025-12-07,간편결제,배송완료
5503,1143,2026-06-24,간편결제,배송완료
5504,977,2025-02-03,간편결제,배송완료
5505,872,2026-06-09,계좌이체,배송완료
5506,357,2025-08-17,신용카드,배송완료
5507,718,2025-12-09,계좌이체,배송완료
5508,374,2025-06-03,무통장입금,배송완료
5509,1135,2025-06-28,신용카드,배송완료
5510,290,2025-12-24,계좌이체,배송완료
5511,258,2025-10-31,휴대폰결제,환불
5512,1079,2025-11-02,간편결제,배송완료
5513,376,2025-03-03,신용카드,배송완료
5514,342,2025-08-25,신용카드,배송완료
5515,785,2025-10-01,신용카드,배송완료
5516,1094,2026-03-14,신용카드,배송완료
5517,1138,2026-05-29,신용카드,배송완료
5518,281,2025-10-07,간편결제,배송완료
5519,999,2026-06-16,신용카드,배송완료
5520,742,2025-11-20,신용카드,배송완료
5521,1062,2026-05-28,휴대폰결제,배송완료
5522,507,2025-08-16,신용카드,배송완료
5523,402,2026-04-14,휴대폰결제,배송완료
5524,116,2026-03-14,신용카드,배송완료
5525,916,2026-06-17,신용카드,배송완료
5526,143,2025-02-01,휴대폰결제,배송완료
5527,710,2025-08-14,신용카드,배송완료
5528,1041,2026-07-24,간편결제,배송완료
5529,1063,2026-01-05,신용카드,배송완료
5530,353,2026-05-25,계좌이체,배송완료
5531,1063,2025-04-07,신용카드,배송완료
5532,199,2026-01-09,간편결제,배송완료
5533,278,2025-08-12,신용카드,배송완료
5534,997,2025-04-07,계좌이체,취소
5535,1069,2026-02-02,신용카드,배송완료
5536,327,2025-04-25,휴대폰결제,배송완료
5537,22,2025-11-02,간편결제,배송완료
5538,737,2025-08-31,신용카드,배송완료
5539,1070,2026-03-16,계좌이체,배송완료
5540,920,2025-12-03,신용카드,배송완료
5541,943,2025-08-04,간편결제,취소
5542,274,2026-03-02,계좌이체,배송완료
5543,415,2025-04-27,신용카드,배송완료
5544,978,2025-04-03,무통장입금,배송완료
5545,58,2026-05-19,무통장입금,환불
5546,1019,2025-03-07,계좌이체,배송완료
5547,932,2025-01-30,신용카드,배송완료
5548,1102,2026-04-04,계좌이체,배송완료
5549,285,2025-03-08,휴대폰결제,배송완료
5550,457,2025-10-11,계좌이체,배송완료
5551,465,2025-06-27,신용카드,배송완료
5552,604,2025-07-24,신용카드,배송완료
5553,294,2025-10-11,간편결제,배송완료
5554,451,2025-11-02,간편결제,배송완료
5555,912,2025-10-03,휴대폰결제,배송완료
5556,173,2026-04-13,무통장입금,배송완료
5557,644,2025-06-04,신용카드,배송완료
5558,375,2025-12-12,간편결제,배송완료
5559,311,2025-05-22,휴대폰결제,취소
5560,867,2025-04-22,신용카드,환불
5561,1135,2025-06-18,간편결제,배송완료
5562,85,2025-03-01,신용카드,배송완료
5563,966,2025-02-13,신용카드,배송완료
5564,583,2026-05-27,휴대폰결제,취소
5565,185,2025-12-10,신용카드,배송완료
5566,536,2026-06-27,계좌이체,배송중
5567,237,2025-10-30,신용카드,배송완료
5568,413,2026-04-25,휴대폰결제,배송완료
5569,1088,2026-06-09,간편결제,취소
5570,130,2025-05-30,신용카드,배송완료
5571,298,2026-03-09,신용카드,배송완료
5572,354,2025-11-12,무통장입금,배송완료
5573,153,2025-02-23,신용카드,배송완료
5574,1153,2025-06-03,간편결제,배송준비
5575,356,2025-06-26,휴대폰결제,배송완료
5576,1012,2026-04-14,간편결제,배송완료
5577,590,2026-01-29,신용카드,배송완료
5578,56,2025-12-23,간편결제,취소
5579,770,2026-01-25,계좌이체,배송준비
5580,135,2025-10-22,휴대폰결제,배송완료
5581,734,2026-04-06,신용카드,배송완료
5582,665,2025-09-29,간편결제,배송완료
5583,21,2025-12-12,신용카드,배송완료
5584,664,2026-05-15,신용카드,배송완료
5585,1038,2026-04-28,신용카드,취소
5586,424,2026-03-24,신용카드,배송완료
5587,277,2025-12-28,신용카드,배송완료
5588,543,2025-12-29,신용카드,배송완료
5589,927,2025-06-08,간편결제,배송완료
5590,1042,2025-01-24,휴대폰결제,배송완료
5591,633,2025-03-02,신용카드,배송완료
5592,479,2026-02-14,무통장입금,배송완료
5593,510,2025-12-04,간편결제,배송준비
5594,61,2025-07-30,신용카드,배송완료
5595,1142,2026-01-25,신용카드,환불
5596,733,2026-02-01,간편결제,배송완료
5597,449,2025-12-19,신용카드,배송완료
5598,213,2025-11-17,계좌이체,배송완료
5599,313,2025-10-25,신용카드,배송완료
5600,770,2025-05-14,간편결제,배송완료
5601,969,2025-05-24,휴대폰결제,배송완료
5602,1102,2025-04-05,간편결제,결제완료
5603,329,2026-05-30,신용카드,배송완료
5604,1146,2025-04-25,신용카드,배송완료
5605,1136,2026-04-27,신용카드,결제완료
5606,347,2025-10-30,간편결제,배송완료
5607,1011,2025-07-01,간편결제,배송완료
5608,428,2025-03-12,휴대폰결제,배송완료
5609,773,2025-04-28,계좌이체,배송완료
5610,19,2026-04-13,계좌이체,취소
5611,505,2025-03-13,신용카드,환불
5612,586,2025-03-20,계좌이체,배송완료
5613,848,2025-05-16,신용카드,배송완료
5614,85,2026-03-12,신용카드,취소
5615,713,2025-03-30,무통장입금,배송완료
5616,1050,2026-04-11,신용카드,배송완료
5617,829,2025-12-27,신용카드,배송완료
5618,940,2026-05-02,신용카드,취소
5619,41,2026-06-16,신용카드,배송완료
5620,645,2025-08-13,신용카드,배송완료
5621,267,2026-01-30,신용카드,배송완료
5622,190,2025-07-31,계좌이체,배송완료
5623,664,2026-06-15,계좌이체,배송완료
5624,1115,2025-11-14,간편결제,배송완료
5625,835,2026-04-16,신용카드,배송완료
5626,685,2025-11-17,간편결제,배송완료
5627,566,2025-03-10,신용카드,배송완료
5628,1023,2025-04-28,계좌이체,배송완료
5629,969,2025-03-31,신용카드,배송완료
5630,344,2025-06-07,간편결제,배송완료
5631,838,2025-10-16,신용카드,배송완료
5632,337,2025-09-16,계좌이체,배송완료
5633,587,2026-05-06,신용카드,배송완료
5634,651,2025-06-30,간편결제,배송완료
5635,447,2025-08-10,간편결제,배송완료
5636,143,2026-01-01,무통장입금,배송완료
5637,39,2025-06-13,계좌이체,배송완료
5638,1046,2026-04-25,신용카드,배송완료
5639,608,2025-11-21,계좌이체,배송완료
5640,905,2025-10-19,무통장입금,배송완료
5641,428,2026-06-05,신용카드,환불
5642,831,2026-05-16,간편결제,배송완료
5643,389,2025-04-25,계좌이체,배송완료
5644,335,2025-11-24,계좌이체,배송완료
5645,728,2025-11-27,신용카드,배송완료
5646,910,2025-02-25,신용카드,배송완료
5647,1160,2025-01-22,신용카드,배송완료
5648,871,2026-03-24,신용카드,배송완료
5649,1001,2026-07-19,신용카드,배송완료
5650,623,2026-02-24,신용카드,환불
5651,285,2026-02-14,간편결제,환불
5652,32,2026-04-28,계좌이체,배송완료
5653,1143,2025-12-07,간편결제,배송완료
5654,881,2026-04-30,계좌이체,배송완료
5655,910,2026-06-20,무통장입금,배송완료
5656,413,2025-08-14,신용카드,배송완료
5657,221,2026-07-23,신용카드,배송완료
5658,893,2026-01-16,간편결제,배송완료
5659,604,2025-09-21,무통장입금,배송완료
5660,617,2025-12-26,계좌이체,배송완료
5661,105,2026-04-18,신용카드,배송완료
5662,229,2025-07-31,신용카드,배송완료
5663,1111,2025-05-24,신용카드,배송완료
5664,299,2025-12-04,신용카드,배송완료
5665,1064,2026-05-19,신용카드,배송완료
5666,189,2026-03-17,신용카드,배송완료
5667,562,2026-04-04,간편결제,취소
5668,74,2025-09-29,신용카드,배송완료
5669,34,2025-11-03,신용카드,배송완료
5670,902,2025-05-01,신용카드,배송완료
5671,711,2026-05-17,신용카드,배송완료
5672,775,2025-11-21,계좌이체,배송완료
5673,190,2026-07-02,간편결제,배송완료
5674,1108,2026-03-04,간편결제,배송완료
5675,173,2025-08-25,간편결제,환불
5676,1035,2026-06-09,신용카드,배송완료
5677,591,2025-12-17,휴대폰결제,배송완료
5678,389,2025-03-19,신용카드,환불
5679,435,2025-12-03,계좌이체,배송완료
5680,593,2025-04-30,신용카드,취소
5681,144,2025-12-25,신용카드,환불
5682,604,2025-03-04,신용카드,배송완료
5683,508,2025-05-31,신용카드,배송완료
5684,260,2026-07-19,간편결제,배송완료
5685,143,2025-02-03,간편결제,환불
5686,60,2025-01-02,신용카드,배송완료
5687,1081,2025-01-12,간편결제,배송완료
5688,866,2026-04-02,신용카드,배송완료
5689,169,2026-07-04,신용카드,환불
5690,285,2025-02-28,간편결제,배송완료
5691,39,2026-03-05,신용카드,배송완료
5692,1123,2026-04-29,신용카드,환불
5693,896,2026-01-31,무통장입금,배송완료
5694,402,2025-12-25,간편결제,배송완료
5695,1166,2025-02-17,신용카드,배송완료
5696,954,2025-10-05,신용카드,배송완료
5697,926,2025-04-26,휴대폰결제,배송완료
5698,880,2025-10-02,휴대폰결제,배송중
5699,905,2026-05-24,간편결제,배송완료
5700,283,2025-10-25,계좌이체,배송완료
5701,561,2026-02-27,신용카드,배송완료
5702,68,2025-10-17,간편결제,배송완료
5703,334,2025-01-16,신용카드,배송완료
5704,1055,2025-04-06,신용카드,배송완료
5705,1014,2026-06-19,계좌이체,배송완료
5706,951,2025-03-21,간편결제,배송완료
5707,3,2026-03-04,간편결제,배송완료
5708,612,2026-03-06,간편결제,배송완료
5709,1102,2026-01-23,신용카드,배송완료
5710,741,2025-12-24,간편결제,배송완료
5711,473,2025-03-10,신용카드,환불
5712,1123,2025-07-26,신용카드,배송완료
5713,729,2025-04-03,신용카드,배송완료
5714,1181,2026-07-09,신용카드,배송완료
5715,608,2025-09-07,신용카드,배송완료
5716,842,2025-07-14,계좌이체,배송완료
5717,502,2025-11-18,신용카드,배송완료
5718,992,2025-11-11,신용카드,배송완료
5719,461,2026-05-23,간편결제,배송완료
5720,191,2026-03-21,신용카드,배송완료
5721,434,2026-04-13,계좌이체,배송완료
5722,396,2026-05-29,신용카드,배송완료
5723,710,2025-03-09,신용카드,배송완료
5724,634,2025-12-04,신용카드,배송완료
5725,753,2025-05-31,간편결제,배송완료
5726,1149,2025-08-12,신용카드,배송완료
5727,959,2025-07-19,신용카드,배송완료
5728,913,2025-09-11,간편결제,배송완료
5729,553,2025-07-14,간편결제,배송완료
5730,553,2026-05-24,신용카드,환불
5731,116,2025-11-14,신용카드,배송완료
5732,86,2025-11-22,무통장입금,취소
5733,249,2025-09-14,계좌이체,배송완료
5734,347,2025-08-15,휴대폰결제,배송완료
5735,345,2026-02-19,간편결제,배송완료
5736,121,2026-01-08,간편결제,배송완료
5737,202,2025-11-03,간편결제,배송완료
5738,4,2026-05-13,신용카드,배송완료
5739,296,2025-12-01,무통장입금,배송완료
5740,836,2026-04-05,신용카드,취소
5741,26,2025-11-06,신용카드,배송완료
5742,465,2026-02-02,신용카드,환불
5743,208,2025-03-26,계좌이체,배송완료
5744,1062,2025-12-17,휴대폰결제,배송완료
5745,358,2025-09-12,간편결제,배송완료
5746,485,2025-05-25,계좌이체,배송완료
5747,640,2026-07-31,간편결제,배송준비
5748,465,2025-01-13,간편결제,배송완료
5749,474,2026-02-20,신용카드,취소
5750,793,2025-09-25,신용카드,배송완료
5751,511,2025-09-14,신용카드,배송완료
5752,954,2026-03-24,간편결제,배송완료
5753,1081,2025-09-24,간편결제,취소
5754,917,2025-11-27,간편결제,환불
5755,348,2025-10-30,신용카드,배송완료
5756,895,2025-12-03,신용카드,배송완료
5757,630,2026-07-29,무통장입금,배송중
5758,335,2026-03-21,신용카드,배송준비
5759,492,2025-05-12,신용카드,배송완료
5760,153,2025-09-21,계좌이체,배송완료
5761,169,2026-05-29,신용카드,배송완료
5762,753,2026-04-26,계좌이체,배송완료
5763,22,2025-01-01,간편결제,취소
5764,463,2025-06-18,간편결제,배송완료
5765,136,2026-03-10,신용카드,취소
5766,116,2025-07-21,계좌이체,배송완료
5767,845,2025-11-15,신용카드,배송준비
5768,1197,2026-03-30,계좌이체,배송완료
5769,974,2026-04-05,간편결제,배송완료
5770,991,2026-03-21,간편결제,배송완료
5771,1087,2026-07-24,무통장입금,배송중
5772,1104,2025-10-10,간편결제,취소
5773,1143,2026-01-16,간편결제,배송완료
5774,674,2025-09-11,간편결제,배송완료
5775,1086,2025-06-25,간편결제,배송완료
5776,953,2026-06-29,신용카드,취소
5777,814,2025-01-14,간편결제,배송완료
5778,927,2025-10-27,신용카드,배송완료
5779,80,2025-11-20,신용카드,환불
5780,255,2025-05-03,신용카드,취소
5781,1198,2025-01-01,간편결제,배송완료
5782,1035,2025-02-17,간편결제,배송완료
5783,171,2026-05-31,신용카드,배송완료
5784,585,2026-03-02,신용카드,배송완료
5785,688,2026-02-24,신용카드,취소
5786,221,2025-08-17,간편결제,배송완료
5787,508,2025-05-31,간편결제,취소
5788,689,2026-07-17,계좌이체,배송완료
5789,896,2026-07-01,신용카드,배송완료
5790,1127,2025-05-25,계좌이체,배송완료
5791,670,2025-08-02,신용카드,취소
5792,521,2025-08-19,간편결제,배송완료
5793,62,2025-03-15,신용카드,배송완료
5794,407,2026-03-19,신용카드,배송완료
5795,194,2025-11-01,간편결제,배송완료
5796,781,2025-12-19,계좌이체,배송완료
5797,1006,2025-12-11,계좌이체,배송완료
5798,648,2026-05-19,간편결제,배송완료
5799,463,2025-10-21,간편결제,배송완료
5800,23,2026-01-14,간편결제,배송완료
5801,401,2025-09-03,계좌이체,배송완료
5802,920,2026-03-02,휴대폰결제,배송완료
5803,707,2025-11-22,신용카드,배송완료
5804,292,2025-03-22,계좌이체,배송완료
5805,433,2026-06-06,신용카드,배송완료
5806,704,2025-12-04,간편결제,배송완료
5807,774,2025-11-22,신용카드,취소
5808,912,2025-07-27,신용카드,취소
5809,855,2025-01-11,계좌이체,배송완료
5810,984,2025-04-22,간편결제,배송완료
5811,639,2026-06-07,신용카드,배송완료
5812,448,2026-01-20,계좌이체,배송완료
5813,190,2025-10-20,계좌이체,배송완료
5814,32,2025-07-16,신용카드,환불
5815,5,2025-12-28,신용카드,배송완료
5816,405,2025-10-03,간편결제,배송완료
5817,873,2026-03-29,신용카드,배송완료
5818,1174,2026-01-18,간편결제,배송완료
5819,1087,2025-11-03,계좌이체,배송완료
5820,116,2025-10-26,간편결제,배송완료
5821,237,2025-05-17,무통장입금,배송완료
5822,878,2025-05-02,계좌이체,배송완료
5823,995,2026-04-06,간편결제,배송완료
5824,1034,2025-01-25,간편결제,배송완료
5825,1188,2025-07-23,신용카드,배송완료
5826,575,2025-10-16,휴대폰결제,배송완료
5827,82,2026-01-07,신용카드,취소
5828,90,2025-03-07,신용카드,배송완료
5829,681,2026-01-07,간편결제,배송완료
5830,159,2026-07-15,신용카드,배송완료
5831,635,2025-06-26,계좌이체,배송완료
5832,299,2025-05-17,간편결제,배송완료
5833,129,2026-03-10,휴대폰결제,배송완료
5834,259,2026-06-10,신용카드,배송완료
5835,1147,2025-04-16,신용카드,배송완료
5836,405,2025-06-19,계좌이체,취소
5837,685,2025-10-29,휴대폰결제,배송완료
5838,242,2026-06-23,계좌이체,배송완료
5839,391,2025-04-14,계좌이체,배송완료
5840,257,2025-01-21,계좌이체,배송완료
5841,61,2025-07-06,계좌이체,배송완료
5842,311,2025-08-13,간편결제,배송완료
5843,417,2025-09-06,간편결제,배송완료
5844,1115,2026-03-29,휴대폰결제,배송완료
5845,279,2026-05-21,무통장입금,배송완료
5846,966,2026-04-03,신용카드,배송완료
5847,360,2025-04-01,휴대폰결제,배송완료
5848,60,2025-07-30,계좌이체,배송완료
5849,85,2025-11-10,신용카드,배송완료
5850,604,2026-05-11,신용카드,배송완료
5851,213,2025-02-13,신용카드,배송완료
5852,268,2025-03-17,신용카드,배송완료
5853,634,2025-04-30,휴대폰결제,배송완료
5854,1081,2025-01-30,신용카드,배송완료
5855,17,2025-09-13,간편결제,배송완료
5856,962,2026-04-01,간편결제,배송완료
5857,52,2026-03-02,간편결제,배송완료
5858,1056,2025-01-21,신용카드,배송완료
5859,1090,2026-02-15,간편결제,배송완료
5860,964,2025-12-14,간편결제,환불
5861,243,2025-11-09,신용카드,배송완료
5862,1185,2025-08-20,신용카드,배송완료
5863,441,2025-07-19,신용카드,배송완료
5864,516,2026-03-22,계좌이체,배송완료
5865,447,2025-05-16,간편결제,취소
5866,590,2025-10-31,휴대폰결제,배송완료
5867,603,2025-12-13,신용카드,취소
5868,1056,2026-03-06,신용카드,배송중
5869,1138,2025-12-03,신용카드,취소
5870,369,2025-11-15,신용카드,배송완료
5871,106,2025-06-25,간편결제,배송완료
5872,125,2025-09-28,계좌이체,배송완료
5873,142,2025-02-24,신용카드,배송완료
5874,607,2025-12-15,간편결제,취소
5875,262,2025-05-18,간편결제,배송완료
5876,661,2025-09-29,신용카드,배송완료
5877,503,2026-06-04,간편결제,배송완료
5878,834,2026-05-16,간편결제,배송중
5879,665,2026-07-24,신용카드,배송중
5880,345,2026-05-18,간편결제,배송완료
5881,391,2025-04-20,무통장입금,배송중
5882,1033,2026-03-23,신용카드,배송완료
5883,117,2026-02-17,간편결제,배송완료
5884,784,2025-09-17,간편결제,배송완료
5885,550,2025-08-25,간편결제,배송완료
5886,704,2025-08-27,휴대폰결제,배송완료
5887,499,2026-05-19,간편결제,배송완료
5888,684,2026-02-01,간편결제,취소
5889,1057,2026-03-14,간편결제,배송완료
5890,723,2025-05-17,신용카드,배송완료
5891,1011,2025-03-04,간편결제,배송완료
5892,547,2025-12-14,간편결제,배송완료
5893,1058,2025-05-21,간편결제,배송완료
5894,1035,2025-02-22,신용카드,배송완료
5895,586,2025-12-09,신용카드,배송완료
5896,605,2026-03-28,신용카드,배송완료
5897,717,2025-11-06,휴대폰결제,배송완료
5898,959,2025-12-01,휴대폰결제,배송완료
5899,1041,2026-04-04,계좌이체,배송완료
5900,477,2026-07-21,신용카드,배송완료
5901,1025,2025-07-11,신용카드,배송중
5902,510,2025-11-23,신용카드,배송중
5903,222,2025-06-21,신용카드,배송완료
5904,1024,2026-05-29,무통장입금,배송완료
5905,405,2025-06-27,신용카드,배송완료
5906,624,2025-04-03,간편결제,취소
5907,1092,2026-07-08,휴대폰결제,배송완료
5908,253,2025-04-13,휴대폰결제,배송완료
5909,488,2025-07-17,계좌이체,배송완료
5910,1059,2025-11-28,신용카드,취소
5911,289,2025-04-25,신용카드,배송완료
5912,439,2025-01-14,간편결제,배송완료
5913,358,2025-12-17,신용카드,배송완료
5914,861,2026-07-07,간편결제,배송완료
5915,438,2025-07-28,계좌이체,배송완료
5916,387,2026-03-10,간편결제,배송완료
5917,1151,2025-03-04,신용카드,배송완료
5918,755,2025-09-29,간편결제,배송완료
5919,1003,2025-06-03,간편결제,배송완료
5920,1107,2026-06-22,신용카드,배송완료
5921,93,2025-08-25,신용카드,취소
5922,1059,2025-09-15,신용카드,배송완료
5923,1008,2025-11-15,계좌이체,배송완료
5924,1022,2026-04-23,간편결제,배송완료
5925,645,2025-12-20,간편결제,배송완료
5926,912,2025-10-24,신용카드,배송완료
5927,413,2025-11-12,신용카드,배송완료
5928,408,2025-04-03,계좌이체,배송완료
5929,298,2025-02-13,간편결제,환불
5930,573,2026-06-24,신용카드,배송완료
5931,308,2025-06-08,계좌이체,배송완료
5932,311,2025-05-06,신용카드,배송완료
5933,635,2025-12-13,간편결제,배송완료
5934,331,2025-07-09,간편결제,배송완료
5935,456,2025-01-09,간편결제,배송완료
5936,189,2025-02-09,간편결제,배송완료
5937,808,2025-08-13,신용카드,배송완료
5938,1166,2025-12-24,신용카드,배송완료
5939,639,2025-12-23,신용카드,배송완료
5940,520,2026-02-28,계좌이체,취소
5941,474,2025-01-02,신용카드,배송완료
5942,67,2025-06-03,무통장입금,배송완료
5943,852,2025-12-12,무통장입금,취소
5944,204,2025-12-03,간편결제,배송완료
5945,316,2025-10-22,신용카드,배송완료
5946,790,2025-01-31,신용카드,배송완료
5947,198,2026-04-28,신용카드,배송완료
5948,591,2025-09-01,간편결제,배송완료
5949,1173,2025-06-02,간편결제,배송완료
5950,440,2025-11-04,신용카드,배송완료
5951,61,2026-02-15,간편결제,배송중
5952,105,2025-06-09,간편결제,배송완료
5953,927,2025-01-02,간편결제,배송완료
5954,1018,2026-04-04,신용카드,배송완료
5955,90,2025-12-07,무통장입금,배송완료
5956,1176,2025-10-31,계좌이체,취소
5957,954,2025-02-28,무통장입금,환불
5958,376,2026-02-05,신용카드,배송완료
5959,813,2025-12-29,간편결제,배송완료
5960,711,2025-07-01,신용카드,배송완료
5961,852,2025-12-13,신용카드,배송완료
5962,772,2025-06-29,신용카드,배송완료
5963,1058,2026-04-27,계좌이체,배송완료
5964,238,2026-06-30,간편결제,배송완료
5965,714,2025-05-05,간편결제,배송완료
5966,157,2026-04-21,계좌이체,환불
5967,779,2025-10-25,신용카드,배송완료
5968,689,2025-08-11,간편결제,배송완료
5969,584,2025-08-10,계좌이체,배송완료
5970,142,2026-03-06,계좌이체,배송완료
5971,123,2026-02-21,무통장입금,배송완료
5972,695,2025-11-24,신용카드,취소
5973,278,2025-09-19,신용카드,배송완료
5974,651,2025-06-10,계좌이체,배송완료
5975,122,2025-06-09,간편결제,배송완료
5976,301,2026-06-20,신용카드,배송완료
5977,309,2025-06-25,무통장입금,배송완료
5978,672,2025-06-19,계좌이체,취소
5979,634,2025-07-22,휴대폰결제,배송완료
5980,901,2026-02-01,간편결제,배송완료
5981,679,2025-05-04,신용카드,배송완료
5982,290,2026-03-19,신용카드,배송완료
5983,763,2025-02-11,신용카드,배송완료
5984,858,2025-07-02,신용카드,배송완료
5985,496,2026-06-22,신용카드,취소
5986,485,2025-10-11,간편결제,배송완료
5987,732,2025-04-10,신용카드,배송완료
5988,754,2025-04-10,신용카드,배송완료
5989,707,2025-11-11,신용카드,배송완료
5990,702,2025-01-21,간편결제,취소
5991,334,2026-04-17,신용카드,배송완료
5992,744,2026-07-05,계좌이체,배송완료
5993,1173,2025-05-15,신용카드,환불
5994,710,2025-03-23,무통장입금,배송완료
5995,736,2026-02-17,간편결제,배송완료
5996,98,2025-02-02,간편결제,배송완료
5997,1014,2025-12-18,신용카드,배송완료
5998,70,2025-01-01,간편결제,배송완료
5999,507,2025-06-23,간편결제,배송완료
6000,385,2025-03-11,계좌이체,배송완료
